TransactionID,isFraud,TransactionDT,TransactionAmt,card1
3000000,0,86654,3.3633074801895986,4643
3000001,0,86888,24.177253333508002,2074
3000002,0,87331,39.08129554760668,9050
3000003,0,87630,277.24877166730903,16523
3000004,0,87679,13.655726299404714,11859
3000005,0,87985,57.43174433332771,4604
3000006,0,88117,35.387812793588665,1602
3000007,1,88196,17.827366500884857,6328
3000008,0,88211,64.19802591410931,10274
3000009,1,88314,143.643229537628,7998
3000010,0,88346,39.035523903976696,4841
3000011,0,88595,101.13011366500903,4722
3000012,0,88626,73.22896241269201,15429
3000013,0,88751,99.0907515611528,4585
3000014,0,88847,7.639253141402058,14289
3000015,0,88966,22.728651900180562,4540
3000016,1,89207,20.380081323194958,13575
3000017,1,89221,73.50292104782969,7411
3000018,0,89556,22.88377657535807,8546
3000019,0,90322,23.584759939868164,4319
3000020,1,90552,133.29538983044304,17419
3000021,0,90560,38.85441368273261,7247
3000022,0,90680,16.851338419356075,7490
3000023,1,90968,30.997435910327276,12979
3000024,0,91007,6.549272011718542,15667
3000025,0,91034,68.75550649987778,12419
3000026,0,91095,71.04534372501733,9879
3000027,0,91384,48.497967909522814,4856
3000028,0,91557,7.025043566069113,3551
3000029,1,91565,135.04794254765545,6977
3000030,0,91593,26.775793337737987,14261
3000031,0,91930,21.871619451691497,4610
3000032,0,92241,81.48405793807099,5100
3000033,0,92423,50.163684171840615,12980
3000034,0,92518,20.17778647770779,5565
3000035,0,93359,40.405147977554094,9509
3000036,0,93597,16.587499143610223,7860
3000037,1,93604,21.597299343859582,13304
3000038,0,94165,17.63461254514262,17694
3000039,0,95375,2.9158968263828555,9438
3000040,0,95425,4.538806639354707,8242
3000041,0,95705,27.921600477377524,15917
3000042,0,95716,49.80295055906205,14286
3000043,1,96014,56.687183285987516,12885
3000044,0,96117,19.713091022186624,4278
3000045,1,96155,90.42983365971929,2773
3000046,0,96164,31.98560165253169,9766
3000047,1,96198,30.339118256983294,15491
3000048,0,96894,5.5542643814297,3165
3000049,0,97044,14.851831390360537,12785
3000050,0,97408,14.111736210206466,10230
3000051,0,98183,162.95441713296478,5552
3000052,0,98419,26.22983736141491,9495
3000053,0,98618,49.09730499562319,6241
3000054,1,98696,16.91231439303357,5998
3000055,1,98754,13.902503352342974,6582
3000056,0,98903,164.63004537722327,17025
3000057,0,99116,3.419851155231738,4312
3000058,0,99778,2.6744775131351597,11126
3000059,0,100177,12.299782113233668,6920
3000060,0,100221,6.219070170940011,9854
3000061,0,100236,100.45078290843831,6374
3000062,0,100281,13.188332356758774,4891
3000063,0,100492,87.81621078681293,3300
3000064,1,100658,10.878188290597006,5837
3000065,0,101312,89.96722548064837,17063
3000066,0,101607,15.066131112572839,3048
3000067,1,101841,221.430442380606,2531
3000068,0,102037,74.37513231956464,7230
3000069,1,102288,10.604532638858446,10512
3000070,0,102399,117.59265433637029,17129
3000071,0,102591,4.978630553182927,2632
3000072,1,103068,112.491482968256,1791
3000073,1,103085,12.64900225017785,1770
3000074,0,103499,18.816793997357273,17281
3000075,0,103505,51.89946863643472,12841
3000076,1,103608,21.464357304596497,3346
3000077,1,103761,14.27697699484544,8523
3000078,1,103863,80.08128805204761,13117
3000079,0,104010,59.05171735408117,10486
3000080,0,104116,42.1979342919612,3364
3000081,0,104411,5.373470857661668,17759
3000082,0,104689,36.57466209169386,2544
3000083,1,104954,66.23632368621763,13023
3000084,0,105035,107.2038267035976,14030
3000085,0,105229,20.633131897981244,1979
3000086,1,105255,10.394513570844037,3513
3000087,1,105689,191.26273979015417,6672
3000088,0,105754,12.829424674000709,1601
3000089,1,105954,126.35875682175322,8338
3000090,1,106087,33.9189558276552,1806
3000091,0,107245,44.96540268697225,7971
3000092,0,107735,70.34429298543886,9217
3000093,0,107765,97.42359786283644,3741
3000094,0,108171,108.77161233380706,5143
3000095,0,108580,1.0643096845064626,12701
3000096,1,108595,125.41655804022851,14763
3000097,0,108615,65.6968929686176,2087
3000098,0,108741,7.418516267964797,15027
3000099,0,108805,1.3411285322848538,5388
3000100,0,108882,6.634594390440017,8690
3000101,0,109144,44.8764784136027,5345
3000102,0,109146,7.63488979544512,9422
3000103,1,109161,153.17780810828336,8821
3000104,1,109162,33.43928243441385,12837
3000105,0,109291,11.224937614782291,15089
3000106,1,109431,15.436799869591617,14695
3000107,0,109787,19.60641667833017,10776
3000108,0,109884,93.3501897259662,2609
3000109,0,110020,40.16568563822475,5400
3000110,1,110481,2.292370608789081,2976
3000111,0,110682,95.92960458961657,2249
3000112,0,111192,16.030238748375584,8675
3000113,1,111467,101.2491198423801,3176
3000114,0,111474,59.32772789565994,16011
3000115,0,111992,17.55239365083781,12710
3000116,0,112024,257.8344491236506,13765
3000117,0,112122,130.25650239590968,10062
3000118,1,112275,61.12089650273808,13417
3000119,0,112283,56.85865463305807,2548
3000120,0,112349,101.10950314021278,2172
3000121,1,112397,73.59112014860642,16702
3000122,0,112655,0.6967070138239188,10801
3000123,0,112920,92.1723256404239,9831
3000124,0,113256,65.53672199976056,8633
3000125,0,113648,33.01937767565571,14529
3000126,0,113683,2.0601542871767946,8638
3000127,0,113688,32.97680601629883,11905
3000128,0,113977,17.198372003935116,13051
3000129,0,114052,86.66378446433075,7622
3000130,1,114107,150.51159907284287,16269
3000131,0,114234,10.682374579717942,3266
3000132,0,114434,1.100388407535496,11891
3000133,0,114523,9.11158463190404,16595
3000134,0,114770,0.8136109239200745,12820
3000135,0,114935,12.539225140150897,10437
3000136,0,115085,16.972826289644548,13321
3000137,0,115206,0.9768989083535176,14041
3000138,0,115881,28.51045334988949,11590
3000139,0,115893,13.972428283070728,8369
3000140,1,116144,62.875580074445814,13162
3000141,1,116276,12.40125907330122,2228
3000142,0,116517,116.28288993574816,6240
3000143,0,116806,41.22633982554844,14100
3000144,1,117215,17.907252524253607,13232
3000145,1,117297,13.260951400185899,1513
3000146,0,117528,145.16360751031965,12129
3000147,1,117706,233.36016133455627,9398
3000148,1,118646,35.834277571253445,6465
3000149,0,118994,6.4464911686194215,15443
3000150,1,119240,13.357581134564336,10607
3000151,0,119729,25.68850404774747,10451
3000152,0,120035,5.701255317382922,9329
3000153,0,120088,25.580943091363462,2440
3000154,0,120107,34.60301053836568,7517
3000155,0,120292,25.765314238066832,17980
3000156,1,120344,10.682495156730832,15571
3000157,0,120424,32.48461413085651,6976
3000158,0,120816,42.92538596891545,7204
3000159,1,121558,39.62386537114648,3632
3000160,0,121941,130.55697340391737,17783
3000161,1,122012,3.434376414292057,4454
3000162,1,122111,13.740146684814109,13408
3000163,0,122516,24.18658596074733,9643
3000164,1,122541,82.96144625619851,14387
3000165,1,122696,5.7993720092567465,14567
3000166,0,123112,3.8283390063037026,14979
3000167,1,123484,84.7009183757482,4726
3000168,0,123579,27.215588458312972,3441
3000169,0,124214,144.26855813292778,3128
3000170,0,124589,25.958041981785417,3992
3000171,0,124662,4.782298903021408,13548
3000172,1,124664,1.5946017481267158,14928
3000173,1,124779,109.90716881581758,17015
3000174,1,125064,60.70544705001936,15032
3000175,0,125517,51.61220909803339,14085
3000176,0,125770,15.129288627400825,1051
3000177,0,126112,2.629702082572153,11500
3000178,1,126159,189.04694112088592,4981
3000179,0,126254,36.84135056165396,5488
3000180,1,126652,5.338730431399535,9587
3000181,0,126739,14.130442036864693,3265
3000182,0,127162,22.549001355650386,4507
3000183,1,127306,23.733984313161212,1537
3000184,1,127490,75.82885643989393,3279
3000185,0,127675,6.918095075539524,6332
3000186,0,127689,307.4970456633127,13374
3000187,0,127712,23.38090664218803,6171
3000188,0,128212,12.820866325535226,1463
3000189,1,128238,34.999425021137085,12193
3000190,0,128826,14.711720397156816,4015
3000191,0,128839,166.63311222236922,8816
3000192,0,129607,9.254854205711068,15009
3000193,0,129753,21.419591213454638,11175
3000194,0,129765,7.053646668235307,17965
3000195,0,129817,27.427892093463225,3012
3000196,0,129819,4.300961546660972,13287
3000197,0,130932,32.12399611110616,3505
3000198,0,131575,24.7012359774757,16533
3000199,1,131633,64.3106515142358,12442
3000200,1,131865,66.17627766336226,5028
3000201,1,131884,219.04948710355998,3365
3000202,1,131886,3.4648260145975933,14714
3000203,1,131986,116.25023811911561,17079
3000204,0,132305,11.143364704266052,14363
3000205,0,132921,46.00231682849744,12379
3000206,0,133764,118.93304710909011,7318
3000207,0,133898,57.066161120864415,8189
3000208,0,133899,54.359093492512855,2095
3000209,0,134499,17.357737076412214,4296
3000210,0,134871,73.02279778309156,16665
3000211,1,135107,88.0424105173726,17908
3000212,0,135123,17.963618168612086,6654
3000213,0,135170,8.53557976354883,15697
3000214,0,135256,10.262212330439446,13410
3000215,1,135324,89.78120563709747,3514
3000216,0,135379,81.89570306579293,9102
3000217,0,135515,38.75635425358628,14226
3000218,0,135572,102.54904134756273,11698
3000219,1,135726,58.57468852705917,13464
3000220,0,136139,1.5348994382230996,12265
3000221,0,136410,131.53026873682725,1508
3000222,1,136853,47.295137695179,7966
3000223,1,137247,27.354138186479567,17185
3000224,0,137396,13.926465141550256,16597
3000225,1,137456,51.674172193533444,14902
3000226,0,137845,12.99527111274921,8136
3000227,0,137937,81.05726868221275,1656
3000228,0,138085,34.28126466537192,7938
3000229,0,138160,37.96489836439913,15286
3000230,0,138197,161.04676213696908,6080
3000231,0,138242,21.371276912509718,12861
3000232,0,138644,147.0331732291048,14238
3000233,1,138872,144.13338768198776,4709
3000234,0,138873,21.40586196679375,12592
3000235,0,139082,35.8799324476664,10300
3000236,0,139299,18.760726887489245,15256
3000237,0,139458,54.73238190826244,14465
3000238,1,139880,66.63428068785386,3856
3000239,0,140036,38.90065977728611,4122
3000240,0,140175,18.833226592221898,3560
3000241,0,140228,69.59658523602506,10093
3000242,0,140624,43.34511203397194,15519
3000243,0,140702,12.08433013685834,17993
3000244,0,140911,27.004370243982923,7196
3000245,1,141480,84.8776255766001,8805
3000246,1,141621,98.2300743473681,4061
3000247,0,141726,20.402220505720003,2960
3000248,0,142012,1.8857124188536947,5886
3000249,1,142111,129.75408679583842,1175
3000250,0,142221,117.92221142194796,8294
3000251,1,142353,13.61199189131976,17744
3000252,0,142513,88.48192034966269,2572
3000253,1,142641,21.59042999397356,11679
3000254,0,142866,185.10562505873608,17918
3000255,0,143029,65.75221843832655,13956
3000256,0,143374,120.6340333025668,7458
3000257,1,143461,160.75364481189786,16641
3000258,0,143462,88.57280163393109,16357
3000259,1,143492,72.40772868809773,9455
3000260,1,144373,79.3199277608272,7157
3000261,0,144448,253.27234904285666,2487
3000262,0,144671,76.4359379512073,16157
3000263,0,144705,4.374434773133295,14739
3000264,1,144764,49.42065687924978,1368
3000265,0,144933,10.770268850182928,5314
3000266,0,144998,26.983630823161608,15918
3000267,0,145250,0.9672758766775572,2602
3000268,0,145576,47.601150032413216,4281
3000269,0,145897,0.17118864166422848,9121
3000270,1,145927,57.8767415807165,11082
3000271,1,146230,11.227599835337324,14551
3000272,0,146357,77.6991764671877,5274
3000273,0,146599,109.24433662397676,13763
3000274,0,146711,76.28258481909735,13071
3000275,0,147368,11.820780985467444,3786
3000276,0,147503,0.2467957457340393,14468
3000277,0,147822,13.822707779937943,11201
3000278,0,147893,4.05025700839803,3181
3000279,0,148133,62.299302499470144,1472
3000280,0,148237,38.58481869014344,3843
3000281,0,148324,18.93215642378919,9267
3000282,0,148662,39.6378958355226,8606
3000283,0,149148,8.248760996777465,7907
3000284,0,149307,114.98846081037422,16001
3000285,1,149495,123.41995183601323,10801
3000286,1,150030,132.1121817318841,6850
3000287,0,150112,195.0501660843964,5784
3000288,0,150181,72.41833601758654,4927
3000289,0,150450,24.131140820703973,12548
3000290,0,150562,61.14992137820116,4065
3000291,0,151349,6.980454037435105,13482
3000292,0,151440,48.38831563984297,5934
3000293,1,151501,7.527066782788983,16421
3000294,1,151856,7.9963807610266295,14541
3000295,0,152242,28.565237426926743,15939
3000296,1,152327,58.63247569973223,9658
3000297,0,152782,5.248600951899482,1894
3000298,0,153066,55.64026402777571,12741
3000299,0,153256,7.924181781491707,12572
3000300,0,153378,126.04359432652818,4924
3000301,1,153673,72.89525451202962,12605
3000302,0,154127,94.78755421738454,5897
3000303,0,154234,55.03297096147332,6203
3000304,0,154563,33.905304017223976,4336
3000305,0,154689,125.05634786301405,13475
3000306,1,155525,155.3654631817888,8897
3000307,0,155735,35.26876376611297,14280
3000308,1,155973,60.61032060765494,3474
3000309,1,156606,122.63745904305361,10564
3000310,1,156640,75.03605723137933,9267
3000311,1,156945,74.31006933456072,16803
3000312,0,157447,27.292588684342274,12630
3000313,0,157510,8.39759780823662,17303
3000314,0,157574,17.576262025892824,2617
3000315,0,157610,52.868746851238846,13783
3000316,1,157808,40.146318474928286,12273
3000317,1,157867,2.87686531913009,8718
3000318,1,157963,23.759935592837262,8821
3000319,0,158153,11.882560048881562,11014
3000320,1,158588,140.6215619064704,13313
3000321,1,158774,19.87981297693959,16557
3000322,1,158789,29.92283540596667,11133
3000323,1,158840,30.055553626262625,16704
3000324,1,159615,78.31627671714178,2948
3000325,0,159814,10.964598777455757,13776
3000326,0,159913,15.746803718913851,14190
3000327,1,160190,57.395838319114546,6210
3000328,1,160387,39.39065537344329,5136
3000329,0,160522,7.972586574332556,8724
3000330,1,160627,70.91865489339794,8660
3000331,1,161253,24.770846383987376,14457
3000332,0,161285,86.10906420157649,13573
3000333,1,161813,320.87366403777503,14136
3000334,0,162145,9.761263877685288,9470
3000335,1,162154,6.501536983999355,10258
3000336,0,162332,36.07952743056897,15572
3000337,0,162501,30.255412848985102,4780
3000338,0,162619,52.75863605773261,2059
3000339,0,162885,78.62936116343629,14293
3000340,1,162954,9.930867681293197,15771
3000341,0,163009,2.6112865774625527,1043
3000342,1,163247,24.311115759206015,6744
3000343,0,163445,40.14103041716231,1413
3000344,0,163666,24.545162259516058,15113
3000345,0,163860,12.891625358015851,12354
3000346,0,163912,4.835185408529176,11599
3000347,1,163967,7.324769975562946,2937
3000348,0,164803,18.4135422874623,14558
3000349,1,164811,102.27484433720429,3208
3000350,0,165020,21.638511008367527,6136
3000351,0,165061,64.85649736617468,6040
3000352,0,165262,66.83306711879628,3863
3000353,0,165338,211.03576187351382,10171
3000354,0,165422,47.216295201775786,8975
3000355,0,165446,71.87903763348257,10884
3000356,0,165686,15.606674035387805,15427
3000357,0,165753,14.280297455738058,4781
3000358,1,166220,28.061451937891896,13062
3000359,1,166689,15.579422089822097,7563
3000360,1,166697,36.33234984416377,5888
3000361,0,166832,2.7961842610477063,9208
3000362,0,166918,15.538264537486542,16017
3000363,0,167807,6.998606357339693,8793
3000364,0,168041,5.724790236124067,6594
3000365,0,168246,71.19730508389416,5642
3000366,0,168797,22.114476462918308,15035
3000367,0,169394,17.804319840552935,1658
3000368,1,169496,9.520200125403898,10536
3000369,0,170397,6.291757211583889,13204
3000370,0,171009,5.048550849653458,6396
3000371,1,171009,257.24840055990336,16891
3000372,1,171551,38.682115930659734,13792
3000373,0,171686,13.2300621983404,8634
3000374,0,171821,20.930232652077077,17652
3000375,0,172013,36.11226674180186,6849
3000376,1,172353,54.68881959365531,16662
3000377,1,172553,90.54923545900351,13960
3000378,0,172579,142.70263734744748,16100
3000379,0,172755,10.868014364337553,12026
3000380,0,172923,23.14601333473014,1600
3000381,0,173565,61.60756495818839,7021
3000382,0,174285,26.794002700903413,8651
3000383,0,174430,4.281968977843626,4516
3000384,1,174598,23.034011661679106,17393
3000385,1,174926,16.21411552456794,12533
3000386,0,175496,29.831876768494336,12772
3000387,0,175513,1.3837922968287324,6555
3000388,1,176106,28.220776004038495,12584
3000389,0,176230,82.82424678792714,16047
3000390,1,176291,95.69926654742919,9839
3000391,0,176326,36.47838606185918,15391
3000392,1,176749,7.456057513411929,15973
3000393,1,177100,23.202516828787534,1019
3000394,0,177414,29.607439456924467,2388
3000395,0,177611,22.37971381949855,12213
3000396,0,178230,45.822881798138766,11458
3000397,0,178561,51.139661772171465,2931
3000398,1,178571,29.257745391621764,15204
3000399,0,178708,6.513303108111411,2764
3000400,0,179023,15.149338219496943,9528
3000401,0,179197,118.94793986992278,12891
3000402,0,179758,11.217988054791446,10371
3000403,0,180188,11.274382553231982,16156
3000404,0,180632,75.06341014345915,3512
3000405,0,180803,24.509445005344254,8514
3000406,0,181363,67.86076896557121,13469
3000407,0,181514,62.68943337353814,9213
3000408,1,181731,35.4369987316766,14372
3000409,0,181749,49.56173291624222,14519
3000410,0,181870,37.54346099944764,15533
3000411,0,182055,58.14350172842621,10780
3000412,1,182287,68.11232588188491,1403
3000413,0,182537,43.87277379385975,17428
3000414,0,182609,224.39439483781007,8267
3000415,0,182618,49.231930825476574,8258
3000416,0,182721,37.85697630500183,16203
3000417,1,182758,22.488307547164048,1814
3000418,0,183075,66.20826788735283,2853
3000419,1,183185,10.05955089231436,4088
3000420,0,183280,93.9244893676676,10999
3000421,0,183398,10.591750064787329,3418
3000422,0,183578,31.950524729809636,17231
3000423,0,184007,61.97130553734678,9299
3000424,0,184412,30.53900931018753,5799
3000425,0,184544,108.09563367143487,9134
3000426,0,184715,11.068994510066652,7908
3000427,0,184838,48.58306394847247,15444
3000428,0,184881,16.165496642109538,15404
3000429,1,185189,212.06687196103493,14489
3000430,0,185446,35.69030973288613,15100
3000431,0,185551,101.23511925040522,8573
3000432,0,185740,4.638711799734507,7563
3000433,0,186076,47.20019350387061,13382
3000434,0,186657,8.882119144363752,7417
3000435,0,187020,239.44562327634796,1347
3000436,0,187097,12.931009389889937,2648
3000437,0,187552,33.27050302634609,6571
3000438,1,187896,64.7703534645893,14489
3000439,0,188569,58.87864378303554,11500
3000440,0,188576,81.00434451182119,12204
3000441,0,188687,27.741658990260028,10114
3000442,0,189148,88.75717347027742,13550
3000443,0,189175,11.928837615034741,8002
3000444,0,189401,53.21633855577511,7191
3000445,0,189405,23.449072638194266,7763
3000446,0,189840,56.6416282042966,9771
3000447,1,190005,3.0811931963248296,6024
3000448,0,190182,18.821517183334123,5367
3000449,0,190980,36.608773193464636,10858
3000450,0,190980,26.646068058838907,13205
3000451,1,190984,183.7663379414839,8225
3000452,0,191220,31.30486754727696,1268
3000453,0,191434,9.258974521832444,17913
3000454,0,191857,64.61589145199855,3208
3000455,0,192094,123.28435171124494,10640
3000456,1,192329,88.07699718838693,9592
3000457,0,193287,4.426551312611563,9753
3000458,0,193463,73.74748017330629,16541
3000459,0,193473,2.3871319017518347,17666
3000460,0,193749,0.610816575690314,1726
3000461,0,193859,18.530186295998945,10869
3000462,0,194069,37.217435715523365,17051
3000463,1,194300,100.18950754907554,2172
3000464,0,194685,30.037184051254112,7923
3000465,0,195176,9.73378130968853,9627
3000466,0,195467,0.7616479740148577,5505
3000467,0,195670,17.26128672735149,6676
3000468,1,196202,155.60327356254714,15717
3000469,0,196306,17.039206086377643,1937
3000470,1,196420,84.63301156854733,11911
3000471,0,196472,21.133945868318673,4074
3000472,0,196612,38.265752848158144,6434
3000473,0,196771,70.77691564108684,9823
3000474,0,196883,66.86232881883586,16137
3000475,0,196970,122.5439429501322,12923
3000476,0,197412,5.9795752295666205,6746
3000477,1,197487,40.72504192416475,15601
3000478,0,197630,10.359802851647387,9750
3000479,0,197641,12.699974681940859,9108
3000480,0,198008,27.667738268015363,16127
3000481,1,198941,39.89547139515153,7073
3000482,0,199025,13.380215452405048,2152
3000483,1,199035,20.150146664673315,8039
3000484,0,199089,5.970733762722756,15059
3000485,0,199548,39.79735076071642,15279
3000486,1,199609,204.36644462580213,11294
3000487,0,199815,11.876480912977987,5787
3000488,0,199968,9.352683877659357,14230
3000489,0,200081,17.848751101189052,14014
3000490,1,200725,116.97879224055478,3254
3000491,0,200883,2.5088189268818852,8358
3000492,0,200963,11.911341150040803,15839
3000493,1,201156,84.60187443762388,5010
3000494,1,201218,54.23162897662527,2463
3000495,1,201504,32.67643738364387,4687
3000496,0,201613,27.143341515502428,5232
3000497,1,201980,47.87289990084557,13017
3000498,0,202024,1.1214628753660603,9685
3000499,1,202639,199.00795277192597,8705
3000500,0,202709,212.57540229630933,3829
3000501,1,203087,11.610464218977242,1575
3000502,0,203140,96.34487431976733,4946
3000503,0,203190,34.02204203273405,10311
3000504,1,203252,6.766165919004289,3370
3000505,0,203255,42.13893836901489,15729
3000506,0,203383,55.341054289833636,10545
3000507,0,203547,16.577995793198127,15930
3000508,1,203549,88.93697198472431,14732
3000509,0,203726,0.24373783824890843,9438
3000510,0,204503,24.82136675988723,5686
3000511,0,204649,74.93047127511723,17193
3000512,0,204940,74.16806746197376,12212
3000513,0,205122,23.313958137813845,5816
3000514,0,205233,23.11320081143832,2327
3000515,0,205481,43.21784553034102,13680
3000516,0,205667,39.91687247708276,6536
3000517,0,206088,57.16868165885231,16439
3000518,0,206457,91.78076980872338,12515
3000519,0,206576,187.9948462214034,9833
3000520,0,206695,85.20097152131059,9167
3000521,0,206801,10.957252227559328,16399
3000522,0,207123,34.447248081553745,10445
3000523,0,207195,28.04285977322887,13480
3000524,0,208011,22.221904444887397,4576
3000525,1,208040,14.864634903737887,17466
3000526,0,208306,37.49225882978253,8489
3000527,1,208409,47.447060633060126,16168
3000528,0,208646,64.96030702917488,5533
3000529,0,208665,20.37649828381431,10992
3000530,0,208841,20.3879014138674,17066
3000531,0,208904,24.919595427820518,3417
3000532,0,208910,38.387691063951515,5516
3000533,0,209429,19.02175652298918,9160
3000534,1,209534,53.86363728166478,15203
3000535,0,209816,25.852843942270397,12411
3000536,1,209859,25.721186442506383,2248
3000537,0,210091,70.37929476648883,15773
3000538,0,210134,95.47810228970934,15196
3000539,0,210396,5.180458500640436,10730
3000540,0,210736,1.3264722685461952,1744
3000541,0,210898,14.86758276537897,2836
3000542,1,210917,90.14820956451776,14384
3000543,0,211001,38.71746054341312,6606
3000544,0,211095,32.053194008738444,13156
3000545,0,211198,136.9260731826434,1980
3000546,1,211265,92.34334593446088,5081
3000547,1,211534,135.46411896395173,13375
3000548,0,211626,93.84837175042283,16137
3000549,0,211941,17.81109391258619,16546
3000550,0,212109,27.370124189976213,10768
3000551,1,212416,60.26911242846258,1376
3000552,0,213103,21.68724217737145,16034
3000553,0,213263,63.7447487050097,11405
3000554,0,213346,3.7671745527240694,12707
3000555,0,213448,6.875826213291241,14015
3000556,1,213536,12.734231699118526,12063
3000557,1,213980,45.005500034985396,10542
3000558,0,214174,2.738119529808781,5117
3000559,0,214630,0.2282945432632434,9651
3000560,1,214678,116.83268376011347,15185
3000561,0,214681,55.4239955261934,17087
3000562,1,215938,103.7096594320315,11703
3000563,0,216090,44.616979389974716,4432
3000564,0,216463,16.248288036179446,8698
3000565,0,216465,46.4645283865262,3676
3000566,0,216668,9.188127350259418,2319
3000567,0,217047,179.24546933031962,4169
3000568,0,217104,3.619153219420921,12938
3000569,1,217111,19.353022375833127,2617
3000570,0,217290,31.303886176096412,1876
3000571,0,217322,80.25298986601152,16126
3000572,0,217646,53.736728624742355,1716
3000573,1,217858,103.47895996514691,14394
3000574,0,218560,4.012869529941361,3709
3000575,0,218749,81.05543383889336,6700
3000576,0,218879,139.34544689437854,11172
3000577,0,219085,114.47569100057878,5663
3000578,0,219424,21.42760527652596,16093
3000579,1,219482,7.355967468278281,13409
3000580,1,220181,18.67358286579748,6205
3000581,1,220562,81.64227231474598,6192
3000582,1,220598,129.14130864473165,4015
3000583,0,220947,114.58694727879457,13458
3000584,0,221031,129.03088870552776,5846
3000585,1,221507,248.2310619310204,2227
3000586,1,221571,75.55845814190108,1408
3000587,0,221977,53.71665965789255,16489
3000588,0,222163,73.44148035225314,9227
3000589,0,223180,10.82665985802793,2811
3000590,1,223288,7.3483749040961115,2666
3000591,1,223611,125.95604298591509,6340
3000592,0,224269,9.551588641032076,5011
3000593,1,224682,26.4785469886543,17092
3000594,0,224803,138.74456415344807,3474
3000595,0,224951,21.34470317940189,16724
3000596,0,225095,0.647013864203097,8611
3000597,0,225323,2.9820236815046965,4650
3000598,1,225412,119.62100579183131,13741
3000599,0,225443,211.1114084854364,13110
3000600,1,225601,26.634648140225988,4275
3000601,1,225735,6.7259001824475515,6997
3000602,0,225928,8.591436760903463,1908
3000603,0,226036,33.22433816742458,13650
3000604,1,226468,29.52312633392134,1389
3000605,0,226792,48.406355774374,10916
3000606,0,226859,11.815252822201758,9379
3000607,0,226878,36.72988844850158,13576
3000608,0,227312,41.575427590706674,16156
3000609,0,227462,29.999108280166958,11157
3000610,1,227591,18.849264717991293,9531
3000611,0,227961,31.193760785275614,2285
3000612,1,228172,46.15920233065786,15671
3000613,0,228427,86.41887160655327,16770
3000614,0,228553,69.1849862398899,3455
3000615,0,228981,12.217368651519507,4215
3000616,1,229110,139.35305783865218,14916
3000617,1,229265,10.097691076146795,2648
3000618,1,229434,118.68008211397606,10447
3000619,1,229777,76.92200566862188,15047
3000620,0,229868,105.81553662166445,8297
3000621,1,230002,35.74148454626205,1124
3000622,0,230275,10.69807077667529,3770
3000623,0,231159,75.80314772972831,2439
3000624,0,231363,56.90211394945813,16655
3000625,0,231961,9.631045796505818,13036
3000626,0,232031,95.6976654597919,13687
3000627,1,232086,29.863070991227552,11129
3000628,0,232421,86.41244927816861,13449
3000629,0,232516,5.611554359220971,12091
3000630,0,232555,65.19150349119597,3365
3000631,1,232683,34.54492147899914,16114
3000632,0,232963,76.87835664168175,2671
3000633,0,232989,36.716472842175776,5557
3000634,0,233068,65.46162310758037,4247
3000635,0,233324,102.08307821571137,3061
3000636,1,233353,89.43814713295882,3972
3000637,0,233570,294.69550882777173,15775
3000638,0,233851,52.20760274276613,1309
3000639,0,234135,22.591999246859697,6951
3000640,1,234331,152.61253734721183,8391
3000641,0,234332,116.38679501937068,17656
3000642,1,234390,41.39448567968482,17934
3000643,0,234423,53.751260950670854,17144
3000644,1,234448,27.13885857308905,10977
3000645,1,234963,24.7563740117536,1173
3000646,0,235477,40.065164212855194,11317
3000647,0,235608,1.4580502326658837,17711
3000648,0,236691,56.068373091379954,1903
3000649,1,236793,74.87737741912825,16261
3000650,0,237442,120.9684948316045,1656
3000651,0,237457,24.869737348476882,14662
3000652,0,237486,25.76339458550832,7867
3000653,0,237570,28.417365805993033,2167
3000654,1,237659,41.6778623679487,5733
3000655,1,238590,63.15696133586079,11670
3000656,0,238908,26.27942011550121,15324
3000657,0,239299,15.72782237673606,16732
3000658,1,239686,83.0099738738207,15159
3000659,1,240274,93.9125858478665,9206
3000660,0,240410,27.15031583664353,1529
3000661,1,240653,43.6714953029335,5269
3000662,0,241077,32.58377001326063,3482
3000663,0,241149,11.703374906140235,9121
3000664,1,241226,33.01145256163784,2999
3000665,1,241444,17.148571876709898,10421
3000666,0,241635,48.74247990562188,12916
3000667,0,241756,14.914919521255696,3704
3000668,0,241946,14.435219265410716,15761
3000669,0,241999,37.013969323569704,15734
3000670,1,242284,19.27631272169858,10995
3000671,0,242400,3.767158997633196,1749
3000672,0,242791,11.508833223009228,6352
3000673,1,243593,14.206157505883137,3820
3000674,0,243605,46.729382654469894,9168
3000675,0,243618,87.55798467570071,10340
3000676,1,244163,178.22613211353345,11518
3000677,0,244529,138.3857171147829,9832
3000678,1,244784,38.35508085241793,2052
3000679,0,245353,26.877924116351164,10234
3000680,0,245492,36.07665549881918,3376
3000681,0,245666,84.65401419441353,17357
3000682,0,245803,1.4884623347092385,15926
3000683,0,245916,109.85322510123213,1706
3000684,0,245926,40.39455276614284,2236
3000685,0,246036,185.10144381865365,14524
3000686,0,246080,45.10828306126345,9898
3000687,1,246287,71.4147158617302,13004
3000688,1,246493,2.876316952997791,5492
3000689,1,247117,30.50256920131987,8949
3000690,1,247379,39.31681749167548,14527
3000691,0,247898,24.282771367637473,6147
3000692,0,248053,124.91708542170088,14788
3000693,0,248428,116.39198076159173,5986
3000694,0,249571,93.7608209111524,1971
3000695,0,249574,54.15079436350091,11878
3000696,0,249750,12.220543201472061,12537
3000697,0,250422,28.66174790839557,9032
3000698,1,250724,46.881049706739674,1868
3000699,0,251054,37.71169972252776,2980
3000700,0,251380,9.903200854364105,16847
3000701,1,251547,106.54594313954351,8524
3000702,0,251567,105.22877996731621,14750
3000703,0,251623,4.874335058047386,9047
3000704,0,252113,63.90284296616412,7338
3000705,1,252290,186.87809686292144,4566
3000706,1,252310,122.40949072713019,10250
3000707,0,252406,125.57218271399064,14483
3000708,0,252441,58.71387725878697,3564
3000709,1,252540,11.03382055960107,1869
3000710,0,252827,35.724998388605314,13908
3000711,0,252868,13.168269331553493,10946
3000712,1,252886,122.57167112204293,5965
3000713,0,253046,11.370999262054088,4072
3000714,0,253133,63.590949246012805,14481
3000715,0,253522,46.399008553769114,1304
3000716,1,253538,231.0398508770824,16584
3000717,0,253549,79.0697986601933,16728
3000718,0,253733,75.6241276789582,6084
3000719,0,254228,45.05707272556207,6749
3000720,0,254304,7.4150092216816486,12559
3000721,0,255442,26.898896448690262,15962
3000722,0,256329,6.610477407402962,7321
3000723,0,256581,43.40906828780249,1310
3000724,0,256817,5.653178982089573,2366
3000725,0,256926,8.671934357585512,8112
3000726,1,257004,6.0410396722953505,17221
3000727,0,257181,4.645688095532472,16193
3000728,0,257290,48.65284545432063,15521
3000729,0,257362,68.31770890750674,11100
3000730,0,257367,35.06255424831015,16328
3000731,0,257391,80.54154136704815,17003
3000732,0,258212,9.004168160243607,8935
3000733,0,258252,47.9218068484638,10614
3000734,1,258781,6.087229594337044,13889
3000735,0,259109,17.532949988813012,1043
3000736,0,259841,28.73935030661867,1644
3000737,0,259904,74.40844352064259,14104
3000738,0,259908,3.808763883633394,1976
3000739,0,260174,74.01113842125446,10280
3000740,0,260562,16.852785501062634,11978
3000741,0,261088,67.54091225164052,14375
3000742,0,261176,26.010067063352555,11950
3000743,0,261252,9.971663082908394,14545
3000744,1,261254,55.94264899781821,12059
3000745,1,261350,42.5789763540874,17286
3000746,0,261713,25.477181394826896,6316
3000747,0,261811,56.87443374852017,4407
3000748,1,261887,4.5162008606069435,4219
3000749,0,261929,10.231327788354719,10515
3000750,1,262762,37.64115971536946,3674
3000751,1,262795,52.783173005120844,17789
3000752,0,263612,46.88513678608844,13511
3000753,1,263844,37.88630060448229,17754
3000754,1,264114,74.9318767492896,16245
3000755,1,264121,77.81697454321022,9426
3000756,0,264177,1.7189524591961916,9180
3000757,0,264322,15.454513913138063,11241
3000758,0,264498,121.45292802446093,5054
3000759,1,265354,124.0557939885822,17732
3000760,0,267031,17.123718795071984,12980
3000761,0,267621,58.444441149345664,11175
3000762,0,267716,21.8337426221142,11773
3000763,0,267765,40.76921948551559,15071
3000764,0,268053,52.93043120114036,12344
3000765,0,268265,75.0789062727565,5896
3000766,0,268574,19.74776542982333,12777
3000767,0,268762,1.8495937497114083,11856
3000768,0,269806,105.00972951088556,1626
3000769,0,270174,16.99136675481389,17678
3000770,0,270555,52.17174406274414,7229
3000771,0,270600,19.149233028391293,2847
3000772,0,270994,57.82294840234802,5518
3000773,1,271084,12.741680923844733,5917
3000774,0,271119,47.75767575159365,17616
3000775,1,271455,11.639264048042556,8398
3000776,1,271850,77.58415093500474,14851
3000777,0,272261,34.6807013632116,12209
3000778,1,272622,24.88559921794991,14702
3000779,0,273354,70.98327519801457,6320
3000780,1,273962,56.647100820218164,7595
3000781,0,274315,19.115166952607716,12389
3000782,0,274372,14.816888965032787,13253
3000783,0,274477,59.12555944181389,13620
3000784,0,274574,99.78918169053662,13145
3000785,0,274647,23.518853127045112,1759
3000786,1,274794,31.071309430348286,8045
3000787,0,274982,9.770043183852197,6210
3000788,0,274990,27.53420197353388,12513
3000789,0,275104,26.885214233126547,9224
3000790,1,275154,34.574178580643476,9452
3000791,0,275804,213.1433482327426,7424
3000792,0,276102,25.943874189012668,8349
3000793,1,276169,179.4387946110544,9098
3000794,0,277326,6.831800962571872,13346
3000795,1,277507,13.371415227197044,2220
3000796,0,277607,39.904992848709014,7171
3000797,1,277625,38.539694468645585,11164
3000798,0,277766,68.38090806410332,13060
3000799,0,277922,70.82596141920405,1345
3000800,0,277998,3.0983519814124585,8816
3000801,1,278073,82.13331451546647,17031
3000802,0,278085,19.906141375066053,15131
3000803,0,278124,62.99091328729784,3992
3000804,0,278246,60.42034056105541,4228
3000805,0,278429,13.123620806299643,14867
3000806,0,278859,40.5819937393712,8301
3000807,1,278960,31.642849336726286,16455
3000808,0,279028,12.339812749260423,12341
3000809,1,279071,97.86930598342781,10664
3000810,1,279181,105.1496586626673,7600
3000811,0,279381,37.044926979701145,8118
3000812,0,280022,18.81740172335354,3902
3000813,1,280454,25.82665963944766,12145
3000814,0,280527,4.118941808121669,7218
3000815,1,281142,121.78926597034108,14636
3000816,0,281836,23.466084275993346,7938
3000817,1,281875,8.782364256144945,14724
3000818,0,282528,82.10636046328794,10467
3000819,0,282799,13.016098717036845,10303
3000820,0,282969,51.75005517254987,6195
3000821,0,283000,5.220171889156497,9214
3000822,0,283096,5.582035111311728,3933
3000823,0,283305,30.51831453388443,9456
3000824,0,283473,16.226294444623328,8621
3000825,1,283638,2.704314721524985,15574
3000826,1,283686,10.795069136036044,11759
3000827,0,284044,61.368092726808264,17099
3000828,0,284054,40.5133763657325,3373
3000829,0,284166,6.362245477154342,1015
3000830,0,285050,18.05006680383651,7137
3000831,1,285088,108.35978441713982,2435
3000832,1,285202,13.577391715760939,8954
3000833,0,285272,5.674136057014852,3008
3000834,0,285686,87.04592491492184,13925
3000835,1,285736,6.875476767362573,12331
3000836,0,286016,2.8927603873610606,9144
3000837,0,286083,30.51473474398798,1390
3000838,1,286390,84.47181197209196,1860
3000839,0,286453,30.974367642224816,7543
3000840,0,286502,159.29812640933946,10580
3000841,0,286532,45.199443229301004,17436
3000842,0,286830,198.89148942812741,5062
3000843,1,287592,71.27692326463179,3007
3000844,0,287724,29.592053169729017,2901
3000845,0,288032,24.434877492124247,3226
3000846,0,288362,64.87961745126823,6939
3000847,0,288507,16.166362133341604,12577
3000848,0,288573,173.68440411336582,15405
3000849,1,288630,34.68523471886528,8819
3000850,1,288863,173.85085397017028,3817
3000851,0,289662,16.26645472574347,15536
3000852,0,289721,22.784894367977024,16760
3000853,0,289775,1.5309248187184084,5457
3000854,1,289930,43.90945125900594,8733
3000855,0,290454,10.649477849072186,9222
3000856,0,290748,31.742277243386557,6304
3000857,0,291516,39.78870939596132,1550
3000858,0,291695,37.01973897707786,12752
3000859,0,291744,53.4432328925808,4520
3000860,0,291763,30.89279801982296,17991
3000861,0,292022,7.685870660727861,4593
3000862,0,292166,47.27902279604285,5504
3000863,1,292236,168.57638207615017,13232
3000864,0,292622,13.942483415977883,10938
3000865,0,292740,6.3649926146115225,16242
3000866,0,292741,105.5359449221873,15419
3000867,1,292814,39.4310766232135,2113
3000868,0,293309,50.325138387222026,5956
3000869,1,293904,195.3979159834767,4619
3000870,1,294070,3.4000016493604255,15640
3000871,0,294320,117.66244251158926,13893
3000872,0,294674,30.414228308467546,3600
3000873,1,294786,64.85977407872397,14737
3000874,1,294932,15.610995741917055,14583
3000875,0,295052,20.153524585741085,15546
3000876,0,295302,108.60366022688514,12487
3000877,0,295393,77.4762443590618,14590
3000878,0,295827,10.373720951589569,1520
3000879,1,296007,205.93429306671047,8651
3000880,0,296148,70.38413747452985,17004
3000881,1,296603,18.12603417547745,6652
3000882,1,296727,48.28588518852171,7176
3000883,0,297308,7.823522928934221,3890
3000884,0,297988,25.22771324077196,17173
3000885,0,298042,82.5195604049072,1434
3000886,1,298286,64.18421628397313,4876
3000887,0,298492,11.78416064718237,3596
3000888,0,298506,106.2650635010719,9670
3000889,1,298540,27.080967217974717,4235
3000890,0,298685,23.545930791670884,14788
3000891,1,298786,17.57532198299867,1131
3000892,1,299038,39.29573937918908,3382
3000893,1,299339,239.49015096197564,12788
3000894,0,299636,21.89385043214818,13057
3000895,0,299798,50.4168360655745,17063
3000896,0,300246,39.75809131240988,7154
3000897,0,300432,5.945804782989103,8791
3000898,0,300628,23.28951526661962,6595
3000899,1,300905,251.58417536894123,13442
3000900,0,300916,0.6068085369167475,5494
3000901,1,301089,72.48041138203983,9000
3000902,0,301256,9.83907760593364,17222
3000903,0,301347,3.050291131880151,9242
3000904,1,301399,55.89458571292219,6987
3000905,1,301869,10.636264925630352,8640
3000906,0,301909,49.410577243387365,4411
3000907,1,302267,91.15642707290962,12969
3000908,0,302275,12.44695181629708,14297
3000909,0,302337,208.27071239219896,2839
3000910,1,302572,100.81146358062523,4209
3000911,0,302874,4.961248564273579,14739
3000912,0,303127,6.1186560036001625,8012
3000913,0,303139,17.26093239278519,15457
3000914,0,303555,7.596389041272965,1039
3000915,1,303790,133.13707386374983,5980
3000916,0,304096,66.75363786975043,16722
3000917,1,304340,83.37944812505324,8115
3000918,0,304383,24.905894806745412,5652
3000919,0,304626,93.96684004337311,1900
3000920,0,304978,68.3109024048614,10214
3000921,0,305387,6.7497971555390865,15647
3000922,1,305550,74.08709616816898,16221
3000923,0,305622,1.4301802862578394,7887
3000924,0,305623,20.328936787428884,16682
3000925,0,306696,52.60223915526859,13182
3000926,0,307464,30.545592726622996,13513
3000927,0,307728,38.73169671565805,2185
3000928,1,307734,121.81293729068123,14885
3000929,0,308244,25.676686802939013,17991
3000930,0,308396,67.74136945196332,13658
3000931,0,308432,8.129363347707306,4313
3000932,0,308510,57.993415754801724,15835
3000933,0,309315,68.13140104422685,10476
3000934,1,309590,91.00405641173955,14035
3000935,0,310196,48.97893069594635,1365
3000936,1,310422,52.438683132386224,2232
3000937,0,310941,4.912202065892508,4510
3000938,0,311151,7.899723457127619,12217
3000939,0,312654,38.13092966791456,3950
3000940,0,312727,14.574595671595764,8919
3000941,1,312907,11.619233591999862,3626
3000942,0,313273,26.713562547581,3531
3000943,1,313308,58.516806559323506,16717
3000944,0,313351,23.287226772162267,8757
3000945,0,313421,12.043422181519071,8659
3000946,0,313559,59.75115575807243,12945
3000947,0,313613,42.31407388321237,13025
3000948,0,313906,49.706400273096136,3896
3000949,0,314233,99.29013930045761,17640
3000950,0,314369,38.74232001955175,5279
3000951,1,315281,27.042255744347276,10092
3000952,0,315568,27.77175024391684,5367
3000953,0,315684,26.11818012045032,13655
3000954,0,316163,125.26152383197646,17051
3000955,0,316443,19.911426562461415,5263
3000956,0,316644,29.85083919009337,10585
3000957,0,316770,30.341493697977295,1213
3000958,0,316775,0.22711977949683992,8094
3000959,0,317869,3.7364883699322364,16003
3000960,0,318199,37.54968635605229,6142
3000961,1,318410,10.293994112202643,5588
3000962,1,318515,13.12775791303386,17833
3000963,0,318927,49.56877205047333,4018
3000964,0,318974,20.126472393456634,3368
3000965,0,319010,67.31618030296733,11792
3000966,0,319021,18.426667829042493,17145
3000967,1,319326,20.13763214344498,2982
3000968,1,319487,42.43532457621122,13772
3000969,0,319578,18.669753583293762,16080
3000970,0,319840,0.6207310025633419,2943
3000971,1,319881,74.53010709813088,15966
3000972,0,320542,53.78794015434669,3705
3000973,0,320601,17.97689500259915,7717
3000974,0,320711,10.897627286370305,12530
3000975,0,321242,9.2803499304098,8262
3000976,1,321287,13.067247679337035,1473
3000977,0,321939,12.900190193339672,11309
3000978,0,322031,7.6711032962808305,8485
3000979,0,322416,71.39031133508072,16931
3000980,1,322481,54.09968360582105,9350
3000981,0,322808,226.84395784306983,9997
3000982,0,322974,20.577042382663148,15669
3000983,0,322990,19.3640935742253,1619
3000984,0,323138,24.797768402072364,9758
3000985,0,323243,112.73002161348028,13909
3000986,1,323276,73.2651960348368,6021
3000987,0,323388,6.941995203258304,4044
3000988,1,323593,133.57377601984453,13274
3000989,1,324190,51.67861299198733,10468
3000990,0,324298,5.952505311809551,7644
3000991,0,324312,61.099098046269596,12826
3000992,1,324600,62.19685650629201,8978
3000993,0,324639,20.287351484487772,2793
3000994,1,324719,161.0857792692626,11843
3000995,0,324777,112.09629294246865,11708
3000996,1,324805,6.530106681673005,6121
3000997,0,324968,1.2100399557011159,7219
3000998,0,325053,14.302757407878394,12944
3000999,0,325058,37.29413630880325,10382
3001000,1,325061,60.41071569353602,16827
3001001,0,325611,11.058366549359384,5918
3001002,1,325634,32.33596767684027,10477
3001003,0,325877,79.36687520620369,4007
3001004,0,325891,23.96981157423103,4301
3001005,0,326228,13.0556167057303,12878
3001006,0,326595,43.42403118285988,2856
3001007,0,326621,11.43872679001131,10229
3001008,1,326763,24.52573034385215,9898
3001009,0,327719,12.053234980785495,8245
3001010,0,327981,4.526003098140401,6786
3001011,0,328122,8.9320657511416,12648
3001012,0,328133,11.575090548466445,7433
3001013,1,328314,12.786453122067515,6864
3001014,0,328573,58.86648531636728,9915
3001015,0,328675,13.024917660752175,7009
3001016,0,328825,39.502453291941634,14052
3001017,0,328851,57.75185197640608,7006
3001018,1,329103,112.67574777749032,4976
3001019,0,329304,0.9421002585758629,11290
3001020,1,329788,79.41753325314943,8678
3001021,0,329827,11.601740515010023,5796
3001022,1,331176,81.84834236594432,11565
3001023,1,332268,3.9860899673947388,1000
3001024,1,332499,41.486054840780895,3928
3001025,0,332618,151.5504536682343,15962
3001026,0,332805,36.32621656282255,3259
3001027,0,333487,15.89604256041529,14240
3001028,0,333621,162.63571545709647,2838
3001029,0,333849,7.7785023255796855,16209
3001030,0,333926,17.00765091140158,3772
3001031,1,334475,81.00584055329038,12214
3001032,0,334788,18.173795449390465,16314
3001033,1,334924,5.635288045613981,8363
3001034,0,335391,76.74183482816439,12860
3001035,0,335401,104.2338445935322,1824
3001036,0,335605,2.553063642937119,16047
3001037,0,336076,34.680484086622,1503
3001038,0,336793,27.011267991738347,16721
3001039,0,337504,166.13391967284062,16184
3001040,1,337558,39.503895203892306,10471
3001041,0,339142,3.7616037750336084,4220
3001042,0,339369,77.86611041055151,16739
3001043,0,339990,12.764412688943755,12502
3001044,0,340038,12.72273444956159,11273
3001045,0,340058,13.495737693677368,4189
3001046,0,340220,4.071391050599495,5450
3001047,0,340258,12.503567994279601,5427
3001048,0,340534,30.277771330842086,8419
3001049,1,340936,71.21132898767088,14023
3001050,1,341051,82.57088872474775,1318
3001051,1,341794,4.980031963965974,5522
3001052,1,342232,156.1294452728172,2586
3001053,0,342531,67.05304022188233,15382
3001054,1,342551,22.083713364825215,7476
3001055,0,342769,10.890442481446456,9786
3001056,1,342782,52.345903970638076,13885
3001057,0,343107,95.56632487601154,10163
3001058,0,343307,181.46575264726744,8741
3001059,0,343318,58.71626347984308,13038
3001060,0,343903,60.35375456680833,11677
3001061,0,343963,20.70742471411989,3060
3001062,0,344125,48.08838520258725,2308
3001063,1,344359,211.75027798790347,3272
3001064,0,344487,54.365829436084844,14459
3001065,0,345417,2.7196385311626767,9039
3001066,0,345511,19.92328016063012,3580
3001067,1,345900,121.05365897499792,6760
3001068,1,346018,81.60137587173779,4549
3001069,0,346262,87.71721637165142,15159
3001070,1,346326,0.730130431508577,12831
3001071,1,346800,63.86793160783587,2220
3001072,0,347185,11.690095282045784,9385
3001073,0,347467,17.891601192941263,15369
3001074,1,347644,44.291494003660716,6369
3001075,0,347740,2.0551730709021228,17780
3001076,1,347996,193.77973766855746,9886
3001077,1,348049,175.96464573198799,10795
3001078,0,348067,10.01073941287814,14427
3001079,1,348282,68.30043911408774,8056
3001080,0,349359,17.103967244384343,11415
3001081,0,349398,24.36566053882642,4104
3001082,0,349648,3.160952086083814,14522
3001083,1,349687,131.69955807856851,6469
3001084,0,350273,34.655287583137415,10697
3001085,0,350340,19.972135937600886,13878
3001086,1,350451,97.18958604025191,1125
3001087,0,350718,5.675370470051706,7922
3001088,0,351505,6.817503411815504,2024
3001089,0,351672,0.6854742328170619,13965
3001090,1,352104,85.79944027839629,1386
3001091,0,353056,14.845764805884434,5920
3001092,0,353469,18.400003001267105,16814
3001093,1,353732,3.9233857006948902,14313
3001094,0,354643,8.483525537678132,14544
3001095,1,354697,164.06391890153097,8347
3001096,0,354843,30.005478636376022,8088
3001097,1,355025,42.8124864131371,16302
3001098,0,355528,19.511297407710252,9778
3001099,0,355552,2.288326128198055,9530
3001100,0,355707,16.758892761186274,6714
3001101,0,356318,3.6970537250243742,5551
3001102,1,356643,147.098280037733,8721
3001103,0,356681,172.7343364310858,4313
3001104,0,356698,6.753780132505771,4019
3001105,0,356853,17.80149338504757,17864
3001106,0,357087,60.17592155043129,4566
3001107,0,357362,8.427809042782687,10999
3001108,1,357429,86.92830222077416,5492
3001109,0,357547,82.24347787435018,12532
3001110,0,357964,68.04025284331874,6043
3001111,1,357975,44.36804773701713,6722
3001112,1,358180,47.28362911742078,2022
3001113,0,358588,25.395356534930695,14225
3001114,0,358734,13.790058163399339,8195
3001115,0,358960,0.7823885645781665,3446
3001116,0,359807,33.0414776194474,10561
3001117,1,360567,42.115646928234675,10891
3001118,0,360731,33.188959263922165,6826
3001119,1,361108,54.94120794406165,10392
3001120,1,361252,37.84538300533501,4923
3001121,1,361386,55.74466065949739,3244
3001122,0,361405,18.745592632718477,6060
3001123,0,361747,12.609770785706198,3925
3001124,1,361987,75.50894755478969,1982
3001125,1,362262,11.298333859248068,8767
3001126,0,362304,119.68604226226158,10233
3001127,0,362451,4.826648538732334,4495
3001128,0,362677,9.62381675517346,7101
3001129,0,362786,6.1244256070609095,5853
3001130,0,362948,12.542177876048633,7346
3001131,0,362974,5.341297079527745,5899
3001132,0,363115,97.36897646445762,7657
3001133,0,363709,151.6382549793544,7149
3001134,0,363895,28.72228668872247,11445
3001135,0,364086,13.875974227145715,14897
3001136,0,364116,125.0464140334677,2070
3001137,0,364778,54.57731801489475,3273
3001138,0,364989,7.711569682981854,12900
3001139,0,365086,77.0899822184887,1544
3001140,0,365120,132.14361340758452,3150
3001141,0,365351,67.33554020279875,2261
3001142,0,365391,98.75930345464636,8650
3001143,0,365452,76.47945336881375,10243
3001144,1,365482,10.004668496371256,17970
3001145,1,365592,12.656781792865665,10412
3001146,0,365756,13.210669113461687,1285
3001147,1,365974,71.73183399676421,1314
3001148,0,366514,89.28685281228623,13957
3001149,0,366806,17.92750386994573,12399
3001150,0,367387,153.4115740040313,3932
3001151,0,367564,173.07049584948595,10410
3001152,1,367984,25.121922858124485,17350
3001153,0,368492,21.985261008936746,17326
3001154,1,368648,71.75552483745739,9488
3001155,0,368683,46.86258736444467,15438
3001156,0,368746,61.37639633528871,16426
3001157,1,368873,317.80353592446795,9783
3001158,0,369018,3.9770270552107823,5935
3001159,0,369171,62.05102464856953,11129
3001160,1,369572,29.181666568953286,5406
3001161,0,369646,7.583471134146433,10237
3001162,0,369673,1.4335478171836502,12711
3001163,1,370051,13.467878522167084,11712
3001164,0,370064,45.282359069731996,2954
3001165,0,370183,166.76990426868986,3188
3001166,1,370189,26.754767633634824,12831
3001167,1,370263,45.68011680412306,5058
3001168,1,370284,25.511124371674075,7970
3001169,0,370454,6.119794544805882,9314
3001170,0,370516,1.8559847616165155,1773
3001171,0,370731,27.04248109575768,13765
3001172,1,370785,132.97683671051817,16980
3001173,0,371785,12.887369276256088,11059
3001174,0,371937,3.563782227928957,2751
3001175,0,372941,80.25963655351298,16749
3001176,1,372961,114.04550859116983,2862
3001177,0,373018,21.514760477192613,4706
3001178,1,373450,53.30148856934313,6871
3001179,0,374012,26.998582992485286,3101
3001180,0,374853,31.075697536265643,14559
3001181,0,375050,0.35519696135118445,9998
3001182,1,375409,104.1649523144257,3327
3001183,1,376127,14.124334595684712,2656
3001184,0,376365,30.945729932255432,13129
3001185,1,376578,196.49936049813255,3814
3001186,0,376750,140.6695089016058,5772
3001187,0,377370,41.82417060398446,11939
3001188,1,377388,2.683576488478192,7147
3001189,1,377533,141.37876396421532,1992
3001190,1,377634,242.7777570627137,10165
3001191,1,378046,66.37985324318707,4307
3001192,0,378060,25.692391003862497,3471
3001193,0,378364,37.83645049762178,14389
3001194,0,378619,15.453566641003444,13281
3001195,0,379189,12.736094188811572,9087
3001196,0,379714,17.796173737384873,10444
3001197,0,379773,122.04877318255896,16726
3001198,0,380159,24.8410609375125,6596
3001199,0,380503,67.8196230490115,7203
3001200,1,380981,144.19961041024303,9499
3001201,0,381527,40.060190339688916,16877
3001202,0,381719,38.06656599693633,10937
3001203,0,381879,29.203335728592535,9832
3001204,1,381923,38.40627858883892,14483
3001205,0,382011,31.388398404319517,17301
3001206,0,382035,173.90904214289557,8575
3001207,0,382271,39.37646550151197,11535
3001208,0,382427,12.831798957821139,14171
3001209,1,382633,142.13410084993333,16136
3001210,0,382799,34.34373787184099,14011
3001211,0,382980,7.314037676757155,6957
3001212,1,383119,113.38538053398399,11805
3001213,0,383264,47.368360916008776,13954
3001214,0,383302,29.81753152397062,14091
3001215,0,383319,2.92857769175416,9399
3001216,0,383541,60.1472099929204,3699
3001217,0,383563,22.30434545073405,3288
3001218,0,383811,11.00919718759073,5156
3001219,1,384148,146.58265247885868,4875
3001220,1,385136,69.34551171866116,9179
3001221,0,385417,40.89794229281918,7669
3001222,0,385478,10.590481483594509,13634
3001223,1,385923,3.099723942230084,8138
3001224,1,386187,107.44971928127343,3956
3001225,0,386492,53.58811742140147,4436
3001226,1,386976,62.91292576421732,16128
3001227,0,387520,52.19572350237591,9518
3001228,1,387789,90.24248505445837,2127
3001229,0,387877,35.00356872718404,14038
3001230,0,387942,4.138114193580984,8791
3001231,0,388228,16.22569467263006,16464
3001232,0,388432,23.241500083013964,9380
3001233,0,388657,15.66216249722386,16613
3001234,0,388673,91.80493000842368,8983
3001235,0,388784,37.244721880556185,16018
3001236,1,389560,246.0287392941396,10218
3001237,1,389756,10.063850406672906,14582
3001238,0,389970,44.45115578690423,8214
3001239,1,390175,33.026983063838586,17137
3001240,0,390213,33.195445980555824,10992
3001241,1,390343,13.938322751843387,3097
3001242,1,390368,47.555099221924365,6968
3001243,0,390569,0.6570113417165102,16253
3001244,0,391084,25.382615057410902,3434
3001245,0,391152,6.716716136201756,6708
3001246,1,391426,69.1039979523038,16685
3001247,1,391509,19.97827812798196,11070
3001248,0,392284,267.915734175122,13505
3001249,0,393733,16.944089823756034,14068
3001250,1,393774,3.7301551676343916,5433
3001251,0,394336,0.4047956826368741,11580
3001252,0,394779,74.39727267495488,11883
3001253,0,395000,0.6173255037197241,13987
3001254,0,395087,53.13568213863083,10189
3001255,0,395237,29.67561843909755,11156
3001256,0,395295,66.0722565855181,11937
3001257,0,395509,12.671744241871108,13073
3001258,0,395846,44.40062395724302,5089
3001259,1,396228,113.38602075963364,7172
3001260,0,396334,108.70028519088517,13141
3001261,1,396615,60.36100289032829,5838
3001262,0,396895,21.94763978918058,3018
3001263,1,397798,30.244472031645547,12929
3001264,1,397834,32.79735309881852,10406
3001265,0,398371,23.666392034517216,16199
3001266,1,398433,9.732107693911672,5168
3001267,0,398495,46.94738333830104,13586
3001268,1,399243,83.77309724219143,12542
3001269,0,399345,27.199302330495893,8586
3001270,1,399373,63.32202591077455,4779
3001271,0,399483,1.6032133665567752,15937
3001272,0,399591,121.15561007792823,3154
3001273,0,399739,24.352862631856002,16916
3001274,0,399974,33.68170739533144,5756
3001275,1,400120,82.93079536837766,11121
3001276,0,401178,65.8362249078232,3686
3001277,0,402017,52.932611034631684,10657
3001278,1,402560,7.587276631062174,1699
3001279,1,402611,86.93830888137009,16418
3001280,1,403733,0.8527933189190621,9007
3001281,1,403808,80.23988062548511,1180
3001282,0,403870,41.001013147902825,14348
3001283,0,404120,25.20073910831905,12189
3001284,0,404171,74.30458757941982,16833
3001285,0,404249,29.319450665048773,8860
3001286,0,404264,39.54212542180724,17107
3001287,0,404396,22.30357596574933,12911
3001288,1,404465,4.042617128736565,8686
3001289,0,404954,2.025876383734206,4514
3001290,0,405300,50.56130412225447,11706
3001291,1,405407,78.3399006639989,15985
3001292,1,406144,98.49909804121557,1952
3001293,0,406273,11.64062941598238,15583
3001294,0,406323,84.44386911865399,11976
3001295,0,406927,66.77460992317953,6885
3001296,0,407031,56.67774066223365,5247
3001297,1,407248,59.169325954089594,13395
3001298,0,407430,45.17610832147495,5430
3001299,0,407880,18.441950725289946,6596
3001300,0,408384,12.466570900603873,4459
3001301,0,408560,47.34617675848849,7724
3001302,0,408828,9.75289531266686,5150
3001303,0,408868,151.54988898392148,14551
3001304,0,408943,30.438331410985864,4283
3001305,0,409330,15.244823803214333,2702
3001306,1,409741,268.0902246762633,14326
3001307,0,409773,2.864931303369813,3083
3001308,1,409848,190.7249682320887,16472
3001309,1,409905,44.54583588238785,11233
3001310,1,410110,9.212166358254137,6631
3001311,0,410159,6.2216081777319845,15637
3001312,1,410569,16.581141583842037,1253
3001313,0,410794,308.02344723775826,12234
3001314,1,411252,59.06936731353869,6650
3001315,0,411494,28.515686559541464,12695
3001316,1,411642,90.1020151711404,5851
3001317,1,411744,10.154847953435475,1332
3001318,0,411975,15.393102728211414,2811
3001319,1,412250,84.15713719807259,1060
3001320,0,412753,92.55705811920681,16020
3001321,0,413150,12.02435839357728,6157
3001322,0,413227,88.37698183810147,17688
3001323,0,413840,59.08850918082869,3171
3001324,0,413984,8.430676521493416,4498
3001325,1,414274,25.578270199435423,14228
3001326,0,414284,56.090149811088175,7605
3001327,1,414461,0.5964791495235497,8019
3001328,0,414487,101.26686437434473,9492
3001329,0,414494,23.488988477316795,14581
3001330,0,414826,44.30597102961062,11877
3001331,1,414914,43.119628463794584,13393
3001332,0,414932,8.208119590951965,12366
3001333,0,414970,7.209898478829668,14515
3001334,1,415103,51.38189071598245,11267
3001335,0,415225,24.87552396268574,6806
3001336,1,416103,50.93569432519342,15759
3001337,1,416934,51.97991335593698,14375
3001338,0,417281,123.6313797965327,10460
3001339,0,417336,21.438277111460753,9024
3001340,0,417408,4.063272308251792,17228
3001341,1,417446,31.000324389643275,3476
3001342,0,417801,147.01449177161666,13944
3001343,0,417920,14.461346614880311,13618
3001344,1,418689,2.619719729286698,3629
3001345,1,418748,18.71327493227593,10440
3001346,0,418896,2.564909342055804,15892
3001347,1,418958,164.2411573611731,16053
3001348,1,419045,31.97349127691027,8243
3001349,1,419092,139.57126219093578,14873
3001350,0,419122,2.443403107520186,11698
3001351,1,419165,20.02936425768774,1831
3001352,0,419492,8.283434284578693,12072
3001353,0,419722,4.385421564263855,7504
3001354,0,420060,280.81826335557923,3029
3001355,0,420115,24.4018025544152,9695
3001356,0,420400,25.410201791915384,14323
3001357,0,420410,124.2432666765495,13232
3001358,0,420804,103.84197354856222,5047
3001359,0,421052,121.14942647631757,13993
3001360,1,421100,8.599545627448874,9270
3001361,1,421215,20.653982586563597,11508
3001362,1,421274,25.88952559414426,7467
3001363,1,421512,39.26092598586062,7023
3001364,1,421516,14.658157527301311,8572
3001365,1,421528,196.65854712064396,9592
3001366,0,421953,20.93254540352522,6641
3001367,0,422355,56.760559621125736,17900
3001368,0,422411,105.13841340246148,16213
3001369,1,422547,33.90471444056746,2521
3001370,0,422664,2.9868995163645202,3651
3001371,1,422985,75.86942368361993,1217
3001372,1,423210,38.823866399657234,11865
3001373,1,423232,180.72733863071247,13563
3001374,0,423404,146.09762071225876,5941
3001375,0,423404,9.11162240320055,16096
3001376,0,423408,51.428235414683364,15892
3001377,0,423413,144.32940932094235,17529
3001378,0,423644,46.58242100597603,4897
3001379,1,423907,123.68079314870056,11207
3001380,1,425277,28.358773857135404,5916
3001381,1,426456,23.810395991700364,3736
3001382,0,426668,7.291795137366503,9941
3001383,0,426872,2.1516797779647905,5459
3001384,0,427101,0.893941569186118,5405
3001385,0,427150,0.9085708343872351,11251
3001386,0,427170,36.238136369150084,14552
3001387,0,427204,118.70921984941998,14967
3001388,0,427441,38.12949742338413,6255
3001389,0,427622,20.382276002350995,12172
3001390,0,428806,61.4964074028126,4890
3001391,0,429323,9.571793393717028,2022
3001392,0,429580,9.773789133292974,17534
3001393,0,429873,11.92648992853384,15310
3001394,0,429892,53.13369808252797,15945
3001395,0,430212,24.601241336187982,13482
3001396,1,430258,33.95174481811619,11848
3001397,1,430657,11.26438012645704,3675
3001398,0,430837,91.09815562368742,15703
3001399,1,431220,54.3607318536939,11522
3001400,0,431226,58.784055885918306,6117
3001401,0,432070,24.776174141842482,2287
3001402,1,432512,39.95316094271762,14031
3001403,1,433013,5.626326990249768,12640
3001404,0,433249,43.72123409231869,15480
3001405,1,433396,4.21622329710136,17567
3001406,0,433475,14.71946043839704,3855
3001407,0,434080,16.37540357197757,14743
3001408,0,434288,44.37251453330548,16443
3001409,0,434323,101.8137235457736,7219
3001410,1,434324,19.630353012571508,11076
3001411,0,434358,10.549976354538579,13017
3001412,1,434760,23.113062252744353,5985
3001413,0,434831,66.02862131745427,11946
3001414,0,434896,1.5220159042909116,13055
3001415,1,435034,10.425032801084923,8619
3001416,1,435074,159.69724737581257,9159
3001417,1,435365,24.05872084485266,13782
3001418,1,435688,105.9772258363674,11078
3001419,0,435765,38.327043364102856,12890
3001420,1,436056,8.897327410145527,1010
3001421,0,436647,19.99808551537153,3347
3001422,0,436742,6.0887517474701935,12463
3001423,0,437146,78.92058965609041,4075
3001424,0,437753,15.677894707998071,4927
3001425,0,437804,62.7867539235146,6293
3001426,0,438227,65.00652877684246,8024
3001427,1,438599,8.556461719275003,13776
3001428,0,438636,73.17035870178542,10629
3001429,0,438672,15.895595354200406,7998
3001430,0,438700,34.76151209189327,4195
3001431,0,439117,13.64799284957939,14208
3001432,0,439526,127.21754749235225,11095
3001433,0,439531,99.88483693547617,13620
3001434,0,439832,4.294174296495738,17750
3001435,0,439859,39.90307411382946,14978
3001436,0,440423,56.66598017685464,12395
3001437,0,440778,9.013067343957761,2751
3001438,0,440959,39.24289974546124,17094
3001439,0,441025,25.23523576882041,12101
3001440,0,441081,85.50223640124256,4099
3001441,0,441256,44.42049112334978,13559
3001442,0,441287,35.788665668877115,4847
3001443,0,441796,31.402135202984155,6108
3001444,1,441901,181.88124922852955,14600
3001445,1,441902,76.81988025135209,7994
3001446,0,442061,29.789785727165803,14454
3001447,1,442126,65.0022502830509,12210
3001448,0,442373,24.878948920680887,16745
3001449,1,443096,76.1771214169186,11012
3001450,1,443102,95.05151695150609,15153
3001451,0,443263,34.49881649170729,2241
3001452,0,443329,10.628374307835099,8213
3001453,0,443335,92.50772352132927,5407
3001454,0,443769,67.00654104802545,15842
3001455,0,443834,5.473893814737331,17307
3001456,0,443857,43.797922113188406,1579
3001457,0,445018,94.62772755067077,12004
3001458,0,445128,80.88407680646411,7567
3001459,0,445653,5.491247434435361,7838
3001460,1,446102,33.4449303436161,16950
3001461,1,446189,102.6155849369182,15458
3001462,0,446892,73.83515826463885,13556
3001463,0,446970,78.83048209424155,12621
3001464,0,447245,40.02550291094823,3377
3001465,0,447812,11.374107640872806,2730
3001466,0,448258,15.964730765157265,12864
3001467,1,448459,6.3187090294567705,6788
3001468,0,448493,10.418050270132369,6299
3001469,0,448552,9.59012762454399,16435
3001470,0,448730,100.46196845051108,9010
3001471,1,448821,79.58351350257855,1261
3001472,0,449287,54.161789765804514,12653
3001473,0,449332,63.52994896858848,9244
3001474,0,449585,55.148522748604776,12131
3001475,0,449876,59.42164635514923,6207
3001476,0,450284,43.3917419938997,10027
3001477,0,450293,52.48606991980229,10801
3001478,0,450730,4.738968816973313,15963
3001479,1,451023,18.56080029390483,7610
3001480,1,451143,28.203967411925312,14680
3001481,1,451390,153.26180672352794,8168
3001482,0,451537,8.65724306783842,10748
3001483,1,452194,88.76343224291999,1022
3001484,0,452363,3.232417704801507,12143
3001485,1,452609,21.573461012640315,13977
3001486,0,452808,21.03762658127683,14624
3001487,1,452926,37.94095689864664,13572
3001488,1,453208,37.86438416081107,17823
3001489,0,453375,21.10015419538165,9069
3001490,0,453429,2.7943909322142737,5230
3001491,0,453743,14.650293922030603,17914
3001492,0,454038,53.78349014762615,8276
3001493,0,454394,112.15352004715562,10231
3001494,1,454694,24.73777980751658,15892
3001495,1,454771,5.704855187505396,2236
3001496,0,455283,9.57662091684941,7206
3001497,0,455575,0.5832032781591342,6631
3001498,0,456008,33.48851264039578,8856
3001499,0,456255,23.302522325829713,13781
3001500,1,456379,60.059222411123834,16659
3001501,1,456587,46.21255636961321,13687
3001502,1,456806,39.29260624340418,17236
3001503,1,457002,67.70577060930171,11358
3001504,0,457469,4.428712530687771,13265
3001505,1,457677,65.43059691585115,15696
3001506,1,458124,29.331628482339816,14284
3001507,0,458346,46.18332627983583,2363
3001508,1,458380,33.379657522176835,3502
3001509,0,458820,96.34504698616621,9776
3001510,0,459122,21.134968893144293,14745
3001511,1,459608,95.64057400695745,1930
3001512,0,459678,119.1246596240912,3299
3001513,0,459814,11.458553552201336,14405
3001514,0,460182,8.154885857668337,8801
3001515,0,460196,12.255607240714864,2439
3001516,0,460277,42.522790672091865,15730
3001517,0,460378,136.82397587335672,13609
3001518,0,460459,16.26971894611714,3516
3001519,0,460676,60.71535621411941,12696
3001520,0,460697,3.9090508403616933,5839
3001521,0,461352,110.11874535456327,8729
3001522,0,461596,23.259711115843498,9379
3001523,1,461775,14.75373236266861,7829
3001524,0,461853,37.992344009741586,13086
3001525,0,462059,9.960664198549383,14939
3001526,1,462225,3.4636965990816506,7445
3001527,0,463021,51.61659572686938,5922
3001528,1,463064,108.79281342816986,16970
3001529,1,463277,67.41280307207562,2179
3001530,1,463429,48.960366816979516,17562
3001531,0,464181,12.589990988977306,8248
3001532,0,464256,88.57428243604339,6967
3001533,0,464270,8.587146915655932,5119
3001534,0,464394,17.719274337966,3826
3001535,0,465053,6.931616894953153,6350
3001536,1,465251,24.205940779280873,2527
3001537,1,465305,49.414572911159915,13663
3001538,0,465540,13.13446187858118,2271
3001539,1,465745,20.43521321468287,17456
3001540,0,465900,31.70133349922284,10559
3001541,0,465986,16.087764322369345,10526
3001542,0,466721,14.906677576139039,9726
3001543,1,466867,91.86331678638668,4581
3001544,1,467052,14.58817451861408,4461
3001545,0,467346,121.13744325295896,3355
3001546,0,467498,50.5544028261278,8000
3001547,0,468333,37.98848805049697,13601
3001548,0,469192,8.009435194326917,12884
3001549,0,470171,15.86447798326241,5697
3001550,0,470355,42.051970853947395,5343
3001551,0,470491,57.831306487213695,13477
3001552,0,470533,16.785734433248773,4881
3001553,0,470761,173.38396719463123,5118
3001554,0,471227,19.770921176728343,4036
3001555,0,471581,59.72655800701493,15345
3001556,1,471646,18.044753151091708,14586
3001557,0,471739,27.580290859635646,6148
3001558,0,471799,98.72794673669954,9183
3001559,1,471816,27.874316367404933,6116
3001560,0,471902,20.303475478779916,5971
3001561,0,471950,79.98075909533978,2690
3001562,0,471963,2.273964004639892,1547
3001563,1,472207,43.086392721880095,9841
3001564,0,472326,14.395573725639766,15025
3001565,1,472424,40.060742700628296,16946
3001566,1,472640,251.855727444043,15550
3001567,1,473186,111.07423345177831,11136
3001568,1,473615,44.962212920643424,14762
3001569,0,473822,0.2758744219623913,10965
3001570,1,473910,58.48591662047793,5933
3001571,1,474012,19.124766797175823,7444
3001572,1,474028,12.153971362553207,3063
3001573,1,474093,10.556116494741225,7599
3001574,0,474418,5.832504333853659,16001
3001575,0,474654,5.386964284264391,3196
3001576,0,474729,85.51952147029725,7516
3001577,1,474940,193.6676952088504,1623
3001578,0,475143,4.6943666563886675,8618
3001579,0,475655,51.13145352880284,10812
3001580,0,475869,10.417027696168397,14340
3001581,0,476051,71.73230383602358,11995
3001582,0,476179,77.60932793296827,14159
3001583,0,476770,31.519021469661517,3479
3001584,1,476949,23.30112805153604,3267
3001585,0,477370,1.8787169199066294,8108
3001586,1,477453,84.09970313389051,4369
3001587,0,477453,16.081824284969976,10350
3001588,0,477658,67.16152732287142,12405
3001589,1,477741,104.87478493415658,3722
3001590,0,477749,6.133338920592014,13782
3001591,0,477811,18.99012510284596,15321
3001592,0,477950,29.571947951229934,7104
3001593,1,477952,73.75812888644957,3764
3001594,0,477960,14.8487802611232,3421
3001595,1,478066,52.27059862015319,6218
3001596,0,478582,4.374560541049104,11968
3001597,0,478710,3.821525654935277,8983
3001598,0,478767,143.23537310462618,9206
3001599,0,478777,62.128114945580336,5370
3001600,1,478842,177.4457035008757,15265
3001601,0,479235,34.020170053354775,16981
3001602,0,479310,44.724266609743836,5374
3001603,0,479316,36.06475635128097,13309
3001604,1,479623,9.516199513714648,14554
3001605,1,479636,16.43955334865862,13345
3001606,0,479752,131.85904383907783,9023
3001607,1,479819,18.285238471417582,11894
3001608,0,479820,70.32858440179143,13577
3001609,0,480188,0.9519542470213033,4994
3001610,0,480338,35.26164560216952,9883
3001611,1,480427,91.57849331393984,7145
3001612,0,481314,196.59766130215303,6364
3001613,0,481668,16.163114041428763,3559
3001614,0,482359,9.422903600441664,11935
3001615,1,482656,15.18929234445013,12355
3001616,1,483238,31.02066236088409,5908
3001617,0,483271,40.528869728781096,8526
3001618,1,483758,72.39599478478243,14957
3001619,1,483815,12.644893975935528,11371
3001620,0,484066,24.51977151396639,3319
3001621,0,484070,44.79192854793008,4108
3001622,0,484430,59.31859651045153,11175
3001623,0,484441,43.58444875253527,16648
3001624,0,484574,21.634113079052426,7490
3001625,1,485926,56.608069479427314,2541
3001626,0,486082,22.03448878272798,4944
3001627,0,487401,238.86189410086294,3463
3001628,0,487425,11.340622021621488,11769
3001629,0,487749,64.64006751354351,11848
3001630,1,488060,88.59537522489687,9007
3001631,0,488941,25.14039637413228,16419
3001632,1,488959,307.54790218263037,15058
3001633,0,489109,63.47264445572368,1195
3001634,0,489602,17.32138660550249,3031
3001635,1,489899,37.79721975332168,16377
3001636,0,490036,88.33201543410246,8921
3001637,1,490100,75.59978023157453,14240
3001638,1,490382,122.96728063239304,13718
3001639,0,490488,96.07110759410745,13055
3001640,0,490537,26.434245346078722,1729
3001641,1,491923,149.26641328815674,15540
3001642,1,491930,143.31539661540717,2888
3001643,0,491950,108.12804283386612,5875
3001644,0,491972,41.076762552321334,5725
3001645,1,492021,134.85073199637918,4934
3001646,0,492563,5.257826064598885,9973
3001647,0,492698,5.075437926734164,2745
3001648,1,492731,16.12382885503022,17146
3001649,0,492842,27.64554723082376,12700
3001650,1,493038,55.448057592668285,5521
3001651,0,493152,44.17730809083768,4022
3001652,0,493488,13.124102763147857,4375
3001653,0,493770,30.64552690480956,9690
3001654,1,494528,19.76210606150647,3632
3001655,0,494604,11.107881706551979,1851
3001656,0,495704,30.792703269158245,7838
3001657,0,495800,29.26865638167212,5881
3001658,0,496090,13.600857135932007,11065
3001659,1,496406,140.02017706456598,2635
3001660,0,496830,10.587176521188104,1606
3001661,0,497020,28.724798278229514,1819
3001662,0,497687,16.461732888906546,15726
3001663,0,497710,28.32919148650542,5652
3001664,1,498407,19.178000334955062,13272
3001665,1,498560,53.96241331094787,13412
3001666,0,498671,171.2689692536278,6172
3001667,0,498967,48.309425073463395,15727
3001668,1,498983,19.03006158414952,4911
3001669,0,499381,42.85558616383293,15917
3001670,0,499454,5.908361835412645,11381
3001671,0,500398,154.60510720794892,14413
3001672,0,500470,10.831656527209946,14280
3001673,1,500688,134.75238519784395,5223
3001674,1,500938,19.27994763442152,17847
3001675,1,501190,51.258892728447435,9657
3001676,0,501749,37.505822136080866,2477
3001677,0,502327,49.44618293591601,1656
3001678,1,502685,12.919412037768986,3761
3001679,1,502924,117.77641563918526,12242
3001680,0,503037,14.391602235766024,15893
3001681,0,503090,11.774472445782324,6146
3001682,1,503367,15.708784279815427,5028
3001683,1,503697,43.241346598129994,17394
3001684,0,503761,253.50959556991825,7512
3001685,0,503782,51.60110996035074,1777
3001686,0,503793,1.3629315837213125,4399
3001687,1,504113,138.91886126113164,13051
3001688,0,505165,58.15113559870658,8041
3001689,0,505259,11.235183195897209,2912
3001690,0,505318,15.633004781951811,8536
3001691,0,505465,135.3285736056363,11037
3001692,0,505796,32.61355062981755,11488
3001693,0,505955,58.604909391242785,1072
3001694,0,506287,128.09017454382683,8224
3001695,1,506347,24.997228073981244,10407
3001696,0,506418,12.734307581833756,9590
3001697,0,506459,9.494908733472863,4291
3001698,1,506540,229.49606198954928,15749
3001699,1,506659,171.73257204306316,10428
3001700,0,506666,17.049312226684464,11398
3001701,1,507095,22.528034350737148,3544
3001702,0,507668,14.724464035410017,16618
3001703,0,507800,28.590345553299933,6245
3001704,0,507850,11.619558767170588,6963
3001705,0,509023,73.17545762040163,7185
3001706,1,509759,73.17203117591785,14868
3001707,0,509806,8.456397937082446,3113
3001708,1,511340,81.87563256278501,15762
3001709,0,511571,12.099562217497638,3283
3001710,1,511592,27.48913073917209,9600
3001711,0,511770,8.669915187976486,1969
3001712,0,511810,6.201028418401065,13568
3001713,0,511960,39.44819889141279,11349
3001714,0,512315,10.089862082311772,16831
3001715,0,512414,0.7530380907172085,7345
3001716,0,512645,41.602639169648945,1871
3001717,0,513031,2.82824504308312,15278
3001718,0,513065,53.360024995691845,2596
3001719,0,514077,8.208342298698698,2648
3001720,1,514096,40.67752401709474,7082
3001721,0,514128,14.338320864199897,6773
3001722,0,514201,32.7678661337163,9150
3001723,1,514974,106.87598147513803,11281
3001724,0,515087,33.41372741707633,9850
3001725,1,515099,49.16125940043873,15335
3001726,0,515416,2.1760989444559327,7953
3001727,0,515454,40.38407839602472,12473
3001728,1,515588,6.4380843808994115,16662
3001729,1,515589,171.47003865316492,13387
3001730,0,516322,82.91705920371415,9510
3001731,0,516772,29.070294856085948,13994
3001732,0,516896,12.61512984950517,11485
3001733,1,517682,134.13112789851985,15250
3001734,1,518032,130.65628817891147,16267
3001735,0,518142,21.174039586648068,7342
3001736,1,518152,251.07331723414904,16368
3001737,0,518208,25.525690571424136,9686
3001738,0,518929,9.360210946641892,3693
3001739,0,519023,89.03047937725867,11677
3001740,0,519474,26.2939483575317,9864
3001741,1,520116,121.58786435835493,16602
3001742,0,520213,44.06623210561656,4951
3001743,0,520438,14.622825341338663,14052
3001744,0,520476,65.54199425929357,3520
3001745,0,520766,20.166829957019726,7223
3001746,0,520834,2.142179656083537,4066
3001747,0,522006,75.88921487252946,7959
3001748,0,522615,41.95721885856572,15441
3001749,0,523204,10.267799477241491,11675
3001750,0,523252,22.861771117807073,11219
3001751,0,523414,29.962002860790406,12104
3001752,0,524255,53.324588380241835,9475
3001753,0,524621,44.12812778366104,17401
3001754,0,525195,6.044452344646686,6279
3001755,0,525371,29.976767337713646,16312
3001756,0,525599,35.709795357258436,10236
3001757,0,525608,17.177504912163403,14547
3001758,0,525830,89.63500150078971,2560
3001759,0,526084,45.86716403502396,13199
3001760,0,526322,43.579318443101556,11650
3001761,1,526961,138.46645290003582,4042
3001762,0,527080,92.38635148912083,7222
3001763,0,527315,14.58943679120163,13504
3001764,0,527397,5.481858834761008,5764
3001765,0,527508,2.104563430233068,17220
3001766,0,527896,12.776181494467476,3201
3001767,0,528765,144.76594924288182,12054
3001768,0,529128,43.190149142683865,9329
3001769,1,529200,8.895757589051305,9030
3001770,1,529561,35.39311159462342,7662
3001771,1,529735,20.44267779068713,10591
3001772,1,529781,6.078039847440593,7802
3001773,0,529885,61.3977935903022,16782
3001774,1,529899,115.04989042448115,8908
3001775,0,530008,6.436214654921817,6189
3001776,0,530233,12.235476346905216,4520
3001777,0,530373,20.357729432616058,3801
3001778,0,530706,22.18323753521841,11990
3001779,0,531123,148.54574444329128,9204
3001780,0,531326,3.9208888368146595,9171
3001781,0,531614,13.525343399393247,13954
3001782,0,531680,10.386488351839256,1442
3001783,0,532249,33.061655460331565,8279
3001784,0,532406,3.391884842747083,7065
3001785,1,532468,153.04497953712374,7013
3001786,0,532471,9.125544537544855,9307
3001787,1,533018,37.540824050937296,17968
3001788,0,533151,14.74490219001676,7338
3001789,0,533282,4.873868456013809,17428
3001790,0,533437,98.86645548080696,9817
3001791,1,533891,20.494204651567724,14912
3001792,0,533992,9.745245538611664,11514
3001793,1,534218,62.656512089015806,14901
3001794,0,534328,30.46110034972267,17862
3001795,0,534550,35.11046379021478,5982
3001796,0,535858,94.77154170244937,6641
3001797,0,536114,11.673535593356943,1405
3001798,0,536360,105.07994730916259,2490
3001799,0,537104,0.5698763668586295,16402
3001800,0,537649,14.873506232266129,3591
3001801,1,537783,5.88862551409695,1532
3001802,0,537900,8.392067849037039,15995
3001803,1,538091,260.3661513210739,10789
3001804,0,538166,30.333329027429258,1599
3001805,1,538465,181.32640972911324,17974
3001806,1,538468,38.63323050483374,17111
3001807,1,539087,17.755788810641327,4849
3001808,0,539627,8.196836276886247,8584
3001809,0,539638,127.46757300284742,17565
3001810,0,539741,196.9963937581339,17046
3001811,0,540003,15.083898643021712,12670
3001812,0,540153,32.66631335784248,13598
3001813,0,540225,79.84464260730532,11850
3001814,0,540371,65.11718537287358,3914
3001815,0,540405,9.03670416410702,1713
3001816,0,540465,93.00770592088755,17220
3001817,1,541232,58.52605993554977,12421
3001818,0,541312,117.21197624567303,1412
3001819,0,541401,14.453095725078919,13850
3001820,0,541724,233.69423872346312,12283
3001821,1,542071,98.83158762173979,14931
3001822,1,542270,191.3911086553499,2758
3001823,0,542310,15.220899324920811,1316
3001824,0,542489,208.26907125234007,6415
3001825,0,542568,27.313796155743358,2466
3001826,1,542829,74.3800295608669,11046
3001827,1,543079,169.95007974907907,9829
3001828,0,544216,19.61814897084041,7376
3001829,0,544350,3.0845661097310293,13187
3001830,0,544412,183.38063268096974,17774
3001831,0,544688,93.31693179681196,15092
3001832,0,544695,122.02926454589141,6473
3001833,0,545487,7.985825416794564,1479
3001834,0,546049,95.98198873148849,1151
3001835,1,546289,0.5097184701017183,10582
3001836,0,546653,102.32817849069913,7884
3001837,1,546710,6.021202146491992,5008
3001838,0,546972,161.91940771469066,4796
3001839,0,547043,15.165775807771443,3391
3001840,0,547077,129.43918888423954,11874
3001841,0,547095,5.035129287756989,6688
3001842,0,547375,15.180812725572876,3644
3001843,0,547452,8.228726632125401,16492
3001844,0,548114,18.17691041701676,1946
3001845,0,548182,11.858542032753837,14170
3001846,1,548201,22.325316395789738,12761
3001847,0,548316,58.667302514501905,12119
3001848,0,548607,6.423294025377248,8953
3001849,1,548869,148.73207044154765,17913
3001850,1,548899,57.032424840408154,14475
3001851,1,549508,94.64281255744808,14546
3001852,1,550960,18.021034279135037,8654
3001853,0,551076,24.781915321309747,4077
3001854,1,551141,45.87337344095508,6100
3001855,1,551621,92.14669948667319,1530
3001856,0,552099,15.212057189238617,10998
3001857,0,552262,13.680783202738223,1654
3001858,0,552314,169.14308839867456,14216
3001859,0,553862,14.996020555818424,11540
3001860,0,554113,17.510685350149487,7365
3001861,0,555106,52.08224061679799,7537
3001862,1,555111,65.76142065384875,14452
3001863,0,555211,5.6755865877473255,5943
3001864,1,555535,18.394414141632318,6003
3001865,0,555580,19.632408217544832,16411
3001866,0,555646,11.95977177401545,9569
3001867,0,555916,14.542777062349458,10195
3001868,0,556223,25.38780820150004,3471
3001869,1,556858,102.0932618690433,10603
3001870,0,557293,150.69755210025238,8364
3001871,0,557392,25.50883382380682,2510
3001872,0,557503,15.481855764360871,2796
3001873,0,558110,12.44495760806606,2559
3001874,0,558594,7.841402075964251,10366
3001875,0,558814,33.84910342378916,16757
3001876,1,558852,121.4489267029887,1324
3001877,0,559118,145.90971940691136,5312
3001878,0,559574,2.3655095254254044,7460
3001879,1,559673,97.39463215445144,3756
3001880,0,559894,83.79234524260228,16273
3001881,1,560505,64.50793864142018,9496
3001882,0,560675,53.03903465961233,6485
3001883,1,561192,120.09027968461979,7443
3001884,0,562251,24.719510783128793,5086
3001885,0,562420,38.76526684619319,14166
3001886,0,562684,55.09522339298327,12007
3001887,0,562792,15.953817136079742,14021
3001888,1,562839,66.86777384406767,9760
3001889,1,562896,142.30955543496896,16887
3001890,0,563237,20.590992436667197,3958
3001891,1,563452,32.68038723556252,5822
3001892,0,563510,22.392938095015825,15875
3001893,0,563600,23.5675802861478,15912
3001894,0,563686,49.772149201564524,17983
3001895,0,563939,23.43314467150342,3661
3001896,0,564277,6.989160897545381,5316
3001897,1,564343,118.49299892583012,5795
3001898,1,564415,30.81017888945673,15362
3001899,0,564422,36.606487659329936,9778
3001900,0,564724,18.642292537243595,4876
3001901,1,564833,37.90726516548341,6342
3001902,0,564963,7.69556130762831,11332
3001903,0,565593,49.299153238938175,16690
3001904,0,565724,24.544262612519226,6412
3001905,0,566078,22.0771563986313,4707
3001906,1,566208,54.94327350255006,15040
3001907,1,566389,60.641952815129315,11325
3001908,0,566609,101.23565406386108,16131
3001909,1,566899,5.028784587108856,12816
3001910,1,567234,56.026738386193685,14620
3001911,0,567293,35.668543484660255,5761
3001912,0,567496,85.69515991060364,14002
3001913,0,567759,14.698276878865645,1060
3001914,0,567816,13.010909060677092,16091
3001915,1,568061,100.12841655982334,1296
3001916,0,568120,3.423533472362581,13937
3001917,1,568262,36.73114430330822,5913
3001918,1,568702,88.23898514619025,16077
3001919,1,568763,18.274010051556964,8846
3001920,0,568802,1.0898917384570006,6299
3001921,0,569022,9.159623019105618,13443
3001922,1,569027,25.848475713794546,16189
3001923,0,569036,99.64801258304539,7192
3001924,0,569142,17.7182516501901,12813
3001925,0,569494,61.5623534347046,5410
3001926,0,569797,43.33462669948407,3872
3001927,0,570051,46.196892050486646,10750
3001928,0,570377,46.425210883690646,17117
3001929,0,570906,5.742326647686693,5822
3001930,1,571226,47.615729679730414,17317
3001931,0,571232,212.39370768754765,12490
3001932,0,571944,36.41765614162375,15537
3001933,0,572276,0.04540188080665976,7483
3001934,0,572565,4.277458478740515,16368
3001935,0,573307,24.975310839259226,14143
3001936,1,573323,31.816751477661633,2719
3001937,0,573395,32.868008930413914,10656
3001938,0,573449,69.93283716893343,9984
3001939,0,573838,43.70367121280823,15578
3001940,0,573941,16.362794767775,1429
3001941,0,574153,33.12348166181776,6041
3001942,0,574267,57.33561132984805,13681
3001943,0,574949,92.02285970483048,14031
3001944,0,574955,45.950799690347,12905
3001945,0,575310,45.01060659778322,9104
3001946,0,575386,1.7411852691557594,12529
3001947,1,575688,4.370345071877191,11319
3001948,0,575787,22.382908432526037,14575
3001949,1,575788,92.78560226009662,5449
3001950,0,575873,29.618016336092275,16386
3001951,1,575995,53.223248324722086,13996
3001952,0,576365,24.831282693777176,10495
3001953,0,576598,10.71305508063479,12457
3001954,1,576757,3.6837378063936206,7198
3001955,0,577697,5.592793122983646,7859
3001956,0,577723,1.185880110314804,16753
3001957,0,578361,8.560141129380693,4490
3001958,0,578750,0.42869741924671834,13770
3001959,0,579115,10.741087285143697,14453
3001960,0,579629,134.28044459176198,17448
3001961,0,580001,47.906862742613534,11875
3001962,0,580300,41.59088640318346,12935
3001963,0,580550,30.793886362459787,6776
3001964,0,580631,12.158108684584121,17913
3001965,1,580771,48.26675823456396,11575
3001966,0,580980,23.467248160518814,15434
3001967,0,581058,19.242867916218184,16238
3001968,0,581508,50.88138908070648,2047
3001969,1,582012,1.9184493413340762,14732
3001970,1,582075,16.294361895109137,2427
3001971,0,582753,5.274755275935908,7786
3001972,1,582811,146.72929984827132,16675
3001973,0,582853,76.31756817911536,10594
3001974,0,582891,41.45364179587506,5041
3001975,1,583859,75.30580725699656,16680
3001976,0,584019,19.412683665276557,17200
3001977,0,584386,71.58070654375472,7852
3001978,0,584510,16.233721607827682,17941
3001979,0,585381,29.070478083246716,8752
3001980,0,585497,228.61849518703787,14044
3001981,0,585565,66.68785429650754,17346
3001982,0,585670,5.160179077108064,15435
3001983,1,585733,32.33308095701627,16335
3001984,0,586459,149.87867981801668,6834
3001985,1,586469,13.859563972894076,8875
3001986,0,586535,27.345546159265727,15842
3001987,0,586643,22.21239500065225,17512
3001988,0,586772,22.473171262108384,14757
3001989,0,587585,6.58666327702597,1889
3001990,1,587593,221.27501414129566,13090
3001991,0,587775,5.959534670289881,16206
3001992,1,587779,172.65714756110884,9677
3001993,0,588293,10.112001447626783,14831
3001994,0,589244,21.30219714577177,15288
3001995,0,589735,33.611157586909016,15812
3001996,1,589752,39.37943212140315,1820
3001997,0,589858,28.375882109886497,10555
3001998,1,589929,48.27772446612158,16668
3001999,0,590151,51.99886873852036,14146
3002000,0,590376,58.942675713629896,5613
3002001,1,590491,140.1341917543863,14070
3002002,0,591400,62.938214921283894,1157
3002003,0,591404,3.778394216588426,12187
3002004,0,591767,22.64428927584469,10053
3002005,0,592115,44.12052924049647,9492
3002006,0,592349,22.55779567850166,10379
3002007,0,592555,33.30164458757057,2145
3002008,0,593054,150.85502237801234,1306
3002009,0,593376,29.26324455174592,13734
3002010,0,593654,77.60453219979271,1880
3002011,0,593671,23.938013838488462,10551
3002012,0,593917,45.45888629447143,16511
3002013,0,594550,23.969863923006702,9406
3002014,0,594568,70.07527273354245,11789
3002015,0,594875,4.056888844799603,17818
3002016,0,595270,16.624671259902925,17579
3002017,0,595341,205.8667496899524,17184
3002018,0,595443,25.794357232902204,1849
3002019,0,595504,61.451341890885814,7160
3002020,1,595574,39.58701433851708,12661
3002021,0,595718,10.603826931481835,6862
3002022,1,595827,6.918193118254032,12008
3002023,0,595840,34.21114857248293,11539
3002024,0,596296,4.012379610519479,15401
3002025,1,596408,55.37162825242048,14375
3002026,1,597103,256.3684219855155,16176
3002027,0,597122,11.063997605685273,8370
3002028,1,597343,264.979187382189,1302
3002029,0,597373,12.778934049645546,17057
3002030,1,597398,4.850030713837992,11541
3002031,0,597863,213.45226562537607,1300
3002032,0,597935,9.742747128835594,7205
3002033,0,598033,8.028635161698977,1375
3002034,0,598220,26.460347427452447,12622
3002035,0,598308,14.833963851288754,15180
3002036,0,598735,12.815419255593941,15851
3002037,0,599067,42.612937169803004,9209
3002038,1,599400,0.7370836183766766,8698
3002039,1,599479,98.18324256673667,17466
3002040,1,599592,18.158931437423142,15393
3002041,0,599619,87.12641675840693,6273
3002042,1,599762,64.83242326129252,2670
3002043,1,599774,72.26064015472372,7542
3002044,0,599864,119.00924854316095,11768
3002045,0,599978,24.00939087352861,6131
3002046,0,600157,1.4438686635132905,7612
3002047,0,600231,12.624452093948136,16497
3002048,0,600291,123.53744845848826,6957
3002049,0,600453,4.07983461431054,17590
3002050,0,600679,165.8173595897428,8888
3002051,0,601265,4.80778791318852,12299
3002052,1,601481,116.33851191525353,7062
3002053,1,601737,148.58741529581442,4872
3002054,0,601790,15.07786636562366,15344
3002055,0,601813,10.069385101868168,7020
3002056,0,602054,10.656697394026974,17857
3002057,1,602162,75.65872560183422,6738
3002058,0,602327,108.81807196732562,17305
3002059,0,602438,41.55469925228756,2275
3002060,0,602698,41.65931978794195,9346
3002061,1,602788,17.84885155821405,14280
3002062,0,602974,157.3714311694441,9950
3002063,1,603116,122.51095740466423,3739
3002064,0,603681,74.43254688945682,17586
3002065,0,603717,136.14103168605533,17770
3002066,0,603739,25.6726650715834,1669
3002067,1,603797,57.29950577676786,6028
3002068,0,604260,6.89440198957319,4209
3002069,0,604321,21.787921484357213,17015
3002070,0,604437,8.839167205313089,7037
3002071,1,605167,62.687093827076424,12315
3002072,1,605326,78.85997875389484,12289
3002073,0,605430,37.182784633090584,15422
3002074,0,605637,175.90070504561567,6433
3002075,0,606459,12.350077930613427,10827
3002076,0,606546,19.92707357153761,17548
3002077,0,606672,30.17869124763908,13173
3002078,1,606738,85.2281993117282,10194
3002079,0,606954,14.921014904069294,5771
3002080,0,607003,9.305127698731647,10348
3002081,0,607183,109.16703977324245,6267
3002082,0,607278,92.46642954331828,14225
3002083,1,607300,73.23390308953272,1643
3002084,0,607422,98.82971298988807,7288
3002085,0,607466,34.594356095350356,8757
3002086,1,607625,10.548762187298411,11861
3002087,1,607983,71.05431744011229,12457
3002088,0,608190,54.503099887548764,7801
3002089,1,608356,78.56214508622303,10252
3002090,0,608554,103.54715334726518,6883
3002091,0,608578,92.04049912615014,16892
3002092,0,609403,6.153477571518504,10924
3002093,1,609612,63.32054038766158,9510
3002094,0,609830,11.408001872458756,17933
3002095,0,609869,119.95398849780972,17359
3002096,0,609871,8.359467340609902,13364
3002097,0,610084,36.32595797754619,5404
3002098,1,610164,87.28135906486216,1238
3002099,0,611008,5.624452425098785,4555
3002100,0,611149,9.657036904743022,9125
3002101,1,611580,40.42899597625569,8243
3002102,0,611691,36.79083739005751,12090
3002103,0,611997,30.52190109293781,9080
3002104,1,612599,58.23457981541576,5316
3002105,0,612830,23.92781755637733,17233
3002106,1,612945,16.58938673387894,9727
3002107,1,612978,3.3199146687008367,10791
3002108,0,613001,100.4223719493235,10896
3002109,0,613045,78.46649257668076,3775
3002110,1,613274,53.59121001244458,3655
3002111,0,613357,95.71364284515637,11165
3002112,1,613716,20.91820782276239,4096
3002113,0,614219,114.89404051122341,6292
3002114,1,614889,80.00889084603253,3627
3002115,0,615020,43.753778972219806,6593
3002116,1,615209,29.995938542294116,5254
3002117,0,616610,58.46168302180317,13815
3002118,0,617134,94.88217636557548,2925
3002119,0,617363,100.32103495760747,14620
3002120,1,618752,23.088393576337797,12360
3002121,1,619109,267.71447679274877,17273
3002122,0,619377,91.51297280302026,1400
3002123,1,619583,10.492575895990425,9802
3002124,0,619636,100.48490010183289,2729
3002125,0,619761,70.8324654900881,10394
3002126,0,620229,18.31901707840795,9630
3002127,1,620366,10.943996148098583,8995
3002128,1,620379,42.53206394020208,14876
3002129,0,620450,104.92666818382148,5299
3002130,0,620840,16.02632928929804,3591
3002131,0,621120,32.75175211626383,4362
3002132,0,621391,46.778669959817044,9432
3002133,1,621456,44.408659389937,6846
3002134,0,621678,15.473087566484908,8620
3002135,0,622177,58.08153262748509,4583
3002136,0,622406,79.47603785675885,1456
3002137,1,622863,13.001228561590821,12513
3002138,1,622927,4.051114052890955,10938
3002139,0,623281,8.831287530223857,10402
3002140,0,623415,95.14557021121114,5448
3002141,1,623615,41.47418997830875,8424
3002142,0,623682,14.365374981925322,9029
3002143,0,623723,20.578651002992714,10470
3002144,0,624303,8.360462990078409,15398
3002145,1,626090,1.827554873373647,8116
3002146,0,626092,71.1295820969264,12126
3002147,0,626093,92.24874153960698,1867
3002148,1,627194,165.79087476422973,6906
3002149,0,627373,1.006447196245397,12079
3002150,0,627654,78.51255327197259,2994
3002151,0,627805,34.45416975498831,17356
3002152,0,628127,16.09211570186073,16611
3002153,0,628134,19.59462188569507,13660
3002154,1,628143,7.157490797458832,8825
3002155,0,628790,18.368229997794863,11604
3002156,0,629108,18.449011729766656,6688
3002157,0,629217,0.5951465492806358,3480
3002158,1,629908,93.140883946475,5757
3002159,0,630589,5.584246262907875,11605
3002160,0,631070,23.631045432166662,1906
3002161,1,631260,52.142751027052384,13061
3002162,0,631350,19.641396159729503,3859
3002163,0,631413,107.91609536823672,13284
3002164,0,631572,62.005111135771074,9078
3002165,0,631690,32.579026908283,2746
3002166,0,631721,98.70477765652723,5339
3002167,0,631874,36.43028482452205,13888
3002168,0,631874,11.73272265364767,15439
3002169,1,632166,38.187872250803956,17147
3002170,1,632441,154.52630836715414,3466
3002171,0,632667,28.073573148813196,16323
3002172,0,632874,0.03866432470606241,15306
3002173,0,632962,19.548314434146864,7502
3002174,0,633684,5.229279849215969,12921
3002175,1,633693,24.558212272737652,9452
3002176,1,633912,14.119691550583738,8664
3002177,1,634091,39.561261980047085,6712
3002178,0,634441,123.73774659710928,13824
3002179,1,634844,5.492591540118146,3049
3002180,0,635013,24.254505903949745,1090
3002181,0,635669,25.220828908635422,12164
3002182,1,636128,54.76883585557258,8959
3002183,1,636498,57.457009100448786,7919
3002184,1,636735,29.360696603802694,11572
3002185,0,636863,102.9213794106214,3852
3002186,0,636955,8.033594326924785,12763
3002187,1,637371,46.01949621557086,6299
3002188,0,637592,6.656261211229116,16905
3002189,1,637642,0.9466784129344263,7483
3002190,1,637663,228.6110641399536,15607
3002191,0,637991,113.74406218089301,12519
3002192,1,638073,26.664425996010532,9866
3002193,0,638074,23.545460817467752,2979
3002194,0,638456,25.013238946344536,5842
3002195,1,638643,3.5955272090528534,6332
3002196,0,638942,25.42008433291343,17777
3002197,1,639694,71.69421534209312,7059
3002198,0,639732,150.93131338404604,12611
3002199,0,639897,79.56824496375208,9703
3002200,0,639898,1.1740446098270285,7914
3002201,0,640097,18.741929220415237,6358
3002202,0,640343,2.314078307439816,10960
3002203,1,641084,145.5086003217194,2955
3002204,0,641137,119.1577187158609,17132
3002205,0,641216,4.491782503182585,13501
3002206,1,641714,89.82778981664318,9950
3002207,1,641922,60.317000277957675,13345
3002208,0,642451,7.992369728727096,6893
3002209,0,642691,103.95390986082327,7781
3002210,0,642850,47.064935584982095,12938
3002211,1,643439,18.61057228189989,17603
3002212,0,643900,162.05531369150822,17052
3002213,1,644037,9.903175244670791,4810
3002214,0,644212,56.07042471945722,13067
3002215,0,644529,84.40653515469782,17260
3002216,0,645426,45.00271820763866,6257
3002217,0,646806,5.823245958906552,14608
3002218,1,646974,7.812636263101856,2572
3002219,1,647077,73.85447444241973,8194
3002220,1,647192,38.09072319534594,5496
3002221,0,647355,142.87732912592583,10840
3002222,0,647407,114.36588609720766,2898
3002223,0,648383,166.96603760453723,5814
3002224,0,648417,67.49527305128662,4621
3002225,0,648860,84.95174242349277,16392
3002226,0,649042,110.70198800746694,2299
3002227,0,650103,20.44203493166584,1946
3002228,0,650136,3.848186459785282,1179
3002229,1,650226,14.222690843244898,13679
3002230,1,650387,39.51509481023726,4514
3002231,0,650641,37.6887410982119,8837
3002232,1,650870,6.075844909832011,2338
3002233,1,650907,223.89850327295582,8953
3002234,0,651651,19.708640650382158,17199
3002235,0,651747,19.354205311892862,15628
3002236,0,651853,42.52074937202022,1886
3002237,0,651980,12.135374964670605,17748
3002238,1,652187,67.38245541400566,1688
3002239,0,653095,61.01747627614792,1188
3002240,0,653200,81.93957291099609,4006
3002241,1,653236,54.69580988813878,10558
3002242,0,654400,0.8451592551695406,13593
3002243,0,654454,18.26895618906686,9518
3002244,0,654536,22.641854622511417,12813
3002245,0,654751,21.06554088001455,1775
3002246,0,655186,1.080632953615141,6827
3002247,0,655453,82.71319210735543,15652
3002248,1,655809,111.98187269104412,15686
3002249,0,656056,11.011395462043174,14268
3002250,0,656271,6.130946922200472,11829
3002251,0,656533,38.88068120092889,17839
3002252,0,656671,3.3657895224162475,12324
3002253,0,656776,180.68380020594466,10143
3002254,1,656900,15.718618689769038,8245
3002255,0,657206,16.548743473165988,2593
3002256,1,657327,15.292819961526494,7041
3002257,1,657556,28.032325818134208,5386
3002258,0,657736,68.08442842995369,4844
3002259,1,657877,0.24968680509632216,14730
3002260,0,657989,12.352497290079665,9963
3002261,0,658179,16.58973972485868,9677
3002262,0,658257,2.6160860174672047,7700
3002263,0,658612,67.09140012411402,17592
3002264,0,658723,138.73091675765323,10454
3002265,1,658929,7.364755088643743,8096
3002266,1,659222,98.95980174749432,6605
3002267,0,659253,17.05477538945871,4256
3002268,0,659668,48.87135379163131,14827
3002269,0,659684,4.095341040963207,14547
3002270,0,659777,14.022683002542793,11780
3002271,0,660044,43.61079587495093,4563
3002272,0,660063,119.11756553925372,4965
3002273,0,660375,57.48432816263276,5655
3002274,1,660502,12.07583097526164,12918
3002275,0,660637,59.07098244428015,15251
3002276,1,660886,216.9500109850536,7152
3002277,0,660956,40.47477630872421,13180
3002278,1,661062,18.235753499265677,4840
3002279,0,661275,42.791206603958194,3322
3002280,0,661347,38.62867278158406,15384
3002281,0,661597,10.054559783277464,5090
3002282,0,661881,63.70828147415103,16206
3002283,0,661940,44.423234108193235,7639
3002284,0,661945,8.020246679042097,13856
3002285,0,662231,14.795371642316113,16899
3002286,0,662400,39.71494431537838,1989
3002287,1,663011,64.41948004550109,13279
3002288,0,663100,43.3729441305772,4410
3002289,0,663283,24.551071722778484,1024
3002290,0,663635,7.168967455850828,6637
3002291,1,663967,72.20361424925107,14746
3002292,1,664475,187.01334057882303,13622
3002293,1,664496,8.409669800047796,3489
3002294,0,664695,25.447619115524727,6745
3002295,0,664783,3.1725698624061556,6572
3002296,0,665233,151.22020669113942,13318
3002297,0,665465,19.09514509257091,17923
3002298,0,665529,1.4319610439221853,1519
3002299,1,665575,9.16366256300585,10912
3002300,1,665626,150.31957872684603,16328
3002301,0,665659,177.31191328592197,3096
3002302,1,666074,43.979883317096395,11439
3002303,0,666084,92.4171031593951,13621
3002304,1,666395,40.62294904190651,6114
3002305,0,666489,351.0287883321006,12902
3002306,1,666670,158.02163657347882,10125
3002307,0,666744,91.51091937838305,12986
3002308,0,667054,18.110481150698135,3182
3002309,1,667058,45.29295969581774,14375
3002310,0,667211,9.098727095392624,13992
3002311,0,667325,9.42159251385192,3862
3002312,1,667444,97.97588190524431,2999
3002313,0,667521,52.45937795077569,1535
3002314,1,668203,300.20044947151695,3743
3002315,1,668373,3.363315753141643,16048
3002316,0,668421,67.45656825667972,4024
3002317,0,668720,18.829460553226667,4401
3002318,0,668867,139.80786204890853,11337
3002319,1,669055,15.484579212379096,6517
3002320,0,669635,22.136396144709263,3134
3002321,1,669997,25.265602948451544,4628
3002322,1,670606,9.570574869345872,3202
3002323,0,670683,6.449945892498714,13367
3002324,1,670717,13.685052325288522,12758
3002325,0,670795,19.734504986297726,5921
3002326,1,670907,23.599676097721485,9314
3002327,0,671126,2.1205879383191357,3137
3002328,0,671254,32.169301683311694,6503
3002329,0,671657,35.69310521564052,6367
3002330,1,672306,81.26913424532519,8991
3002331,1,672363,62.05331062764245,16775
3002332,0,672850,4.763026162093597,2930
3002333,0,673139,25.45613043142704,14203
3002334,0,673233,33.73432219786202,11799
3002335,0,673286,27.32822607595562,16523
3002336,0,673349,76.83745377902841,17477
3002337,1,673385,107.40296766351398,3652
3002338,0,674126,67.70038452896355,4746
3002339,0,674554,113.26753704001233,1128
3002340,1,674946,70.45030126062684,16535
3002341,1,675050,16.468651548242168,14381
3002342,0,675171,2.6700444904014775,14162
3002343,1,675247,15.335313650177076,15420
3002344,0,675457,67.2632728934071,6299
3002345,1,675617,17.346769141977127,14046
3002346,1,676520,38.6390318989722,12454
3002347,1,676639,89.65775415377195,8940
3002348,1,676772,108.76467225865557,5791
3002349,1,677037,73.3608651616509,8568
3002350,0,677212,8.200550966850292,12425
3002351,0,677290,49.77409065218615,16460
3002352,0,677327,3.0978705705248966,4946
3002353,1,677406,16.892969381237318,6095
3002354,0,678137,15.843287538970213,5852
3002355,0,678896,9.02006376417628,7860
3002356,0,679008,26.801804874384654,6235
3002357,1,679130,84.94811090156007,13895
3002358,1,679686,159.42917814189093,7077
3002359,0,679869,162.39509373168036,7263
3002360,0,680291,12.21546843241519,13248
3002361,0,680419,121.43497425723741,11152
3002362,0,680628,74.43573261670196,12159
3002363,0,680703,15.311072983181315,2459
3002364,0,681103,34.47103395379379,9600
3002365,1,681148,74.36807011461234,17883
3002366,0,681927,30.630440606076487,13207
3002367,1,681958,0.3824289738107745,9907
3002368,1,682053,346.64899303458475,13980
3002369,0,682118,22.97292466966682,17692
3002370,0,682386,26.524732256447702,12196
3002371,0,682580,15.444836224438518,10557
3002372,0,683087,5.119952651680483,4934
3002373,0,683125,36.8579845722838,3251
3002374,0,683230,4.506720097868696,3070
3002375,1,683274,162.15812787896164,9182
3002376,0,683521,26.896661479354943,10203
3002377,0,683799,38.055738177171285,15186
3002378,0,683882,56.93097057276805,15808
3002379,0,684135,8.99782745420671,11685
3002380,1,684375,129.00004449049737,16622
3002381,1,684621,24.34160341489897,12440
3002382,1,684893,78.59972856023117,17357
3002383,1,685414,58.94803673632975,4375
3002384,0,685703,38.90568468655714,13621
3002385,0,685761,34.38618142757001,12938
3002386,1,685815,18.396121874793973,1986
3002387,0,685856,31.406578335241303,6327
3002388,0,686057,76.1872467007072,2182
3002389,0,686414,24.950264667246767,9521
3002390,1,686723,96.05003239812861,8097
3002391,0,686909,26.42274370598514,15297
3002392,0,687266,61.52102069850801,17776
3002393,1,687845,63.82691797082782,2172
3002394,0,687921,109.09006969743855,11624
3002395,0,688445,7.272999562299602,12076
3002396,0,688582,31.44126711706454,1329
3002397,1,689044,34.0727417002657,12939
3002398,0,689072,15.085730159609078,7765
3002399,1,689157,84.6320458711672,17942
3002400,0,689164,25.44880426817101,14465
3002401,0,689261,211.3902595475948,11528
3002402,0,689583,0.13260688302707024,11376
3002403,0,689587,4.685604195696196,14020
3002404,1,689650,23.642588255125926,3136
3002405,0,689757,26.234315938082165,8365
3002406,0,690071,2.0157172100295218,9818
3002407,1,690122,23.980138731779316,17384
3002408,0,690279,12.606559087319596,11392
3002409,0,690431,142.36040523233623,3907
3002410,0,690544,44.94460896726656,15660
3002411,0,691090,25.844104009969193,9626
3002412,0,691375,54.465285769950114,8991
3002413,0,691460,1.3858288157905858,2792
3002414,0,691674,1.2777989832871435,14562
3002415,1,692370,73.71978874761676,12572
3002416,0,692610,41.075679460215305,9152
3002417,0,693132,42.45936126130734,7422
3002418,0,693330,107.69598157939907,2964
3002419,1,693575,57.71780714546569,5716
3002420,0,693752,16.968399260879295,9261
3002421,0,693780,6.289945390735434,17278
3002422,0,695059,34.85889244321369,15180
3002423,0,695079,91.96025367117048,6819
3002424,0,695377,46.264991356522664,10760
3002425,1,695506,135.10511547428624,4109
3002426,1,695828,130.52842081095775,3566
3002427,1,695948,76.61788361020322,14508
3002428,0,696100,0.6844684156189859,13111
3002429,1,696433,26.802429173670077,14120
3002430,1,696854,100.5311745886285,8742
3002431,0,697251,98.40337351020987,6093
3002432,0,697446,37.2162021897371,12747
3002433,0,697453,34.043073665811065,7405
3002434,1,697486,76.41919621700477,15120
3002435,1,697647,35.9955785419861,13796
3002436,0,698302,44.27477122155031,6924
3002437,1,698535,48.49679625611118,16567
3002438,0,698882,68.18719108833376,12494
3002439,1,699273,17.754496208831814,13093
3002440,1,699785,128.54115518757717,5886
3002441,0,700039,74.96081213923435,9966
3002442,1,700268,116.14758823271427,14983
3002443,1,700290,49.60385341443032,11563
3002444,1,700614,88.85252878460823,11134
3002445,0,700959,89.88852913280964,1520
3002446,0,701466,38.085549130734,12270
3002447,0,701820,157.73666654919504,13736
3002448,1,702009,6.208890914190301,8383
3002449,0,702436,21.65328392081787,11513
3002450,0,703020,29.545366436409154,15143
3002451,0,703340,63.53369257052597,4434
3002452,0,703650,8.53078180481703,3272
3002453,1,703785,10.646544203938422,7180
3002454,1,703944,101.4354750249506,1982
3002455,1,703965,3.115735655004043,9403
3002456,1,704114,32.41117401794242,2201
3002457,0,704917,5.668841012041834,15538
3002458,0,705125,63.271043472018405,13840
3002459,0,705915,8.709250876672513,7453
3002460,0,706175,53.191365711655244,1978
3002461,0,706214,44.53543283124631,8232
3002462,1,706515,33.390091078873105,11291
3002463,1,706588,71.77086045839643,1788
3002464,1,706894,39.092799721050405,3298
3002465,0,707104,7.868357677599044,5103
3002466,1,707205,78.72545066695115,17288
3002467,0,707553,32.37804982449705,9615
3002468,0,708045,115.17089358911417,14675
3002469,0,708258,17.595461414828584,2251
3002470,1,708307,37.86813291822039,17352
3002471,0,708562,66.44417517183612,7192
3002472,0,708653,48.89888174904008,15456
3002473,0,708891,5.511914782336459,11305
3002474,0,709036,1.8522522871125824,2028
3002475,1,709488,13.32369554038194,12443
3002476,0,710044,70.1319236874663,6324
3002477,1,710248,126.34925358954634,12668
3002478,0,710364,17.248427654743328,13713
3002479,0,710640,55.54241787082209,2963
3002480,0,710813,55.96590620751255,8451
3002481,0,711069,21.826658032594345,9088
3002482,0,711749,96.90109480234152,8113
3002483,1,712280,119.17495065541355,10032
3002484,0,712860,32.39012395328989,12052
3002485,0,712916,23.98553920676581,16793
3002486,0,713099,63.38030440374822,7435
3002487,0,713935,0.8864832956034548,8545
3002488,0,714151,21.511697302117447,7496
3002489,0,714492,86.67522749656047,10151
3002490,0,714982,10.01762309599888,16040
3002491,0,715164,13.591969299202175,9871
3002492,1,715188,34.681315906515415,6054
3002493,1,715217,99.99157474545046,16364
3002494,0,715387,37.9097640042494,2177
3002495,0,715547,31.6790692743923,11594
3002496,0,715788,5.029990689527199,17327
3002497,1,715990,8.822197871085859,12711
3002498,0,716011,12.581947006005484,15217
3002499,1,716187,38.937178025570695,3900
3002500,0,716255,64.2770902696099,13078
3002501,1,716586,33.480960631289214,14226
3002502,0,716660,47.1287601185792,6312
3002503,0,716768,69.87058607795872,8301
3002504,1,716788,184.50706686740847,15032
3002505,0,716798,9.437121846625434,2743
3002506,0,717094,32.8611464364556,14789
3002507,1,717111,74.71320407446987,11481
3002508,0,717188,15.58953607752199,2311
3002509,1,717735,95.01277786489037,15134
3002510,0,718036,35.6738253962279,2253
3002511,0,718335,0.17732758157929143,12403
3002512,0,718354,57.05386628632934,15888
3002513,1,718731,7.578028937968756,4909
3002514,0,718751,5.0255845138814665,14657
3002515,0,718972,82.98621551167012,5297
3002516,0,719100,38.70070399969116,5966
3002517,0,719371,99.58613872968525,15378
3002518,0,719540,43.07152162286169,7486
3002519,1,719686,4.333057343743514,2995
3002520,0,719796,11.436164989382887,2113
3002521,1,720500,66.4355110801392,1029
3002522,0,720525,84.15015821626673,2152
3002523,0,720714,56.442704432591775,14674
3002524,0,720858,133.98773855726515,14494
3002525,0,720932,2.2635230498829144,16493
3002526,1,721384,78.62716527652023,16908
3002527,0,721517,104.59064262468665,9420
3002528,0,721550,2.5488831675221126,7254
3002529,1,721658,15.7352539975633,13602
3002530,0,721713,30.745266613228388,6893
3002531,0,721735,27.8403642363621,7249
3002532,0,721828,52.883175274374686,9647
3002533,0,721865,24.47388762480497,5070
3002534,1,722053,100.9779033731806,14148
3002535,0,722362,88.59315004032536,9389
3002536,1,722469,51.621623106569146,7781
3002537,1,723152,53.767528476411506,1241
3002538,0,723200,20.436812958741495,15256
3002539,0,723450,47.50813088977467,15648
3002540,0,723717,32.29182994117362,17529
3002541,1,724229,91.02889833453179,3302
3002542,0,724495,23.454284639885575,1659
3002543,1,724666,72.65052175063481,7761
3002544,0,725165,37.48463709447936,1519
3002545,0,725857,2.3143070464723903,17769
3002546,1,726213,67.8438258196573,6531
3002547,1,726480,37.221751881216456,8374
3002548,1,726652,44.49643145907989,17268
3002549,0,726669,28.48741009170205,3165
3002550,1,726847,2.2106819084475906,8738
3002551,1,727037,6.187902944718049,11316
3002552,0,727046,113.33477844047104,1430
3002553,1,727314,69.13297653471801,3975
3002554,1,727858,181.40108172427267,12749
3002555,1,728007,32.039442583422165,1352
3002556,0,728333,10.269817530855287,3474
3002557,1,728667,119.2863360757415,7258
3002558,0,728754,45.15376458507072,16034
3002559,0,728768,4.678517588928031,11510
3002560,1,729215,131.43423447311258,9962
3002561,0,729286,83.87555453952098,10282
3002562,1,729338,86.21063763628798,11970
3002563,0,729357,9.503950062602703,12784
3002564,0,729598,8.725976511013558,7984
3002565,1,729831,84.23107046048366,11608
3002566,0,730091,34.05740846501212,9199
3002567,0,730149,2.78041981703191,8248
3002568,0,730415,2.7381066744200067,1232
3002569,0,730710,19.767379575600444,13693
3002570,1,730874,167.07969106478222,2219
3002571,1,731063,50.37141988389264,5128
3002572,0,731140,28.5290310432965,2354
3002573,0,731472,223.84224605980293,10017
3002574,0,731514,3.8534904564201793,10490
3002575,0,731676,33.322618341085295,2654
3002576,0,731900,13.276190706070757,10359
3002577,0,732251,15.72310762517899,9325
3002578,0,732984,80.77584165403796,2699
3002579,0,733052,2.3316220485714316,16620
3002580,0,733132,88.08207795950112,11441
3002581,1,733239,5.180710529083417,13323
3002582,1,733267,154.7540568649284,15543
3002583,1,733504,111.76526599868102,8877
3002584,1,734128,4.309068769851629,13397
3002585,1,734366,32.70014016254156,10131
3002586,0,734655,77.94630040583212,12712
3002587,0,734867,192.00731451277514,8795
3002588,0,734895,10.235243159616363,8816
3002589,1,735295,0.012272385620111077,10746
3002590,0,735483,0.10535457967842113,4098
3002591,1,735484,0.3687301201618903,14222
3002592,0,735986,182.65308437436863,13742
3002593,0,736059,56.07586073483345,7037
3002594,0,736252,46.205503633915285,16011
3002595,1,736364,5.217973825741188,9884
3002596,0,736443,59.95380039948323,9751
3002597,0,736467,8.454224611408213,9596
3002598,0,736587,46.12409573493209,5488
3002599,1,737215,64.84083363726235,17809
3002600,0,737274,20.260166946055254,3748
3002601,1,737616,40.509023550810284,2044
3002602,0,738044,1.7255392933694533,11512
3002603,1,738211,8.361788480242804,8592
3002604,1,738274,130.23399528855734,7820
3002605,0,738388,42.34619795770718,3827
3002606,0,738411,12.322494873016606,11217
3002607,0,738498,32.699129733096896,6791
3002608,1,738580,62.39397606522393,15426
3002609,0,738586,119.41868139690503,11084
3002610,0,738742,27.892749129664978,5614
3002611,0,738854,5.195014541440136,4486
3002612,1,738985,46.215593456785115,13374
3002613,0,739167,6.680292203146973,8721
3002614,0,739212,68.71968982062519,2806
3002615,0,739549,44.29839590588763,13733
3002616,1,739701,15.781045712306621,13803
3002617,0,739796,80.96729197719087,13478
3002618,0,739895,7.992124473355988,3184
3002619,1,740066,94.14600564853154,12915
3002620,1,740128,44.717605396353235,6189
3002621,1,740391,70.76341905184889,14532
3002622,1,740820,41.71745663002488,8383
3002623,1,741415,179.92818073905644,16201
3002624,1,742308,35.0840641305968,6377
3002625,0,743014,9.433171346093665,14214
3002626,0,743151,46.60809397997316,13656
3002627,0,743228,50.67534999146787,16777
3002628,0,743487,95.12292185330583,6139
3002629,0,743568,14.988935342467716,7176
3002630,0,744172,25.849169710498938,1153
3002631,1,744366,71.931831759419,14950
3002632,0,744427,22.289912574071817,1486
3002633,0,744610,3.808640457523888,5215
3002634,0,744835,34.89705684565495,14909
3002635,1,744929,166.49983481271613,8704
3002636,1,745355,27.65902991113393,13189
3002637,0,745575,54.14741949625771,1137
3002638,1,745940,64.23130928456416,9861
3002639,1,746106,37.58126815463913,1367
3002640,0,746441,30.998980313634895,7995
3002641,1,746758,6.445380163695319,7685
3002642,0,746790,54.488224429777254,6718
3002643,1,746806,107.5494488133979,14347
3002644,0,746855,22.706909511673743,13130
3002645,1,747414,11.843665578513118,16992
3002646,0,747443,16.31200027070756,11103
3002647,0,747564,111.31724212570965,4057
3002648,1,747568,111.5907241383021,12816
3002649,0,747808,7.5730114643206585,7225
3002650,0,748838,12.53678455151511,14318
3002651,1,748864,0.0556456151450421,5262
3002652,1,749475,44.06216925089956,13887
3002653,0,749599,25.39306258661666,6897
3002654,0,749846,60.62316514042737,1872
3002655,0,750077,122.90496969523971,4895
3002656,0,750364,9.257072075828681,5351
3002657,0,751158,22.8058590006503,10441
3002658,1,751680,123.78042234776123,9694
3002659,0,752172,20.857606411530476,9874
3002660,1,752258,81.18098326176236,10822
3002661,0,752601,62.41899532733294,9970
3002662,1,752678,155.3367662432297,9330
3002663,0,753211,33.21082111325345,10693
3002664,0,753278,15.11391704850815,13907
3002665,1,753394,35.02316834549482,2231
3002666,0,753783,4.5389922635451345,8546
3002667,0,753997,2.0600839580712234,12397
3002668,1,754567,8.12745075383569,15391
3002669,1,755000,214.43000463521798,12785
3002670,0,755034,23.32509745151246,9101
3002671,0,755269,93.71661074101252,13555
3002672,1,755458,263.0747760866061,13245
3002673,0,755557,65.74766600539519,11364
3002674,1,756181,135.0009045078477,1963
3002675,0,756386,28.720075887079766,6001
3002676,1,756777,76.60000750973902,6547
3002677,0,756886,28.974878349125362,5300
3002678,0,757747,51.37641583521394,6858
3002679,0,757749,4.659339747574319,7175
3002680,0,757890,128.7974563430909,10828
3002681,1,757917,169.89640565601408,2330
3002682,0,758123,16.147430305073474,8549
3002683,0,758200,3.367439124816305,3060
3002684,0,758406,143.1272492668211,12430
3002685,0,758993,21.185882214893432,8898
3002686,0,758994,44.04163677708123,13087
3002687,0,759029,54.960999372488686,4790
3002688,0,759210,6.1441576992561595,17310
3002689,1,759268,175.2313334688131,7415
3002690,1,759369,129.3790866331178,13795
3002691,1,759737,30.534705488345505,3969
3002692,0,759904,43.46395357530028,11706
3002693,0,760079,10.151318106010779,15060
3002694,0,760423,73.92180526446693,5663
3002695,0,761129,34.44759678006146,3398
3002696,0,761396,76.29970141257225,12110
3002697,1,761421,117.62320888340281,15983
3002698,0,761572,40.02594052064393,13256
3002699,1,761992,13.279283689901982,13571
3002700,0,762655,44.78111147253478,3096
3002701,1,762702,66.69873871137831,7724
3002702,0,762839,33.13660982064952,15091
3002703,1,763357,12.300392770161901,12925
3002704,1,763418,141.59911863245242,12052
3002705,1,763867,140.28612495176424,14516
3002706,0,764387,59.19432645003736,13349
3002707,0,765634,3.4273516468394885,10132
3002708,0,765806,7.473910252600911,12089
3002709,0,765839,29.248556353813694,9760
3002710,0,766084,113.59931853772032,5200
3002711,0,766243,7.923518482038677,14637
3002712,1,766654,11.520221019425792,2500
3002713,0,766681,46.750674150098554,5427
3002714,0,766760,58.90988796609407,13938
3002715,0,767197,105.27630971547988,13239
3002716,0,767394,25.606329449411668,7526
3002717,0,767405,1.9475581062851786,14311
3002718,0,767515,22.947528528972168,11308
3002719,1,768102,12.217356353639289,4626
3002720,0,768525,32.20828904178254,7850
3002721,1,768645,88.86276463375226,4959
3002722,0,768652,6.454648786249155,17929
3002723,0,768713,24.5713158159415,8901
3002724,1,769361,25.572219763763016,7762
3002725,0,769442,33.24988260909437,14326
3002726,1,769457,16.4454905734436,13804
3002727,0,770297,52.16458576419837,3835
3002728,0,770388,29.100043902521044,15232
3002729,0,770461,34.12982816812336,12240
3002730,0,770619,45.405377030540414,17372
3002731,0,770888,28.115070627799366,5167
3002732,0,771078,3.616364636399985,4519
3002733,1,771213,125.1350308445429,3360
3002734,0,772239,0.8489686806671951,8422
3002735,0,772542,67.33044908518842,4740
3002736,0,772631,23.162411780875594,14430
3002737,0,772994,146.16843758037533,11046
3002738,0,773123,42.69974564722271,14647
3002739,1,773715,47.97796232591521,1879
3002740,0,773776,20.39237645618961,17031
3002741,0,774223,6.585414960480507,2966
3002742,0,774224,38.62515012694864,4077
3002743,1,774373,109.58934627018616,12227
3002744,0,774415,45.241936749750764,16407
3002745,1,774468,49.75916555497991,2168
3002746,0,774675,6.407116602927071,8805
3002747,1,774909,111.26821842286961,2118
3002748,0,775474,11.172301480191576,8862
3002749,0,775784,15.912403589668564,17250
3002750,0,776007,46.40954917270666,3424
3002751,1,776043,15.118653187616449,12382
3002752,1,776792,94.73186546754958,8451
3002753,0,777009,23.84258472303437,9913
3002754,0,777018,11.808304575171269,2353
3002755,0,777040,9.424180074530392,14119
3002756,0,777060,55.875257297892574,11655
3002757,0,777082,130.7089745487091,2393
3002758,0,777397,18.41404837766298,8954
3002759,1,777648,213.2349255233094,6558
3002760,0,777683,79.08260362391579,5380
3002761,1,778241,131.06432077533142,4779
3002762,1,778272,22.030666805102516,8601
3002763,1,778495,163.96043701578597,15104
3002764,1,778517,23.34500447730564,12020
3002765,1,778520,56.6511019439491,10639
3002766,0,778624,18.145353297667697,15719
3002767,0,778670,44.152890549783045,5210
3002768,0,778699,43.79492478472289,13660
3002769,0,778735,27.94419171397261,8730
3002770,0,779014,108.7863135450616,7117
3002771,1,779029,100.05586682834333,6389
3002772,0,779045,0.6938873700831306,17388
3002773,0,779197,93.09354346701548,17359
3002774,0,779483,20.065754250234733,7891
3002775,0,779541,31.384783122705308,8361
3002776,0,779830,0.33009416776420225,14087
3002777,0,780872,48.60483600935053,3115
3002778,0,781103,18.64481609340939,13184
3002779,0,781132,82.54047020758418,10257
3002780,0,781355,54.3575604454654,14479
3002781,0,781378,26.03672312354659,16561
3002782,0,781397,61.66256379952637,15331
3002783,0,781466,7.845197148707483,9323
3002784,0,782071,103.44796345840909,10543
3002785,0,782300,92.65984026610919,7994
3002786,0,782491,4.848447366744188,6510
3002787,0,783063,156.43995724831998,12564
3002788,0,783547,50.02261227036979,17528
3002789,0,783609,93.63437581689115,16487
3002790,0,783616,6.735971130100409,15838
3002791,0,783619,15.888560174161032,9033
3002792,0,783903,0.05765206433298617,2417
3002793,0,783966,15.192474867145572,16222
3002794,1,784124,27.52832095800599,10869
3002795,0,784255,18.04210903409715,5228
3002796,0,784315,12.859875637631788,1399
3002797,0,784720,20.824728986393517,5118
3002798,1,785011,60.19091969988656,10834
3002799,0,785416,8.269121538205466,17533
3002800,0,785626,115.8187189633765,5231
3002801,0,786407,11.507650135944392,17176
3002802,1,786502,56.491601506383404,15761
3002803,0,787387,21.933450024167563,10707
3002804,0,787431,2.524271149265128,12922
3002805,1,787508,48.3586713568788,6649
3002806,0,787873,77.99289608881833,6031
3002807,0,788056,1.814897551528893,7211
3002808,0,788314,32.02456848419092,3521
3002809,0,788441,130.76506724510153,3712
3002810,0,788790,27.618963298383985,11291
3002811,0,789188,22.284913905740787,6615
3002812,0,789330,9.79355832738333,17231
3002813,1,789516,16.348875467620694,15784
3002814,0,789562,40.190198660356856,17155
3002815,0,790050,88.34024257831322,16753
3002816,0,790093,91.18966025812578,14948
3002817,0,790200,5.525554889499056,2004
3002818,1,790315,5.644912421282551,11251
3002819,1,790494,48.02238994395173,15714
3002820,1,790610,118.81033980069562,13396
3002821,0,790635,32.317696496013156,2259
3002822,0,790641,34.807540217869224,3147
3002823,1,790768,7.976555675256986,1118
3002824,1,791286,13.16593303738833,11768
3002825,1,791756,41.6353606455761,7862
3002826,0,791778,18.58273119226921,12618
3002827,0,792001,22.50798901667045,7431
3002828,0,792414,174.39500038008794,8789
3002829,0,792717,68.68117073710329,5240
3002830,0,793067,5.984441749115493,5473
3002831,0,793333,4.568224587106358,2447
3002832,1,793741,14.804811430812947,7737
3002833,0,794705,112.51122980648272,4586
3002834,1,795513,116.28053684328617,7064
3002835,0,796860,10.341561779879507,16141
3002836,1,797096,48.88572879157746,17399
3002837,0,797411,5.6073349618552575,8007
3002838,1,798444,11.84486371373886,14358
3002839,0,798601,94.11374834429755,13142
3002840,0,798831,44.04640541219114,8056
3002841,1,798969,23.561204713706715,1793
3002842,1,799671,96.58252407289538,8981
3002843,0,799844,18.477067105562725,17296
3002844,1,800143,37.427710895786596,10364
3002845,1,800252,36.868493845008736,17360
3002846,0,800453,56.45832826644012,13834
3002847,1,801371,35.15090425867841,2288
3002848,0,801426,41.11797103926239,2796
3002849,1,801508,23.676041190109505,17256
3002850,0,801567,15.570650801944375,15008
3002851,0,801693,108.02296391228981,4037
3002852,1,802151,43.63853099239397,13371
3002853,1,802464,6.666994321827478,9101
3002854,0,803034,3.4807327937131345,10746
3002855,1,803874,36.69423941449359,15470
3002856,0,803976,44.494250932482785,2914
3002857,0,804153,94.4577904475864,7538
3002858,0,804286,3.0401224747083484,7368
3002859,0,804773,32.164439209413416,7242
3002860,1,804961,165.74729759053045,12579
3002861,0,805012,101.29233008327245,3475
3002862,1,805920,22.683051537421804,13812
3002863,0,805992,10.054355570935964,17974
3002864,0,806326,59.89185004835771,2190
3002865,1,806418,18.799917966344104,10899
3002866,0,806562,335.77952598533534,12700
3002867,1,806641,193.78386115441572,14902
3002868,0,806717,4.468128600397253,1905
3002869,0,807565,124.24390030924066,4080
3002870,0,807574,86.59109198083033,14675
3002871,0,808271,67.71742603930228,16904
3002872,0,808283,19.50350668357024,10522
3002873,0,808452,35.002839829113285,16621
3002874,0,808615,7.628673792354681,6368
3002875,0,809189,9.216674587206802,4216
3002876,0,809197,32.03326001155127,10169
3002877,1,809203,115.4613399852775,6528
3002878,0,809804,5.423417973430698,1820
3002879,0,809964,13.849595742631518,4269
3002880,1,810155,40.05912574031117,15973
3002881,0,811256,15.684047937185785,17580
3002882,0,811497,75.00455759831226,15516
3002883,0,811592,39.35196015565338,12879
3002884,0,811900,69.75627627525822,5885
3002885,0,812238,42.12855906343261,15716
3002886,1,812296,86.70505961141282,13226
3002887,0,812361,19.105470308329835,4620
3002888,0,812435,5.683510493887682,11940
3002889,0,812661,36.91664645203497,9146
3002890,0,812997,28.487508406633722,2577
3002891,0,813035,14.752330477576137,3121
3002892,1,813048,58.327923284525504,17777
3002893,0,813164,166.74417299826726,13380
3002894,0,813377,19.030472311184397,7881
3002895,0,813995,14.569837170898492,11716
3002896,1,814095,177.55473203594505,13836
3002897,1,814455,83.80599639026242,8581
3002898,0,814585,19.649215217234083,12441
3002899,0,814930,98.89327802356378,9358
3002900,1,814962,101.7717628524081,9208
3002901,1,815751,52.17783171583804,5435
3002902,0,815989,122.3854368501254,3163
3002903,0,816216,84.03985207946711,14373
3002904,1,816315,11.427937845949137,2047
3002905,1,816972,7.230782105649408,14628
3002906,0,817274,89.64239498366383,6229
3002907,0,817922,36.20476565969148,13575
3002908,0,818727,6.485801379628543,5877
3002909,1,819183,7.018586194080917,1750
3002910,0,819506,77.40331928148377,8906
3002911,1,819563,13.40401161994257,4301
3002912,0,820025,11.42158790018497,9900
3002913,0,820050,3.7492289539795283,6615
3002914,0,820581,10.34454059647322,10503
3002915,1,820883,176.8294342385176,15413
3002916,0,820970,15.55309664801603,3571
3002917,0,821041,46.14906809477479,15139
3002918,0,821318,23.116697598022927,2203
3002919,0,821982,61.37048712323132,16475
3002920,0,822753,29.581761354129377,3340
3002921,0,823244,39.55442179364423,17827
3002922,0,823370,41.76118006358473,5825
3002923,0,823830,62.64646602970466,16182
3002924,1,824058,3.643803981444759,5837
3002925,0,824062,23.95152285031952,12899
3002926,0,824721,61.23685164971021,5546
3002927,0,824809,35.08476645559012,13292
3002928,1,824847,81.97777489673501,12417
3002929,0,825373,6.851468432673919,7402
3002930,0,825403,12.273081613218952,13164
3002931,1,825796,37.32132849516124,17445
3002932,0,825954,86.2952497674383,8685
3002933,0,826046,18.909233777870675,17551
3002934,0,826081,59.42964428522535,16861
3002935,0,826709,45.33856029294774,14980
3002936,0,826942,9.028671067797351,6590
3002937,0,827075,10.632785295060959,6602
3002938,1,827569,137.45739533465007,16999
3002939,0,827623,22.12084474969707,12320
3002940,0,827643,71.14253073104337,5927
3002941,0,827791,98.5997004404667,5567
3002942,1,827884,26.952523531896734,16994
3002943,0,828126,7.6262315271717105,1119
3002944,0,828420,24.292939244694313,12773
3002945,0,828468,80.69161391244418,10641
3002946,1,828518,17.417681455947253,15899
3002947,1,829059,15.85944300467233,7397
3002948,0,829372,31.285759732926593,9763
3002949,0,829407,102.72033946954879,17388
3002950,0,829491,16.70637224360673,12801
3002951,1,829964,46.05731178950997,7202
3002952,1,830018,41.851767402036565,17623
3002953,0,830459,38.59653443426401,4687
3002954,1,830842,32.30045919896972,16018
3002955,1,831071,18.87496001778875,12220
3002956,0,831073,19.78930682997609,1487
3002957,1,831078,21.19281627490989,11576
3002958,0,831139,51.89925405378325,15444
3002959,0,831300,29.581901239096865,10973
3002960,1,831417,23.93800200988232,6843
3002961,0,832091,21.600746421294584,11257
3002962,1,832326,88.6909702168386,9090
3002963,0,832674,128.82659152492667,14155
3002964,1,833115,27.445731763040044,10939
3002965,0,833172,29.562948138645705,13692
3002966,0,833195,25.921810529228683,16727
3002967,1,833721,72.88800223091995,14496
3002968,0,833776,157.39182853139985,4161
3002969,0,834412,18.641243323685337,14001
3002970,0,834433,43.234468225479986,3008
3002971,1,834612,63.03192910595595,10806
3002972,1,834730,14.06009284766789,9641
3002973,0,834913,136.59377558057759,5269
3002974,0,834995,116.40711181532157,4440
3002975,0,835297,97.54162388815648,9152
3002976,1,835834,114.89277583628837,9624
3002977,1,835873,11.74323363596446,11047
3002978,0,835988,4.51285105900669,12046
3002979,0,836175,12.593481755799726,1882
3002980,0,836459,66.32127188114406,7963
3002981,1,836758,46.535265742870735,8017
3002982,0,837029,0.9318679146247276,11793
3002983,0,837053,36.66087158114773,13974
3002984,0,837179,50.16388621215382,10182
3002985,0,837229,103.93996836112558,17361
3002986,1,837438,194.45787820238078,7689
3002987,0,837447,2.2782790744920303,8335
3002988,0,837594,10.297421694856709,6782
3002989,1,837605,2.7731739114970306,15616
3002990,0,837751,42.96246569461405,13115
3002991,0,838502,1.9668491726624482,11881
3002992,1,838943,57.38771450545834,5428
3002993,0,839146,31.44773285480513,10790
3002994,0,839316,21.269610725229665,8628
3002995,0,839636,11.950054646503284,8706
3002996,0,840229,54.82307554665922,2991
3002997,1,840522,55.5429789681792,11110
3002998,1,840577,21.91806867982229,7402
3002999,1,840813,36.93377805741868,13175
3003000,0,840885,25.50691303500137,14708
3003001,1,841094,21.359164844124205,17997
3003002,0,841229,3.4109979849852436,16686
3003003,0,841234,0.6845403109142724,15609
3003004,0,841776,12.834830167793237,15267
3003005,1,841831,71.17516170642395,13426
3003006,0,842308,1.6624847895802102,12871
3003007,0,842436,3.0793891470809376,6750
3003008,1,843151,64.07771966674252,9172
3003009,0,843163,2.193713318833141,15225
3003010,1,843486,76.11772104419549,8600
3003011,0,843925,46.700823077274656,6612
3003012,0,843994,62.543841884588225,3675
3003013,1,844111,231.00504881896336,6654
3003014,1,844291,121.07864088631986,3226
3003015,1,844332,94.70443323187052,1470
3003016,0,844666,81.15994997286153,13013
3003017,0,844903,7.318802208562006,9262
3003018,0,844943,5.56324805059017,10328
3003019,0,845073,125.44022923564677,4404
3003020,1,845763,13.465083575021145,13041
3003021,0,845776,6.631905154731835,13116
3003022,1,845845,38.678685281413195,7159
3003023,0,846103,37.8575847015797,11430
3003024,0,846223,7.5310020422580894,9882
3003025,1,846283,102.64311597385831,14472
3003026,0,846389,82.36072371471657,12168
3003027,1,846424,20.19461708016714,6055
3003028,0,846514,27.14654951686888,2870
3003029,0,846921,34.18773298573826,2509
3003030,0,846961,0.7988285317835572,3222
3003031,0,846972,22.080689896178953,2095
3003032,0,847082,26.500788249588254,2446
3003033,0,847429,0.9404252321641813,6550
3003034,0,847478,8.93052654120065,14015
3003035,1,847620,54.63525361480088,10469
3003036,0,847833,20.788937365426573,4235
3003037,0,848017,148.84671568686906,1534
3003038,0,848311,36.463550545863185,4035
3003039,1,848654,13.386824383801802,14727
3003040,0,848666,45.00809558950225,10954
3003041,1,849149,41.62668023804062,15123
3003042,1,849307,51.28329565497739,7324
3003043,1,849314,50.99251927628809,7562
3003044,0,849558,62.04176600262268,14013
3003045,0,849829,187.34892500115464,2797
3003046,0,850186,19.46838766754603,7858
3003047,0,850286,39.785024842062384,3558
3003048,0,850457,15.362311528881314,8198
3003049,0,850530,101.38300738426278,9656
3003050,1,850585,199.7598867042038,6935
3003051,0,850955,137.64036383818367,14066
3003052,0,850991,19.70066982174101,11225
3003053,0,851058,23.979837626089736,8924
3003054,0,851227,20.787527024186694,15799
3003055,0,851240,50.940949762262754,17046
3003056,1,851500,13.215067948053182,11781
3003057,0,851567,11.285819544306051,4352
3003058,0,851616,149.942835310426,12389
3003059,0,851740,118.36247202909418,16150
3003060,1,852363,127.12628735258981,7238
3003061,0,852364,12.710451702894602,5493
3003062,1,852478,29.605536522423144,14655
3003063,1,852668,54.35172001463548,13118
3003064,0,852967,4.454673503021912,15905
3003065,0,853146,6.147413251433621,8728
3003066,0,853398,137.81158896884355,3204
3003067,0,854312,1.1928293695568417,1641
3003068,0,854335,53.49805001217378,12806
3003069,0,854829,54.256390124241825,6374
3003070,0,854962,26.65193074654336,17025
3003071,1,855089,51.934531315746604,5638
3003072,1,855211,59.44333050752889,8476
3003073,0,855534,27.40061836354811,10902
3003074,0,855737,43.20969965278695,7745
3003075,0,855791,10.566548196414953,3486
3003076,0,856223,8.089127119712527,6394
3003077,0,857017,17.123351545039377,10278
3003078,0,857031,140.11315943323518,12324
3003079,1,857228,12.358324029556703,4768
3003080,0,857459,130.34420177123823,4364
3003081,0,857536,36.808745599870974,14714
3003082,1,857644,27.381013600607634,9109
3003083,1,857703,2.4227380218924868,14114
3003084,1,857764,105.34872963192699,11910
3003085,0,857897,12.640720003498013,7928
3003086,0,857949,44.108852291221666,4249
3003087,1,858201,27.48928794483861,8230
3003088,1,858541,82.1762570242375,1318
3003089,0,858628,20.397114061302638,2567
3003090,1,858688,174.79058872306965,8053
3003091,1,858734,13.665762087735692,17849
3003092,0,858946,106.74700703589511,1505
3003093,0,859216,146.70783251484855,13537
3003094,0,859370,7.832290311146705,4032
3003095,0,859482,17.125738570290014,17282
3003096,0,859709,35.73845752534394,5678
3003097,1,859721,36.79233548337293,8607
3003098,0,859918,5.654321648941717,4732
3003099,1,860137,24.13559752243829,2625
3003100,1,860139,80.66898222423335,15381
3003101,0,860221,6.124163468660493,2384
3003102,0,860387,44.949312546584395,11768
3003103,0,860583,62.288370481656266,7802
3003104,0,860730,44.12639174305189,16385
3003105,1,860781,10.866164342066567,10857
3003106,1,861788,1.8641167720383183,9456
3003107,0,861892,23.47975089892627,7223
3003108,1,862309,0.7758168748489865,2711
3003109,1,862839,1.561403151862444,7090
3003110,0,862926,39.23999348014598,6134
3003111,0,862970,19.866525675274225,15889
3003112,1,863222,52.98881541502257,16056
3003113,0,863228,114.57151907413665,15239
3003114,1,863488,45.46579651604418,2052
3003115,0,863753,3.10424771100958,13876
3003116,0,864249,4.6269837828911955,14434
3003117,0,864886,33.76816536965849,2048
3003118,0,865287,18.76088225499853,1921
3003119,1,865652,13.632743947001217,13428
3003120,0,865846,22.498578670063562,10418
3003121,1,865860,48.21947775439312,17839
3003122,0,866033,14.547049780373555,5276
3003123,0,866524,0.34675757456440487,5631
3003124,0,866826,35.96741300964161,10125
3003125,0,866991,35.28658247849494,8927
3003126,1,867141,41.10249161209444,2658
3003127,1,867222,83.97015548176125,8008
3003128,0,867233,143.73315161725898,9244
3003129,0,867558,34.6215473947472,5389
3003130,0,867706,10.831677521895736,3780
3003131,0,867707,33.7223436903102,10556
3003132,1,868325,0.6843369445845096,11609
3003133,1,868932,21.839555899963887,5586
3003134,1,869268,25.69985057714882,2039
3003135,0,869338,87.50984167058067,13828
3003136,0,869400,78.55627481166042,5294
3003137,0,869500,100.84092232893398,6483
3003138,0,869702,28.06510773286424,14012
3003139,0,870038,17.423241469258972,2637
3003140,0,870198,2.849209016459736,16329
3003141,0,870536,64.09949048650691,5677
3003142,0,870680,7.832862415674111,12167
3003143,0,871218,39.53185358471528,2873
3003144,1,871240,47.60426073559446,3575
3003145,1,871900,261.3870869938239,15411
3003146,0,872043,45.44894214182789,4780
3003147,0,872090,1.0881038243608214,12276
3003148,0,872798,19.16893939028597,7819
3003149,0,873022,65.49026033377858,15914
3003150,0,873057,23.586065964418065,13317
3003151,0,873189,205.2179195315256,16027
3003152,0,873439,39.38140571686606,3283
3003153,0,873447,3.504454218729077,10470
3003154,0,873481,95.64372731154641,4462
3003155,0,873861,7.573648181906097,5194
3003156,0,873866,96.72605711604186,5091
3003157,0,874090,9.195959502107474,2669
3003158,0,874500,15.816345970189333,10744
3003159,0,875102,71.40738187744185,10740
3003160,1,875178,77.17722148309625,12188
3003161,0,875301,21.65570110086985,16459
3003162,0,875659,4.440288308015051,9553
3003163,0,875962,86.81922357296824,1241
3003164,1,876213,23.105987104435727,14397
3003165,1,876227,102.99617087798612,6994
3003166,0,876886,17.10793709705798,5211
3003167,0,876901,43.115735778371025,9173
3003168,0,877049,77.19246871156695,5953
3003169,0,878473,26.299336896558533,11545
3003170,0,878507,104.90043135638179,1044
3003171,1,878809,115.82060831821582,3645
3003172,0,879243,4.691837823494662,14216
3003173,0,879545,98.82544734207191,9096
3003174,1,879862,43.591790785891774,3404
3003175,1,880021,103.89069284307912,16976
3003176,0,880150,24.3076728870532,11566
3003177,0,880557,18.18260762090104,10910
3003178,0,880596,113.55467191867656,7877
3003179,1,880941,127.90848187735536,2706
3003180,1,881407,32.695428614781804,17240
3003181,0,881678,2.990293270749981,6053
3003182,0,881933,8.910508853828677,6101
3003183,1,881940,166.40516550583644,8395
3003184,0,882127,45.328321773197466,14327
3003185,0,882181,56.80541661244002,16653
3003186,0,882374,12.094564336086574,9832
3003187,0,882564,8.196002317546263,11473
3003188,0,883010,43.542974895961585,7323
3003189,0,883210,54.91606451295594,13798
3003190,0,883391,58.22470843859124,4676
3003191,0,883792,35.48517624205148,6591
3003192,0,884618,16.385718143503706,9650
3003193,0,884714,91.59992313056105,14182
3003194,0,884969,34.087632564901845,2383
3003195,0,885101,90.50139245674266,14121
3003196,0,885489,2.677614349494263,16230
3003197,0,885830,117.6570274901913,4502
3003198,0,885919,4.277213363494972,3774
3003199,1,886069,27.84900520143701,13172
3003200,1,886215,1.6359811438840368,15238
3003201,1,886607,115.16839777762256,9738
3003202,0,887901,51.51521454267068,13227
3003203,0,888099,18.72383848091477,2447
3003204,0,888473,23.006820183809143,8116
3003205,0,888698,48.125844690454194,6975
3003206,1,888817,102.68950548823685,14767
3003207,1,888898,6.182060930276989,17360
3003208,0,888976,25.77024782470317,12531
3003209,0,889142,95.61684801689826,9425
3003210,1,889426,133.52168957123362,11452
3003211,0,889465,4.107932999972576,9275
3003212,0,889600,27.564565440965932,11419
3003213,1,889830,21.400959725908216,17507
3003214,1,889947,8.110883778326802,15898
3003215,0,890904,39.24903990927125,7042
3003216,0,890924,22.985721353938555,9897
3003217,0,891247,31.969158520512654,8119
3003218,1,891583,8.181342996218179,7501
3003219,0,891793,6.846123786705342,15112
3003220,0,892202,95.75132398740112,16839
3003221,0,892510,18.062652448584952,1985
3003222,0,892856,98.43945183355778,6401
3003223,0,893025,31.792492951839257,11273
3003224,0,893149,107.28374260047117,13670
3003225,1,893163,17.778373605315014,10021
3003226,0,893329,98.23378039802718,13859
3003227,0,893788,78.99066399617142,2881
3003228,1,893822,199.0414284926772,9890
3003229,0,894079,70.78364276820109,7332
3003230,1,894278,5.818740696636547,14891
3003231,1,894359,10.46045444165685,16074
3003232,0,894729,1.1460794170740036,8117
3003233,1,895322,195.9918343368143,2737
3003234,0,895627,31.014473370177843,8458
3003235,0,896617,122.76324851749824,10190
3003236,0,896734,57.015506276619874,6551
3003237,0,897264,0.6183311330011322,14127
3003238,0,897625,6.2419865072269625,12227
3003239,0,898706,7.742411605062907,6890
3003240,1,899314,40.27255530046267,3626
3003241,1,899543,59.987794658454284,6458
3003242,0,899962,12.127373347775459,4486
3003243,0,900005,41.90562348085828,15224
3003244,0,900292,63.88835285095129,15625
3003245,1,900343,147.31180902102088,14316
3003246,1,900704,85.58009638466449,9491
3003247,1,901436,90.8313382354017,3773
3003248,1,901508,62.17659399801472,6892
3003249,1,901572,279.8574240349192,8034
3003250,0,901652,35.87180042696768,14328
3003251,0,901933,71.04446441983909,7193
3003252,0,902106,7.337952069752649,11001
3003253,0,902167,28.56684391375363,13024
3003254,0,902259,32.09930953576427,2893
3003255,0,902435,5.682110170915877,9853
3003256,0,902762,10.586309078391166,16391
3003257,0,902829,52.293727161652114,17866
3003258,0,903227,61.00376871900862,16594
3003259,1,903268,23.923127598640967,15509
3003260,0,903269,2.86380200762597,3411
3003261,0,904113,16.552878978030694,9323
3003262,0,904717,77.61722672857105,7930
3003263,0,904786,62.77002077193614,2359
3003264,0,905088,31.909838575908324,4249
3003265,0,905142,17.480008642745197,15048
3003266,0,905229,109.81509487219742,13256
3003267,0,905319,2.191652139485796,16628
3003268,1,905546,11.437049328565351,9288
3003269,0,905607,16.825568887818697,13753
3003270,0,905620,23.97016002343467,17434
3003271,0,905793,26.920019962594726,2994
3003272,0,906369,33.55247597047904,10861
3003273,1,906386,51.582890074267894,9497
3003274,1,907045,72.75631382571862,11199
3003275,1,907219,82.6968457444936,8573
3003276,0,907330,103.92024997335565,5827
3003277,0,907513,23.581227103208313,14904
3003278,0,907514,1.9559936479520603,10713
3003279,0,908184,66.09123466804732,16991
3003280,0,908852,46.044009484756074,9452
3003281,0,908862,46.360901240572495,10253
3003282,1,909162,1.845667699568705,4513
3003283,0,909520,52.36811432258508,15994
3003284,0,910109,108.2957344225156,3673
3003285,0,910441,15.709574267511863,11409
3003286,0,910849,18.118399299969656,2799
3003287,0,912187,9.476592048700947,14786
3003288,1,912747,107.8948794077235,17884
3003289,0,913177,28.770435555740985,7632
3003290,0,913265,14.769798806511266,8296
3003291,1,913304,35.7158517398188,3777
3003292,1,913634,100.06613707038461,12292
3003293,1,913993,129.2942746375096,5378
3003294,0,914053,15.547014687466437,12333
3003295,0,914390,47.165949711629985,14233
3003296,0,915180,35.51709717988808,17631
3003297,0,915519,43.505589569006446,13910
3003298,0,915688,118.90801164172832,4890
3003299,0,915993,25.094621092728246,7535
3003300,1,916456,28.060839447549796,2865
3003301,0,916484,15.880018070197256,5013
3003302,0,916707,23.54743387074179,17587
3003303,0,917356,46.68121213991661,1529
3003304,1,917409,14.32466624646267,12950
3003305,0,917766,38.470064744859975,5938
3003306,1,917851,54.57107889352587,16965
3003307,0,918335,36.331970049922525,1171
3003308,0,918509,93.07065794387407,1696
3003309,1,918671,35.650634710306434,14559
3003310,1,918867,12.242994710346833,3399
3003311,0,919058,22.78157027632695,13502
3003312,0,919168,0.6239143260262948,11942
3003313,0,919184,2.197288858937394,12054
3003314,0,919479,11.512562837498544,1658
3003315,0,920321,32.51373470896185,7013
3003316,1,920446,46.52495178998696,16990
3003317,0,920533,30.77471698766653,2080
3003318,0,920732,9.84764278382376,1146
3003319,0,920870,21.849152259748276,17885
3003320,1,921138,54.836169519883114,3994
3003321,0,921755,67.89437630303419,16692
3003322,0,921934,2.361181889820075,5244
3003323,0,922185,43.311482335051565,6362
3003324,0,922201,74.45565511606303,11813
3003325,1,922474,93.290742660595,14302
3003326,0,922642,69.88128886416467,16906
3003327,1,923716,50.505821944667254,16446
3003328,1,923863,131.6643333049254,15471
3003329,1,923885,51.721318878914715,8318
3003330,0,924139,21.078347103545866,16677
3003331,1,924198,23.983884270833755,10785
3003332,0,924207,20.318265986582908,9319
3003333,0,924221,84.48050599398532,16273
3003334,0,924321,59.93870212593685,17057
3003335,0,924655,19.49570437512175,7491
3003336,1,924760,34.98302723306892,12660
3003337,0,924808,239.82130048437264,13100
3003338,0,925398,25.102443440378014,2087
3003339,0,925616,72.53643310748659,7667
3003340,0,925821,21.923919711833424,3621
3003341,0,925963,10.117466009581753,10997
3003342,0,926071,47.287102882661394,2709
3003343,0,926223,84.85508827113112,11746
3003344,0,926379,17.151869472640584,9765
3003345,0,926741,121.15972777458765,1604
3003346,1,926826,72.8125092383302,4795
3003347,0,927410,17.674093256164124,11870
3003348,1,927630,72.45684347042395,17315
3003349,0,927835,92.83497444270081,4817
3003350,1,928105,37.504069911681675,7583
3003351,0,928451,7.506736108000784,15252
3003352,0,928459,127.659259359771,15411
3003353,0,928463,128.5846081507694,7585
3003354,0,928646,10.889611646281418,14913
3003355,0,928664,27.76975380326287,10465
3003356,1,928668,71.65613227468161,4129
3003357,0,928836,40.53111923932166,14516
3003358,0,928865,101.16526038063223,3242
3003359,0,928917,5.8486456975796735,15477
3003360,0,928921,144.26925263065493,11385
3003361,0,929085,28.452870598735192,5734
3003362,1,929325,5.342597055878838,8124
3003363,0,929330,27.320215552206683,8803
3003364,1,929438,9.25750105157674,7736
3003365,0,929698,156.37740669621041,16389
3003366,1,930689,28.65527188712876,9439
3003367,0,931349,72.11789356888515,11557
3003368,0,931874,2.581668540908435,1575
3003369,0,931882,27.23842780101705,11035
3003370,1,932521,127.66068583210371,6269
3003371,0,932661,4.437489432653218,5435
3003372,1,933058,36.425706664251194,5486
3003373,0,933331,22.791697440985597,9767
3003374,1,933733,11.635113311509853,13973
3003375,1,934341,43.41131321318489,8941
3003376,1,934362,9.744923982970757,6216
3003377,1,934580,41.877198254665515,6355
3003378,0,934641,120.19226903604168,6436
3003379,1,935406,45.202072059292874,13521
3003380,0,935565,4.258362291447972,5017
3003381,1,935788,179.57610319149597,5571
3003382,0,935995,26.126897354676355,1134
3003383,0,936239,18.033105255013712,10642
3003384,0,936370,43.68867820939724,7585
3003385,0,936720,42.88867162039947,5253
3003386,0,937201,21.72091893124089,2760
3003387,0,938215,45.44883427011383,15420
3003388,0,938682,10.003236708152656,9256
3003389,0,938776,37.48443020068757,15752
3003390,1,938810,1.067766795591934,16645
3003391,0,938977,42.12355788477568,11857
3003392,0,939027,51.49611567905515,9927
3003393,0,939129,66.71505258412382,14442
3003394,0,939776,2.476597470948165,13034
3003395,1,940020,8.895744722811514,9813
3003396,0,941032,12.067778619087582,6860
3003397,0,941563,6.243262112827503,7413
3003398,1,941632,31.813385742412137,17245
3003399,0,942163,50.372322022061056,4641
3003400,0,942316,45.021538097486605,14109
3003401,1,942322,4.563348548341976,14990
3003402,1,942354,59.83047109709047,17820
3003403,1,943448,13.916648183454056,16839
3003404,1,943455,228.8854166505788,3554
3003405,0,943540,41.63205404462621,7438
3003406,0,943563,63.90737889919394,14946
3003407,0,944434,48.73241258370603,16242
3003408,1,944569,13.439703958286058,9567
3003409,0,944979,2.0475646161936987,1687
3003410,1,945040,49.59714077049108,14974
3003411,0,945201,22.73026451031113,1705
3003412,1,945683,31.625963094312308,14557
3003413,0,945736,2.437446645407262,12443
3003414,0,945763,14.957085982723422,4568
3003415,1,946038,141.79534546429045,1657
3003416,0,946236,44.65600540463336,15551
3003417,0,946486,11.483811444717855,15917
3003418,0,946494,30.52293817088779,13113
3003419,0,946888,50.33909211624342,9741
3003420,0,947005,27.462541689384608,5766
3003421,0,947018,106.1702717948974,7458
3003422,0,947519,15.249457232955866,17666
3003423,0,947646,54.6356534370573,3950
3003424,0,947708,43.031700599619896,9591
3003425,0,947765,3.0428512363970635,1009
3003426,1,948092,109.78229203225132,2240
3003427,0,948310,0.7470018325591312,12426
3003428,0,949011,10.698470908503356,16004
3003429,1,949614,70.34109833805745,6193
3003430,1,949975,25.21503651622125,17063
3003431,0,949991,124.09931413246076,17220
3003432,0,949999,50.271678681297125,13022
3003433,0,950449,46.54652217714102,6300
3003434,1,950479,59.96883835778164,12387
3003435,0,950488,16.388181456796598,16389
3003436,1,950972,41.98679500969039,16359
3003437,0,951167,20.71827604755837,13488
3003438,0,951292,60.68146636072538,17076
3003439,1,952035,27.60345349502246,6356
3003440,1,952274,122.44726699475974,15663
3003441,0,952761,136.0807300608507,15320
3003442,0,952906,41.51168452719588,5030
3003443,1,952994,133.1950642137802,5830
3003444,0,953182,2.937883493316769,11008
3003445,0,953624,59.2010629562164,16037
3003446,1,953821,29.849990419142173,7406
3003447,0,954319,34.349319813885515,8655
3003448,1,954948,30.14193579447209,3032
3003449,0,955242,18.17516373870195,10749
3003450,1,955602,14.386035512319499,16265
3003451,1,955663,32.83737416206994,2479
3003452,0,955814,68.17507548501068,9885
3003453,1,956493,2.810822815144452,4431
3003454,0,957216,57.64186115349741,17450
3003455,0,957376,77.79185146417483,7869
3003456,0,957526,155.94686418805097,10378
3003457,1,957908,20.34733269709392,14095
3003458,0,957917,28.759695469307395,11144
3003459,0,958298,17.255147162823945,6449
3003460,0,958324,8.850856289789187,4248
3003461,0,958395,33.62844764039964,7439
3003462,0,958776,2.7718946181912942,13738
3003463,1,959321,31.342851205814448,2415
3003464,0,959328,2.179302843566469,12162
3003465,0,960152,30.021617584452255,8371
3003466,1,960154,21.93782710605478,10503
3003467,0,960190,1.860066266047225,8013
3003468,1,961038,74.15676769518252,4756
3003469,1,961065,36.04325089755357,10440
3003470,0,961323,4.094352280143303,1994
3003471,0,961390,58.757263331244616,16436
3003472,0,961502,21.050723040067687,6291
3003473,0,961881,25.054578686404206,11525
3003474,1,962021,48.413526437456724,4463
3003475,0,962298,15.474738895297492,7162
3003476,0,962371,5.574763958220622,12768
3003477,0,963736,35.325246280170504,7261
3003478,0,963883,7.194549106400648,11003
3003479,0,963895,75.75032227844366,6128
3003480,1,964572,43.64745490253007,2383
3003481,0,964825,54.18474103713232,10421
3003482,1,965129,21.202683409591597,1122
3003483,1,965284,5.489920035669636,7521
3003484,0,965365,37.98205849814538,3831
3003485,0,966073,49.025733283942586,3011
3003486,1,966081,28.53442153569438,5660
3003487,0,966160,7.838281235442792,14798
3003488,0,966406,65.66256451963646,1664
3003489,1,966527,20.581310882488925,17660
3003490,1,966533,49.20973760475419,13377
3003491,0,967393,28.52325345448446,13472
3003492,0,968248,143.13013749475024,17638
3003493,1,968958,155.32832859262084,2219
3003494,0,969566,77.380922514734,4809
3003495,1,969730,218.49706769860563,13586
3003496,0,969845,67.89664542600782,12802
3003497,0,970158,3.552092102006215,9505
3003498,1,970486,23.996458766158895,9169
3003499,1,970818,31.936619108377894,7454
3003500,0,970939,6.122423015775873,11834
3003501,0,971201,10.879855524817463,7227
3003502,0,971382,12.256505488341588,3045
3003503,0,971666,7.954459189075711,10483
3003504,0,972650,48.3045898246832,12968
3003505,0,972765,22.794509382826618,14333
3003506,0,972925,19.17576183542115,15342
3003507,0,973156,113.21155672492971,4189
3003508,0,973720,53.14405738377138,10824
3003509,1,973787,70.25322307143183,5642
3003510,1,974015,119.0781440370853,8435
3003511,1,974130,62.01337967927309,15122
3003512,0,974426,7.58472008277004,2344
3003513,0,974482,5.524580452462338,12080
3003514,1,974527,9.805877408968943,14666
3003515,1,974550,26.77908823625273,9984
3003516,0,974837,40.627334132886226,5007
3003517,0,974837,47.14345645637918,8900
3003518,0,974929,44.16417097978067,11904
3003519,1,975825,372.9785297256605,13180
3003520,0,975977,6.009947112160862,14879
3003521,0,976238,66.14688450457176,17971
3003522,0,976320,1.4895245379723558,6827
3003523,1,976424,18.166942783402284,15946
3003524,1,976447,59.387611644154525,11873
3003525,0,976801,18.720708750933223,1186
3003526,0,977153,0.7215668242906746,5615
3003527,0,978267,72.42920216635488,9401
3003528,0,978369,103.42560945762627,8866
3003529,0,978597,31.652638439300773,3493
3003530,1,978618,31.653157987450083,5092
3003531,0,979117,49.1058292780491,8216
3003532,1,979409,230.39367187323342,8467
3003533,1,979671,20.012037761508186,16739
3003534,0,980042,58.06249509945016,9918
3003535,0,980972,154.59280425732197,11482
3003536,1,981130,57.5328455289965,15438
3003537,0,981234,6.84767441711461,7793
3003538,0,981688,85.5946840572124,11205
3003539,1,981902,97.31422360533523,6772
3003540,1,982132,82.47597621935938,5180
3003541,0,982432,38.499739161349176,11953
3003542,0,982928,43.172210267290055,8218
3003543,1,983173,21.353316301100776,1546
3003544,0,983187,11.205257295276551,6451
3003545,0,983431,5.557270643001154,9807
3003546,1,984005,17.36761611981726,16254
3003547,0,984305,14.266397276206419,14319
3003548,1,984614,217.91512553902507,13987
3003549,0,984679,6.936125669083479,17691
3003550,1,985131,85.9366871140327,14291
3003551,0,985388,4.735733525751392,12144
3003552,0,985447,7.808901867904114,13259
3003553,1,985528,53.93901165805721,6225
3003554,1,985621,19.205606955033005,10494
3003555,1,985705,77.33612868172857,4464
3003556,0,985791,41.4124701994347,4319
3003557,1,985942,17.814503195951676,14361
3003558,0,986094,25.05570767719548,2922
3003559,1,986793,31.552807670706713,6991
3003560,0,987166,81.77714233719666,16946
3003561,0,987941,17.689119825658185,17777
3003562,0,988154,27.73264422219305,14138
3003563,0,988279,49.61520572138794,6505
3003564,0,988482,21.052976746311554,13552
3003565,1,988630,272.7888318346713,17711
3003566,0,988650,14.585364636795687,15716
3003567,0,988811,36.76031047952007,3417
3003568,0,989706,47.7191416797501,7786
3003569,1,989984,51.184630482539475,8277
3003570,0,990391,29.844788017114343,17211
3003571,0,990804,26.746888674185275,14137
3003572,0,991659,67.15362730642244,6723
3003573,0,991757,37.95651861802604,16360
3003574,0,991867,65.72237662583986,3626
3003575,0,991953,79.15924838717348,12732
3003576,0,992172,10.612613219538039,3154
3003577,0,992218,32.8746809465702,4878
3003578,0,992433,12.30825142454835,8495
3003579,0,992881,23.01877275387436,6307
3003580,0,993156,67.74608401083215,4271
3003581,0,993421,0.6952521220613815,12043
3003582,0,993463,52.12444707238102,16244
3003583,1,993767,95.38878479676166,11329
3003584,1,993999,31.068260462208002,8509
3003585,0,994238,19.591368909722064,11052
3003586,0,994256,0.9169279058881662,8495
3003587,1,995230,67.36527918949714,14218
3003588,1,995581,9.816443537183991,13566
3003589,0,995861,7.7657423004632316,7118
3003590,0,995882,3.5109807476479897,6151
3003591,1,996029,134.8226171448002,7228
3003592,0,996455,3.8158403727512074,15481
3003593,1,996531,104.35200569353267,2442
3003594,0,996547,11.599209646144137,8012
3003595,0,996924,3.681855471692775,13333
3003596,1,997310,31.037665361373335,13713
3003597,1,997740,89.89730912785213,7848
3003598,0,998604,94.79435736521341,11243
3003599,0,998717,7.10088482996213,16746
3003600,0,998885,240.85854518934667,6745
3003601,0,998904,14.955802534875046,11661
3003602,0,999558,46.33966830219249,11673
3003603,0,999877,43.06979353892402,8442
3003604,0,1000094,54.47327736253318,16110
3003605,0,1000238,68.06047109364137,14675
3003606,1,1000262,76.99036028441978,3432
3003607,1,1001135,0.1659254259524891,4259
3003608,0,1001452,18.843387717918954,7164
3003609,1,1001527,14.60347888395698,10217
3003610,0,1001663,35.89277665152482,14158
3003611,0,1001686,3.425760539733163,14760
3003612,0,1002444,11.300794474877781,17475
3003613,0,1002484,4.966309216321191,13277
3003614,0,1003168,104.77235209914726,9766
3003615,0,1003297,27.225319230212953,15153
3003616,1,1003621,125.43328860567607,5110
3003617,0,1003650,6.961383443994781,9854
3003618,0,1003714,70.46980267733079,15238
3003619,0,1003956,69.35178480637786,16693
3003620,0,1004141,41.72020451783462,11567
3003621,0,1004263,41.791150248118576,3405
3003622,0,1004359,29.311585636441094,7601
3003623,0,1004363,88.04185327609095,6055
3003624,0,1004487,8.426100324594374,3796
3003625,0,1004570,1.613654095346302,9616
3003626,0,1004918,23.36970890254694,12686
3003627,0,1004995,42.589978032343026,12176
3003628,1,1005367,137.56729272547173,13926
3003629,0,1005891,3.3865283675064464,5498
3003630,1,1006233,62.411813204971665,3039
3003631,0,1006422,10.856438786716033,12892
3003632,1,1006452,45.26686930414369,5407
3003633,0,1006603,47.74139628041645,12728
3003634,0,1006623,2.1221315147538578,12680
3003635,1,1006691,6.629336662717265,9919
3003636,1,1007177,133.30706459425897,4602
3003637,0,1007871,20.646234135357197,2470
3003638,1,1007999,36.95340061431131,14840
3003639,0,1008179,0.30850472493609243,1524
3003640,0,1008304,21.582511417967247,17437
3003641,0,1008970,56.85943969574679,17981
3003642,1,1008993,26.643525406261592,7047
3003643,1,1009012,221.3777255639984,6130
3003644,0,1009183,41.20213049210801,5443
3003645,0,1009531,15.15664004405894,16291
3003646,0,1009738,25.686399670576954,4496
3003647,0,1009930,54.767919658437734,15318
3003648,0,1009990,132.37628444149482,4982
3003649,1,1010214,20.92587283416879,17844
3003650,0,1010466,108.03828857859227,2698
3003651,0,1010678,39.29690821484586,9474
3003652,0,1010700,8.535895622116533,13283
3003653,1,1011524,38.987850866717295,17303
3003654,0,1011736,13.253641607053938,2917
3003655,0,1011969,47.89547563154279,3967
3003656,0,1012070,8.44912841592281,7713
3003657,1,1012323,37.035624066808715,15713
3003658,1,1013089,92.82819194715003,15790
3003659,0,1013298,2.3083905030801475,4480
3003660,0,1013319,23.61686211315355,8404
3003661,0,1013442,18.97510230103722,10664
3003662,0,1013500,51.50901912875435,15100
3003663,1,1013632,48.23216895779085,14898
3003664,0,1013695,60.93021123315015,17065
3003665,0,1013826,16.63661599090641,3118
3003666,0,1013852,4.4630799073032925,7346
3003667,1,1013927,113.246096919636,5585
3003668,1,1014277,11.883645143980418,7835
3003669,0,1014357,11.239525759309252,12407
3003670,0,1014492,11.167388224551573,5358
3003671,1,1015044,225.79711641633673,4152
3003672,0,1015123,49.70465043317135,11062
3003673,0,1015178,18.117577166751,1284
3003674,1,1015367,52.936321327962034,12184
3003675,0,1015598,63.504922733391325,16539
3003676,0,1016057,71.35264057837244,11560
3003677,1,1016430,11.660581239679033,2049
3003678,0,1016454,58.07501341227474,2254
3003679,0,1017512,92.5086230155498,7567
3003680,0,1017570,47.58635569565403,10668
3003681,1,1017636,52.84005183602838,17377
3003682,0,1018359,48.81152816836766,11089
3003683,0,1018806,148.00095178410743,10505
3003684,0,1019116,18.71987672116095,4183
3003685,0,1019637,46.90443531827736,13097
3003686,0,1020028,84.83115317500086,13685
3003687,0,1020835,28.608016974115785,8569
3003688,0,1021235,85.21589669532602,8568
3003689,1,1021305,149.08541430916628,14117
3003690,1,1021815,91.36469019295251,5184
3003691,1,1021858,62.49307885425818,7994
3003692,0,1022106,25.50707916314321,5598
3003693,0,1022500,29.034992537254478,9080
3003694,1,1022722,14.2267831357125,16812
3003695,0,1022727,18.322992146980173,16248
3003696,0,1022876,23.45639766995513,10573
3003697,0,1023786,45.15115971538531,13628
3003698,1,1024517,143.99717982760728,2916
3003699,0,1024599,78.03554797082312,1049
3003700,0,1024605,16.536622666061625,3424
3003701,0,1024707,39.0185224116022,11181
3003702,1,1024821,88.31364087744198,9219
3003703,0,1025110,28.663793459734286,12418
3003704,0,1025408,33.0436680394813,5576
3003705,0,1025450,36.48819358095194,2014
3003706,0,1026020,156.00356734498388,9390
3003707,0,1026687,25.86673774934729,11420
3003708,0,1026732,0.8698429099554513,6604
3003709,1,1026769,16.210850247728814,16782
3003710,1,1027200,44.18662309256776,1578
3003711,0,1027609,64.73955646110034,4741
3003712,0,1027757,23.71051735618299,14243
3003713,0,1027955,15.730705698575303,12198
3003714,0,1028041,95.95015774690377,8235
3003715,0,1028242,9.130162888689089,9762
3003716,0,1028335,9.287649353246481,12066
3003717,1,1028812,233.27534973688157,6948
3003718,0,1028942,1.3039740937477828,10468
3003719,0,1029067,39.41694686265102,5334
3003720,0,1029235,46.72499534459046,17136
3003721,0,1029313,102.83911020713154,15532
3003722,0,1029637,7.500230601079112,9138
3003723,0,1029638,17.684395797394192,9867
3003724,1,1029670,50.03290284900296,1666
3003725,0,1029869,61.26257503147238,4510
3003726,0,1030282,7.347119949442628,15111
3003727,0,1030766,12.73036995529044,17998
3003728,0,1031571,100.26324839752672,4121
3003729,0,1031987,142.78511154406905,14003
3003730,1,1032064,46.68541499218613,9041
3003731,0,1032275,9.102884920137805,5201
3003732,1,1032303,42.311714121952704,14054
3003733,1,1033426,55.39401868285708,2967
3003734,1,1033441,15.37199476888743,17361
3003735,1,1033494,30.086366025517453,13981
3003736,0,1033704,180.73296965480415,17521
3003737,0,1033967,113.6846344367023,6151
3003738,1,1034416,9.482395412132384,9042
3003739,1,1035123,87.24445933789337,15552
3003740,0,1035176,5.42961106712966,10246
3003741,0,1035333,0.716821730243589,3528
3003742,0,1035435,12.423443403883988,8663
3003743,1,1035486,75.75719900301748,12091
3003744,1,1035493,75.09695240229568,7370
3003745,0,1035540,178.86652865257213,1813
3003746,1,1035601,3.7074246686649346,3384
3003747,0,1035760,21.236941781495183,14774
3003748,0,1035784,138.72775117489164,5984
3003749,0,1036200,47.48521937978683,4004
3003750,0,1036292,92.51178551884311,17391
3003751,0,1036468,40.32566996447565,10906
3003752,1,1036488,174.33462620589273,14166
3003753,1,1036660,110.86849115893978,14372
3003754,0,1036901,2.734205028890087,5074
3003755,1,1037672,67.06021690704412,16244
3003756,0,1037744,107.8636680412518,15501
3003757,0,1038083,39.00701543333858,16630
3003758,0,1038543,60.779803603371306,16112
3003759,0,1038633,106.39230508034183,8649
3003760,1,1039021,8.532810196424515,3691
3003761,0,1039214,36.07401093841742,8167
3003762,0,1039361,38.308677577267865,13418
3003763,0,1039583,6.197507251221326,5873
3003764,0,1040014,19.758896842333403,14407
3003765,0,1040020,8.114539569042895,2422
3003766,1,1040051,3.789940968507497,1439
3003767,0,1040212,5.391192763210107,17923
3003768,0,1040229,21.518392707452904,15341
3003769,0,1040267,49.387139509870266,10499
3003770,0,1040768,52.077658902171386,9341
3003771,0,1040961,101.11787631387712,12831
3003772,0,1041118,15.242262657660893,1581
3003773,1,1041550,7.208249782990035,12527
3003774,0,1041590,1.4410352601109135,2760
3003775,0,1041894,1.223149297471401,15096
3003776,0,1042260,24.691813118569197,13827
3003777,0,1042311,12.575883084012181,7678
3003778,1,1042532,30.29896375714591,7602
3003779,1,1042618,105.62557656394607,6993
3003780,0,1042811,40.80442334079603,3000
3003781,0,1042987,10.933905093688578,6656
3003782,0,1043179,102.95859736681716,12819
3003783,0,1043305,10.536899048818299,7762
3003784,1,1043394,1.0423694244428672,7208
3003785,1,1043712,7.585469006764546,9070
3003786,0,1044232,29.737471564808015,12514
3003787,1,1044332,83.04555912696141,4352
3003788,0,1045274,26.530024294834988,16877
3003789,0,1045332,53.93689872450814,11789
3003790,0,1045390,17.727527414007994,4521
3003791,0,1045857,26.74067510345245,3755
3003792,0,1045894,8.835841689635462,5473
3003793,0,1045972,77.61468679256748,6611
3003794,0,1046108,19.155800056181402,8789
3003795,0,1046409,9.730982640324761,1864
3003796,0,1046651,46.6880120664298,2501
3003797,0,1046984,8.339184873447884,8764
3003798,0,1047073,90.7587944450964,7812
3003799,1,1047105,41.78517695398908,10416
3003800,0,1047144,2.768624418166817,16573
3003801,1,1047467,51.82863614621639,2926
3003802,0,1048152,74.87516104968857,16713
3003803,0,1048504,42.64856905781928,9906
3003804,0,1048722,51.393123817910805,15903
3003805,1,1049300,248.60423809658352,13861
3003806,1,1049657,66.20716432765516,9088
3003807,1,1050375,103.12517827099859,3553
3003808,0,1050619,0.8607559673672219,17328
3003809,1,1050700,63.342639062290274,14766
3003810,1,1050819,38.54226421147221,3287
3003811,0,1051067,5.959792457415293,2116
3003812,0,1051436,85.327395695339,1746
3003813,0,1051437,88.12643704048068,12669
3003814,0,1051748,75.36314848451835,6403
3003815,0,1052367,28.26669997396955,17968
3003816,1,1052449,127.57765837419063,12168
3003817,1,1052621,44.33245349775466,3997
3003818,1,1052707,6.19865904212165,12973
3003819,0,1053002,94.68042292673425,17208
3003820,0,1053100,57.81157390894407,3570
3003821,1,1053144,67.07988873425084,17473
3003822,1,1053152,20.42947997020835,14800
3003823,0,1053914,18.307738303919876,12487
3003824,0,1054103,45.49978356817974,10982
3003825,1,1054117,104.44403275838532,1897
3003826,0,1054344,9.279451255961924,12616
3003827,1,1055075,57.40376589441711,14113
3003828,1,1055189,7.607801355390227,10840
3003829,0,1055202,49.691960943926574,3092
3003830,0,1055519,85.92685619178765,17822
3003831,0,1055959,55.54786122694395,9506
3003832,0,1056141,34.311647649034256,11399
3003833,1,1056318,75.82782310666686,10903
3003834,0,1056778,1.4498065904125907,15504
3003835,0,1057175,176.0180415840696,10044
3003836,1,1057182,56.35136363663026,6123
3003837,0,1057649,3.2659846422084504,2379
3003838,1,1058255,25.93795321163195,4175
3003839,0,1058391,275.5286131813568,5634
3003840,0,1058988,26.289329123660554,7713
3003841,0,1059047,143.8932177296201,17248
3003842,0,1059489,154.38878958880196,15843
3003843,1,1059512,104.16114890252214,12556
3003844,0,1059543,288.1307277958989,15364
3003845,0,1059563,22.168916735211198,15723
3003846,0,1059705,31.430042715440486,2966
3003847,0,1059806,10.247201711221122,3630
3003848,0,1059878,101.4750765118496,6668
3003849,1,1059929,99.24090495986766,17801
3003850,0,1060115,62.462780319638625,16405
3003851,0,1060339,22.18466872849893,3742
3003852,0,1060345,14.061929704733824,14307
3003853,1,1060432,143.1479770757812,4277
3003854,0,1060513,44.78778174203005,3736
3003855,0,1060692,138.93681978569003,17466
3003856,0,1061158,83.35887039672107,9708
3003857,1,1061433,31.637717080966166,4327
3003858,0,1061509,12.51803245077574,16178
3003859,0,1061556,29.643874441732756,7695
3003860,1,1061646,59.78284379496317,16448
3003861,1,1062182,55.96211823384234,9929
3003862,0,1062310,21.273018318846756,6891
3003863,0,1062576,37.01501839470417,7560
3003864,0,1062655,11.275647923473969,3426
3003865,0,1062795,50.90448352484469,16882
3003866,0,1062946,2.663026781283804,10350
3003867,0,1063246,114.29033253506455,12356
3003868,0,1063908,12.454822314637031,17172
3003869,1,1064208,45.32580854868847,5879
3003870,0,1064762,40.535508979989345,7068
3003871,0,1065010,2.505924369059402,8195
3003872,1,1065298,115.38880063278486,8442
3003873,0,1065415,69.41072904758263,10783
3003874,0,1065435,62.390315659660466,15410
3003875,1,1065482,35.8360928438285,1885
3003876,0,1065786,30.924372778374803,16103
3003877,0,1066028,8.95574552908852,11877
3003878,0,1066515,8.417447493695676,6068
3003879,1,1067089,21.340592439128148,14588
3003880,0,1067518,81.81008169855762,16526
3003881,0,1067837,0.8753082711801564,13836
3003882,0,1067886,2.9307680288578757,1558
3003883,0,1068050,23.149308069351996,10166
3003884,1,1068158,24.923528983073524,14642
3003885,0,1068496,11.806032224183951,3980
3003886,0,1068547,167.68660773183936,5014
3003887,0,1068759,4.659206386681437,17639
3003888,0,1068786,71.80286479366514,17215
3003889,0,1069081,2.265948500460897,15100
3003890,1,1069233,34.473295276115564,14271
3003891,1,1069313,34.45574821785316,9595
3003892,0,1069327,8.980532219236364,17490
3003893,1,1069394,261.0787048817313,5616
3003894,0,1069547,46.71115635794546,17650
3003895,0,1069727,42.38358647017742,8317
3003896,0,1069996,22.428800797592928,3514
3003897,1,1070846,9.286144826390391,10724
3003898,1,1070897,67.26352702656968,13395
3003899,0,1070915,30.58272642157707,8114
3003900,0,1071094,2.846070525443524,5413
3003901,0,1071336,62.96628120524691,12879
3003902,0,1071531,32.704294867687715,7554
3003903,1,1071846,248.63460559203133,7774
3003904,0,1072190,2.542302355337167,3395
3003905,0,1072428,24.90096718957898,13079
3003906,0,1072467,62.81823357170442,4845
3003907,1,1072543,17.333264115259112,1836
3003908,1,1073062,209.306262554456,4882
3003909,0,1073415,50.82386259916144,1926
3003910,0,1073714,96.32054717265758,5431
3003911,0,1074180,37.516373939208684,6250
3003912,1,1074410,36.25888482260467,10031
3003913,0,1074542,100.03997915038634,6477
3003914,1,1074604,16.16086663309132,4148
3003915,0,1074786,0.8698849233555837,6244
3003916,0,1074831,7.602409501424614,15391
3003917,1,1074911,97.81114673449053,1030
3003918,0,1075229,109.5717465413216,11939
3003919,1,1075567,30.227351010041552,11663
3003920,1,1075669,22.829773598726657,3024
3003921,0,1076025,144.53619744028114,16451
3003922,1,1076046,96.81732922603355,15946
3003923,1,1076154,53.01351685835638,17993
3003924,0,1076313,38.23059005553945,3715
3003925,1,1076496,2.309419357153333,11597
3003926,0,1076538,141.5396074662487,14372
3003927,0,1076918,50.89711351626202,2291
3003928,0,1077338,86.30032489445205,14473
3003929,0,1077850,9.722364444972314,8778
3003930,0,1077996,107.41437698197547,15792
3003931,0,1078170,14.967992825074553,11929
3003932,1,1078209,41.603718862476974,6868
3003933,0,1078296,7.618757472077714,12518
3003934,0,1078583,18.44422919409421,2807
3003935,1,1079122,64.1754054694314,9208
3003936,0,1079192,47.118406863913336,13811
3003937,1,1079396,116.6143247459137,4875
3003938,0,1079434,5.390181763909918,9031
3003939,0,1079448,3.938955865506498,2059
3003940,0,1079500,13.954420452052227,15250
3003941,0,1080004,17.330960372704848,10394
3003942,1,1080365,18.84879235554081,9325
3003943,0,1082066,56.292955112860156,17809
3003944,0,1082403,31.42375321182841,17083
3003945,0,1082688,40.512981050318714,3820
3003946,0,1082699,14.27098175816999,12176
3003947,0,1083057,48.17567006834451,11559
3003948,0,1083240,2.7606612410089633,13191
3003949,1,1083352,104.84577202074101,12760
3003950,0,1083533,8.441866188493261,3471
3003951,0,1083892,54.49473694051016,1812
3003952,0,1084055,11.706359332351196,10729
3003953,1,1084101,187.7885126247044,3170
3003954,1,1084234,64.81199937348148,6665
3003955,1,1085444,76.90292278968566,16708
3003956,0,1085687,58.16881938603225,4756
3003957,0,1085702,33.946628492983564,14425
3003958,0,1086086,7.075257857207511,12921
3003959,0,1086130,59.12491678062114,3995
3003960,0,1086988,16.096017121206753,16464
3003961,0,1087153,45.90422564551597,12809
3003962,0,1087206,30.760427832131615,17798
3003963,0,1087802,22.132798728473464,4297
3003964,0,1088081,179.50481583156858,11802
3003965,1,1088116,122.37863176456028,2423
3003966,0,1088381,12.996620799493163,17962
3003967,0,1088956,52.9851549415694,10309
3003968,0,1089112,70.89160530491839,9280
3003969,0,1089481,15.306791739999822,16568
3003970,0,1089802,20.635555225972322,11506
3003971,0,1090080,33.56699947495593,16190
3003972,1,1090326,43.35456132411192,11738
3003973,0,1090542,17.88101731958006,1165
3003974,0,1090560,11.343386719988956,1412
3003975,0,1090606,61.63136568971927,2344
3003976,0,1091515,59.14624609841647,15186
3003977,0,1091542,9.701611421343868,6700
3003978,0,1091742,21.973201415885903,12503
3003979,0,1091970,2.5597656080553923,7335
3003980,0,1092511,38.35944831946429,8440
3003981,0,1092795,32.86119860244696,8824
3003982,0,1092855,6.80389787816911,15373
3003983,1,1092888,3.5840127163856104,11993
3003984,1,1092979,7.842810440284915,11499
3003985,0,1093138,57.94573624521219,16268
3003986,0,1093267,77.72558853947848,8851
3003987,0,1093551,41.27604449865396,1464
3003988,0,1093663,17.364500814467917,11664
3003989,0,1093766,10.783277612019932,12617
3003990,0,1093895,51.941366552751454,13409
3003991,1,1093945,167.81356249222875,1658
3003992,0,1094183,65.25836857909863,10580
3003993,0,1094833,13.879794510133225,17067
3003994,1,1095206,108.24953272400239,13556
3003995,0,1095575,53.61198541794637,1848
3003996,0,1095579,140.26253392088694,7603
3003997,0,1096052,5.393101380162037,13691
3003998,0,1096148,45.08908902519971,3429
3003999,0,1096217,8.997727857943874,8103
3004000,0,1096538,115.50359837021817,9570
3004001,0,1096598,36.32334921479186,7289
3004002,0,1096893,0.8139613179203208,4337
3004003,1,1096989,29.033957878628048,14581
3004004,1,1097303,87.548497602269,16190
3004005,1,1097536,6.845562315009725,4137
3004006,0,1097850,69.91855106290161,3775
3004007,1,1098201,123.12282524107935,17237
3004008,0,1098556,19.705549912692454,15921
3004009,1,1099225,44.86425708584517,8550
3004010,0,1099239,41.1585910003872,5064
3004011,0,1099283,33.99049329370772,15697
3004012,1,1099310,12.467152881544047,2826
3004013,1,1099934,38.56126753652585,8024
3004014,0,1100199,61.420809200058756,5035
3004015,0,1100349,49.98612568613572,2674
3004016,0,1100363,23.429377823605815,13556
3004017,1,1100546,253.66242695157914,8054
3004018,0,1101468,66.45132483752538,4166
3004019,1,1101666,104.32902469174525,5840
3004020,1,1101820,33.885393427369536,7571
3004021,0,1102198,12.643604123204296,6720
3004022,1,1103008,28.40180437620468,5204
3004023,1,1103178,14.213012738124423,5834
3004024,0,1103207,131.7386995813834,17995
3004025,0,1103634,1.3622356975971375,8838
3004026,0,1103677,55.08221586513336,2392
3004027,0,1103708,0.2319670932613796,10446
3004028,1,1104049,108.59456083304639,9709
3004029,0,1104684,14.710907469969628,14988
3004030,0,1105049,122.86664187622188,1059
3004031,0,1105198,4.193154962361254,3344
3004032,0,1105465,46.06246410831183,4050
3004033,1,1105797,151.1298333009622,4436
3004034,0,1105963,5.866935062788664,4932
3004035,0,1106037,33.690171387137624,7875
3004036,0,1106788,0.8886870764863034,13334
3004037,1,1107125,191.9545380702357,6623
3004038,0,1107451,94.7145353302211,2866
3004039,0,1107734,13.693510678295226,2508
3004040,0,1107784,125.56256922959909,10341
3004041,1,1107805,57.396761655135656,6305
3004042,1,1107995,48.82757195330775,11146
3004043,0,1108086,3.1418076144838665,5992
3004044,1,1108562,51.84468881483494,9424
3004045,0,1108611,90.14294165172025,6152
3004046,0,1108886,32.670243065226366,7731
3004047,0,1108887,155.7201557441907,8356
3004048,1,1108933,7.074141574924443,8311
3004049,0,1109209,67.38154211617714,13615
3004050,1,1109232,23.069394274204306,9803
3004051,0,1109294,43.37104719421052,5210
3004052,0,1109443,100.679233074766,16532
3004053,0,1110133,31.85709062388814,16375
3004054,0,1110498,16.017151834013447,5231
3004055,0,1110534,57.1730625109567,12480
3004056,0,1110655,80.07189711530458,13582
3004057,0,1110732,12.202447181038421,8195
3004058,1,1110782,66.08036051303397,12290
3004059,1,1110950,46.87551587945838,14260
3004060,1,1111666,5.631381598218268,5496
3004061,0,1112061,52.49728588878656,4332
3004062,1,1112076,27.1388095073502,13550
3004063,0,1112150,5.487979122983436,15551
3004064,0,1112396,4.9513244653105675,15816
3004065,1,1112450,12.86048695271689,2179
3004066,0,1112516,0.086194243311873,10540
3004067,0,1112590,3.848000508927038,14397
3004068,0,1113107,20.741820444256856,12316
3004069,0,1113180,3.0696090925433954,10478
3004070,1,1113311,40.49308902145016,7040
3004071,0,1113357,74.85881879257607,16912
3004072,1,1113381,108.00480976668483,8457
3004073,0,1113719,9.525079918852388,10399
3004074,1,1113892,146.55474028140952,7053
3004075,1,1114202,173.3127467060301,11228
3004076,1,1114218,42.06919751549721,10294
3004077,0,1114298,14.588886607711277,10279
3004078,0,1114350,21.846412218423954,15093
3004079,0,1114794,13.249148556089127,9528
3004080,0,1114971,6.640893840242451,3176
3004081,1,1115328,135.95366519849702,9740
3004082,1,1115692,1.400945866317337,6788
3004083,0,1115813,30.725989251433973,16373
3004084,0,1116196,69.6333924381919,6862
3004085,0,1116446,31.410702257962917,17287
3004086,0,1116878,57.66933688979364,7266
3004087,0,1117611,25.74332480444192,5536
3004088,1,1117655,19.454112662951598,17364
3004089,1,1117938,20.989790269756856,11039
3004090,1,1118260,79.20717627882237,15566
3004091,0,1118734,26.000693403576854,17837
3004092,0,1119309,5.381128175203476,3798
3004093,0,1119695,33.32426913108159,6771
3004094,1,1120333,159.8912551985803,13580
3004095,1,1120488,16.14511212377395,16278
3004096,0,1121001,65.9476723193099,9209
3004097,1,1121013,35.51107165933474,6180
3004098,1,1121124,48.85122957907073,8389
3004099,0,1121552,155.20713182590643,11792
3004100,1,1121564,14.15973436773745,12931
3004101,0,1121717,18.77735650817914,5862
3004102,1,1121900,60.541505086777256,4416
3004103,0,1121996,66.97350234517177,11796
3004104,1,1122193,176.56318198098916,4218
3004105,0,1122914,28.365071122414832,8842
3004106,0,1123288,24.49533259237655,1606
3004107,0,1123569,23.56048793630524,10985
3004108,0,1123777,68.55367107151733,6606
3004109,0,1123985,54.138143237200254,12430
3004110,1,1124057,59.71797721852421,5326
3004111,0,1124255,134.09753616714067,7781
3004112,1,1124506,14.321649661339958,3610
3004113,0,1125128,22.96875008609828,13354
3004114,1,1125286,45.76785475387082,1577
3004115,1,1126067,165.0167049381985,14970
3004116,0,1126209,126.06557280636159,5906
3004117,0,1126580,117.01445101273632,12511
3004118,0,1126644,11.780932096401042,13856
3004119,0,1127037,11.899517022562357,8330
3004120,0,1127136,1.5410749737819829,14937
3004121,0,1127345,73.93902040388105,11012
3004122,0,1127535,50.985807255994374,1430
3004123,0,1127554,8.289661770397624,11324
3004124,0,1127855,18.846815002252583,1638
3004125,0,1128220,9.493236822888816,3985
3004126,1,1128248,12.787110835576119,2278
3004127,0,1128480,42.28289734915001,15460
3004128,1,1128678,327.77093877019945,9429
3004129,0,1129244,44.37824317744285,5558
3004130,0,1129490,89.7729123729533,7547
3004131,0,1129722,54.63215921010832,1089
3004132,0,1129850,9.541045812561196,2844
3004133,1,1129924,15.450307648858331,12623
3004134,0,1130029,30.443407425323134,3711
3004135,1,1130045,18.71212836332843,5952
3004136,0,1130134,29.021592719349957,17965
3004137,0,1130188,52.30507938147147,7538
3004138,1,1130460,164.77046963839544,12921
3004139,0,1130554,76.60903234780932,8815
3004140,0,1130793,11.46614264924934,17819
3004141,0,1130894,1.0105524478456116,1755
3004142,1,1130934,35.03408124322631,14669
3004143,0,1131022,86.89717918867865,3975
3004144,1,1131054,37.387260548597,7042
3004145,0,1131070,49.787151039190306,17430
3004146,0,1131091,82.78047402490775,2125
3004147,1,1131252,8.820786260225528,1163
3004148,1,1131342,103.53847051247304,10760
3004149,0,1131913,23.825812179295554,14285
3004150,0,1132593,83.47372600197578,10961
3004151,0,1132847,96.13136116880699,7736
3004152,1,1133060,44.51541031194743,11719
3004153,1,1133066,147.89564704805173,2678
3004154,0,1133171,68.88514039461609,14725
3004155,1,1133666,24.99859236798747,7425
3004156,0,1133756,42.42219908234259,13761
3004157,0,1133818,155.08219814884134,14101
3004158,0,1133989,0.8928168198964939,7715
3004159,1,1133991,45.76313659502678,2941
3004160,0,1134536,3.871978746387635,6132
3004161,0,1134651,47.559090401910865,11870
3004162,0,1134656,83.37555562770508,3600
3004163,0,1135519,30.950372979412244,7406
3004164,0,1135631,89.82067284345939,7853
3004165,0,1135913,18.495105218473544,15965
3004166,0,1136128,4.078510367692326,14080
3004167,1,1136288,39.76585698068067,5464
3004168,0,1137068,38.034591589296305,16463
3004169,0,1137071,77.90785378954477,8247
3004170,0,1137603,101.53800875540055,5371
3004171,0,1138022,42.00921781211504,3382
3004172,1,1138038,36.875933214461526,7485
3004173,0,1138290,125.22992903834114,17022
3004174,0,1138997,1.4375077007781525,2653
3004175,0,1139217,44.34123598219722,9479
3004176,1,1139223,214.7700779336108,3767
3004177,1,1139760,1.3935305337663926,14706
3004178,0,1141334,57.46927657400902,12035
3004179,1,1141515,47.73785121005092,12306
3004180,0,1141789,63.420442632025754,14898
3004181,0,1142273,19.72150960772752,17372
3004182,1,1142381,35.24819621414798,9295
3004183,0,1142637,68.71228851593484,3521
3004184,0,1142718,30.656690520534063,14473
3004185,0,1143353,100.05946454803399,2989
3004186,1,1143489,42.6900080050375,14029
3004187,1,1143589,6.4021275420888,17547
3004188,0,1143604,18.012467804771983,13962
3004189,0,1143707,16.560832432431717,12535
3004190,1,1144470,9.720947616158064,3851
3004191,0,1144671,68.74948944235747,11853
3004192,0,1144918,195.57028263706982,16731
3004193,1,1145027,18.351021327332283,5103
3004194,0,1146733,28.21283999962576,16945
3004195,0,1146955,0.4422188239788581,16535
3004196,0,1147383,18.33281180734568,3432
3004197,0,1147482,129.6181455762963,8782
3004198,1,1147899,27.483501637776612,4077
3004199,0,1147979,12.947160324895604,3530
3004200,0,1148440,92.43049456046505,1414
3004201,0,1148510,57.19636623544676,9331
3004202,0,1148600,7.173223181445152,12665
3004203,1,1148904,16.084225951875368,2790
3004204,1,1148954,29.36802561389879,17065
3004205,0,1149036,57.915909178381106,17257
3004206,0,1149056,9.73921208667511,8081
3004207,0,1149192,11.355975225151997,15104
3004208,1,1149505,17.053356123523685,6440
3004209,0,1149591,18.754650988190217,16957
3004210,0,1149679,7.696165569789616,17153
3004211,1,1150306,76.69009351157392,8740
3004212,0,1150684,10.78770602558261,8200
3004213,0,1150963,62.02644974219835,8930
3004214,0,1151416,14.358219519779073,5513
3004215,0,1151898,35.565146347696434,11433
3004216,1,1152071,25.723512377437114,5736
3004217,0,1152379,16.09647973994914,8675
3004218,0,1152437,60.94394552063037,5696
3004219,1,1152465,70.95897203367169,7247
3004220,0,1152621,20.908696943815038,6836
3004221,1,1152682,85.36680731850836,9527
3004222,0,1153054,80.2703745303383,12706
3004223,0,1153239,8.756752836998645,4620
3004224,0,1153285,74.75362746220605,12695
3004225,0,1153672,88.54097111734634,16093
3004226,0,1153754,1.872087245752052,7449
3004227,0,1153929,64.01349885188232,17507
3004228,0,1153970,8.273963011761634,5446
3004229,1,1154569,51.542134109543156,8004
3004230,0,1154677,70.74113291782895,9786
3004231,1,1154784,33.73716351676676,5566
3004232,1,1154933,16.37842102380272,6563
3004233,0,1154990,30.26989212954203,2566
3004234,1,1155101,45.29873290777325,4775
3004235,0,1155161,6.075354723772555,16175
3004236,0,1155176,134.36129799503206,17791
3004237,0,1155576,3.344983231387707,7132
3004238,1,1155583,1.9630595901990906,17747
3004239,0,1155945,9.638081817639696,1546
3004240,0,1155960,6.809187056210754,5263
3004241,0,1156248,37.21477059625188,10395
3004242,0,1156275,30.31591361073509,4481
3004243,1,1156438,107.1266848849125,17399
3004244,1,1156883,43.42520366733519,5771
3004245,1,1157027,42.792486130725244,11557
3004246,1,1157313,42.55685612053181,13495
3004247,1,1157608,40.700062948967854,5569
3004248,0,1158577,11.11976316198373,13132
3004249,1,1158899,7.3619376662950184,2759
3004250,0,1158929,2.343695509285345,15476
3004251,1,1159483,120.12257535401973,1290
3004252,0,1160379,50.50807024575954,8075
3004253,1,1160988,79.77785383557126,12621
3004254,0,1160991,77.94647220755014,15090
3004255,1,1162011,121.99361156610698,14619
3004256,1,1162018,197.65279985154208,5693
3004257,1,1162177,1.9613803130678695,7360
3004258,1,1162259,51.75224546008557,6123
3004259,0,1162370,94.63182421659631,4597
3004260,0,1162514,14.613502285209576,5340
3004261,1,1163092,15.638591068589028,4109
3004262,0,1163378,17.422764028152933,5050
3004263,0,1163632,39.88902129749271,2501
3004264,1,1163633,258.2449816857201,11918
3004265,0,1164149,38.856889124389355,14244
3004266,0,1164301,70.36113065418655,5543
3004267,0,1164345,37.0677612537819,13135
3004268,0,1164729,41.013627526317705,12428
3004269,0,1164733,23.57204444308186,4763
3004270,0,1164763,32.0043338944377,5457
3004271,1,1165759,15.344238940392978,17235
3004272,0,1166044,19.239234118663127,14172
3004273,0,1166933,8.047891808935216,11194
3004274,0,1167044,19.92993889811687,17474
3004275,1,1167252,34.18117173295153,7929
3004276,0,1167308,18.41459369968324,12527
3004277,1,1167841,70.06950678917555,15200
3004278,1,1168027,97.26708772187325,5707
3004279,0,1168158,72.50289458652358,14169
3004280,0,1168489,2.2324215298112335,2643
3004281,1,1168741,29.517843621919532,7562
3004282,0,1168753,57.305767252541564,3915
3004283,0,1168770,30.54499105255187,13182
3004284,0,1168846,2.32250738123652,2137
3004285,0,1169312,69.59536699904349,2462
3004286,0,1169385,3.2867068622514437,16099
3004287,0,1169476,86.42775744352714,15130
3004288,0,1169634,48.31633244340072,1719
3004289,0,1170115,42.36690571278635,8086
3004290,0,1170307,7.800403021083892,1055
3004291,0,1170332,35.69365277154024,10888
3004292,0,1170469,3.38497971419696,15889
3004293,1,1170614,81.87660649767967,7004
3004294,1,1170784,21.54065937674272,4131
3004295,0,1170805,12.141258449028754,9187
3004296,0,1171023,62.07623803704758,11498
3004297,0,1171405,14.742023778311495,15558
3004298,0,1171429,6.397367635795708,10700
3004299,1,1171741,10.062054735729644,3472
3004300,0,1171780,10.0805277946578,2366
3004301,0,1172059,11.364937761509033,10127
3004302,1,1172232,67.71421935123327,1292
3004303,0,1172306,10.562731456474896,12514
3004304,1,1172396,412.7639284454482,9322
3004305,0,1173087,29.88318591980017,5126
3004306,0,1173088,11.004695384159668,5069
3004307,0,1173107,21.918632471705386,3844
3004308,0,1173178,32.40299042657358,9226
3004309,0,1173230,12.241176159265512,10304
3004310,0,1173338,21.932805815040034,12434
3004311,1,1173536,4.335215281554583,1029
3004312,1,1173668,129.51502293257178,1908
3004313,0,1174118,58.55269341755339,14130
3004314,1,1174165,51.96937422618522,14783
3004315,1,1174488,22.086537601061195,15034
3004316,0,1174601,89.62888689428881,4760
3004317,1,1174943,185.97012416467052,16505
3004318,1,1175181,153.60224219625013,8947
3004319,1,1176700,38.39745435259066,13201
3004320,1,1176816,91.3886323676967,16082
3004321,0,1176875,30.399214703076478,2532
3004322,0,1177101,57.660107519781725,4937
3004323,0,1177534,71.2980661895774,6543
3004324,0,1177549,13.510895370636666,16646
3004325,0,1177676,69.75954073856279,6312
3004326,0,1177745,77.16985942196372,8553
3004327,1,1178073,69.55800909074811,14418
3004328,1,1178561,47.8588576593016,10235
3004329,0,1178710,49.9045249542841,15628
3004330,0,1178744,12.231179074039487,8938
3004331,1,1178919,1.952069699460719,9348
3004332,0,1179284,156.92943556917623,3195
3004333,0,1179285,4.0974104513734,7958
3004334,0,1179749,20.076160564539215,12577
3004335,1,1179768,15.48187510921366,16968
3004336,1,1180212,6.218148492598681,7982
3004337,0,1180378,32.52159191671016,13715
3004338,0,1180652,43.08269219103826,16109
3004339,0,1182147,61.8873098399979,1896
3004340,0,1182324,59.83888678330784,12604
3004341,0,1182465,21.924840821980286,3850
3004342,0,1182735,42.590681241080304,4301
3004343,0,1182878,58.698847615240915,9831
3004344,0,1183007,39.386879312227094,4152
3004345,1,1183218,26.03122446421051,4061
3004346,1,1183637,22.156660758166986,13906
3004347,0,1183680,53.69210706429811,9337
3004348,0,1183803,4.431860629439485,2292
3004349,0,1183863,19.328406726422063,6765
3004350,1,1183938,11.153310254979901,16831
3004351,0,1184117,34.9114008503046,12610
3004352,0,1184201,6.006195617091774,16695
3004353,0,1184666,59.01480847954078,9694
3004354,0,1184736,16.637643313842133,2913
3004355,0,1185153,12.728688717153183,3528
3004356,0,1185215,68.13237484040975,16261
3004357,0,1185492,28.29595656220067,11045
3004358,0,1185583,72.1449167092727,16552
3004359,0,1186049,32.99940413726168,3459
3004360,0,1186297,101.16201787920916,6415
3004361,0,1186333,9.65776215943547,5432
3004362,0,1186534,55.74886036749634,15954
3004363,1,1186791,108.16385008416339,7317
3004364,1,1187001,59.46622235616894,5149
3004365,0,1187007,20.274900875537046,3327
3004366,1,1187073,244.89092024785003,10067
3004367,1,1187136,2.180934581658861,6217
3004368,0,1187137,28.750962318940303,3258
3004369,1,1187398,2.5559228885335368,15942
3004370,0,1187466,145.59861319201377,3290
3004371,1,1187604,178.52690022904127,1169
3004372,0,1187648,55.40991019174303,2509
3004373,0,1187786,59.865118645188446,2238
3004374,0,1187886,2.8735778710521265,15934
3004375,1,1188024,27.497340942543552,14950
3004376,0,1188122,13.524997372161485,7487
3004377,0,1188254,125.94781012631498,17328
3004378,0,1188488,22.239090345298976,8007
3004379,0,1188552,98.81314495532433,7030
3004380,0,1188578,3.6922296745105174,16995
3004381,0,1188609,96.93992516113794,2001
3004382,1,1188695,29.563263995312187,10775
3004383,0,1189363,43.092579788405516,5538
3004384,0,1189830,13.258288833258522,9510
3004385,0,1190213,32.49676317532871,12932
3004386,1,1190310,1.9398472711332517,5256
3004387,1,1190359,45.36016282893369,7572
3004388,0,1190601,205.55105531566284,2357
3004389,0,1190686,14.116839346192789,12716
3004390,0,1190714,24.42220928623485,4007
3004391,0,1190747,35.995754384362236,7162
3004392,1,1191726,18.02568110997118,14683
3004393,1,1191885,61.69753072101115,15277
3004394,0,1192035,25.12079271117187,15512
3004395,0,1192459,5.818206006133886,11781
3004396,1,1192483,1.3085150795721197,15348
3004397,0,1192492,33.71245799034209,14672
3004398,0,1192611,55.91610596834048,17691
3004399,0,1192673,140.5902501968817,10140
3004400,1,1192772,133.9041673607574,7499
3004401,1,1193356,11.006620707747025,6113
3004402,0,1193596,13.836877130324504,8354
3004403,1,1194558,110.83215679243756,14922
3004404,1,1195354,9.645065319666948,2932
3004405,0,1195481,3.746031986978856,6574
3004406,0,1195495,23.386608871102542,11987
3004407,1,1195982,92.87760498010368,12707
3004408,0,1196572,79.4310065986862,12842
3004409,0,1196663,125.77090107022524,8331
3004410,0,1197241,54.37933230774449,12005
3004411,0,1197766,76.7580792293342,16946
3004412,1,1198069,90.28926657042305,3845
3004413,1,1198108,88.0093819768314,3533
3004414,0,1198255,1.4894483154422937,8943
3004415,1,1198259,4.1926178119488124,15849
3004416,0,1198378,3.903691653761122,10297
3004417,0,1198571,3.4366999941155814,9376
3004418,0,1198876,137.68811241385126,8576
3004419,0,1198912,15.927669347480641,15069
3004420,0,1199029,15.879421940522596,12073
3004421,0,1199228,4.142859721254388,12516
3004422,1,1199651,57.216257235221924,8408
3004423,1,1200123,22.022243295261884,8474
3004424,0,1200249,43.593828649210145,5843
3004425,1,1200737,13.070512766606024,15300
3004426,1,1201002,70.27153700065826,11570
3004427,1,1201220,4.150626895397728,1494
3004428,0,1201329,53.22488255897607,8440
3004429,1,1201755,35.65873781816189,14278
3004430,0,1201766,23.37262931852617,9319
3004431,1,1201991,211.20271920273728,4165
3004432,1,1202038,51.27480828918593,5289
3004433,1,1202062,12.514423806021336,17104
3004434,0,1202600,72.35917750132265,9463
3004435,1,1203026,118.21129357383886,3893
3004436,0,1203138,4.083402670393183,6546
3004437,0,1203269,53.65858462985046,3726
3004438,0,1203612,57.96550760313778,14931
3004439,1,1203981,3.3288592075377226,7349
3004440,1,1204487,42.85664922164078,12494
3004441,0,1205028,10.88366971085362,7195
3004442,0,1205706,11.821927674157367,11031
3004443,0,1205979,74.90445327555753,17880
3004444,1,1206023,23.777466341206903,3387
3004445,1,1206306,16.22932467917045,16860
3004446,1,1206499,76.70610113097545,16910
3004447,0,1206793,32.23641275593579,1524
3004448,1,1206841,161.69769892152325,17788
3004449,0,1206924,15.058868574610981,6206
3004450,0,1206983,37.92551680921961,12331
3004451,0,1207855,13.890743033957046,6317
3004452,1,1208067,15.736845752331046,16262
3004453,1,1208151,10.584138506185866,7941
3004454,1,1208572,222.7930732221453,11403
3004455,0,1208673,27.574587311605164,16874
3004456,0,1208733,16.57115232336775,1215
3004457,0,1208928,75.90524629468392,5045
3004458,0,1208952,38.74287850603407,7311
3004459,0,1209476,56.61934563419507,2607
3004460,0,1209900,52.5636950746534,12405
3004461,1,1210004,6.3909562435325515,9293
3004462,0,1210152,58.9456748874737,11364
3004463,0,1210857,28.081713382433144,2720
3004464,1,1210923,159.19661670021762,16206
3004465,1,1212019,3.019789600818137,7727
3004466,0,1213132,11.153618245455187,2483
3004467,0,1213274,9.419559981626637,7154
3004468,0,1213418,64.98864045220465,16378
3004469,1,1213964,186.12057755745894,14962
3004470,1,1214343,9.47795481988489,1947
3004471,1,1214614,11.87035362560498,2642
3004472,0,1214633,51.482262370077734,12121
3004473,0,1214907,16.491685656550835,17469
3004474,0,1215016,23.861918072866416,12277
3004475,0,1215030,38.85701011431026,6935
3004476,0,1215055,4.384433562998568,7726
3004477,0,1215058,92.24726319589789,5951
3004478,0,1215409,6.838507115114973,14272
3004479,1,1216179,77.32993411439205,4308
3004480,0,1216283,17.06569848186083,2924
3004481,0,1216342,15.081465148752137,7271
3004482,0,1216397,6.397562137227812,3235
3004483,0,1216924,13.195948790821632,14402
3004484,0,1217453,4.402026910698657,11511
3004485,0,1217672,57.79258590852058,15986
3004486,0,1217739,0.6315257228664076,8661
3004487,0,1217843,74.0009864273367,10617
3004488,0,1219268,4.613348150836728,13436
3004489,0,1219513,8.35968679453265,2166
3004490,1,1219523,12.948308054198183,17046
3004491,0,1219535,8.388102316512265,5022
3004492,0,1220001,0.7825643581082526,9102
3004493,0,1221766,158.32849231151803,4637
3004494,1,1221971,270.3994927001774,4570
3004495,0,1222008,2.7237433013693315,10288
3004496,0,1222092,31.247136770377644,13143
3004497,1,1222456,54.307374604603055,15186
3004498,1,1222511,18.014500935577342,13034
3004499,0,1222735,2.222134133446556,2768
3004500,0,1222861,14.762785723606573,14166
3004501,0,1222928,3.3710271157061054,4116
3004502,0,1223075,4.802985775347776,13597
3004503,1,1223582,121.81358507738975,12872
3004504,0,1223633,87.31557788586042,2225
3004505,0,1223799,29.944388065218696,2952
3004506,0,1224008,72.95559851675971,10779
3004507,1,1224287,89.99957065495991,10165
3004508,0,1224629,12.048972128330126,15592
3004509,1,1224864,7.160976572580789,8111
3004510,1,1225191,18.404782142312616,11214
3004511,0,1225474,24.537504721099467,2995
3004512,0,1225744,99.56282220499652,12916
3004513,0,1225872,22.777449679493756,2691
3004514,0,1226658,15.698625203700184,10159
3004515,0,1227051,32.28325164540461,17498
3004516,0,1227179,61.69408924017659,5198
3004517,0,1227255,56.25253224048371,3095
3004518,0,1227459,78.82085868537857,13034
3004519,0,1227594,65.73336745750927,10369
3004520,0,1227713,7.631982280896053,14533
3004521,0,1228046,40.02967245970083,9553
3004522,0,1228147,97.71763885125935,9547
3004523,0,1228686,4.46878494711091,8883
3004524,1,1228994,0.5947690050852552,15655
3004525,0,1229366,7.9641552034381755,16975
3004526,0,1229422,123.7280728695938,8638
3004527,0,1229624,38.6134783575227,14188
3004528,0,1229789,142.65085264445992,4861
3004529,1,1230677,83.25905563392307,15769
3004530,0,1231008,71.31125835044526,3897
3004531,0,1231385,59.28594916188242,14320
3004532,0,1231597,32.2890856218711,16462
3004533,1,1231890,37.86947160330061,6229
3004534,0,1232439,41.04154788506676,2895
3004535,0,1232448,6.14511174036736,17212
3004536,0,1232585,8.13856130308881,3412
3004537,0,1232693,56.04042541909756,11267
3004538,0,1233026,105.96954915288215,13990
3004539,0,1233389,7.921166006569277,10645
3004540,0,1233400,83.67884764168366,3584
3004541,0,1233412,36.71907405607959,15464
3004542,0,1234212,91.44718083666599,1504
3004543,0,1234358,90.93810296011569,4862
3004544,0,1234716,57.4294366474005,8792
3004545,0,1235290,37.96416056170826,5609
3004546,1,1235563,18.03673764479877,3824
3004547,1,1235901,63.894214340891864,2090
3004548,1,1235964,52.792268190317294,1614
3004549,1,1236134,4.058990813634571,4690
3004550,0,1236216,100.3253109283283,13515
3004551,0,1236383,77.30857153310002,10751
3004552,1,1236738,65.54700013869643,5866
3004553,0,1236752,18.587354131704227,8334
3004554,0,1237038,30.01429869183625,2198
3004555,1,1237070,8.412399737810642,13434
3004556,0,1237133,11.348084055931265,13101
3004557,1,1237353,41.66990574636885,5381
3004558,1,1237673,16.120416409244967,3988
3004559,1,1237863,5.4353092971530454,4736
3004560,0,1238115,27.03628135852695,10653
3004561,0,1238418,84.28540038378463,7216
3004562,0,1238805,44.88780342829625,2766
3004563,0,1239430,13.534255082060584,15625
3004564,0,1239843,67.52092681578384,14763
3004565,1,1240249,99.34988091825075,5701
3004566,0,1240506,149.35036113692271,2715
3004567,0,1240672,3.100096415563311,11495
3004568,0,1240711,35.58458563851151,2731
3004569,0,1240750,0.21499260262203665,12674
3004570,1,1240818,196.02086742303243,13363
3004571,1,1241192,100.07213568192745,4522
3004572,1,1241464,38.84538811082451,5042
3004573,1,1241539,12.897723603350414,17547
3004574,0,1241696,39.30868678011234,6367
3004575,1,1241736,3.337155560663501,10395
3004576,0,1241804,2.758526738502183,7303
3004577,0,1241970,85.52779878849354,14422
3004578,0,1242748,18.191328342733133,7148
3004579,0,1242901,18.073507594159473,13996
3004580,0,1242957,5.644848332742825,1131
3004581,0,1243333,34.4850456051462,3838
3004582,0,1243704,15.415933006395488,14151
3004583,1,1243737,129.92111046854208,12441
3004584,1,1244127,3.816776029098792,15527
3004585,1,1244922,62.95656960390872,2149
3004586,0,1245283,142.959383256012,4250
3004587,0,1245404,31.545811265004147,16040
3004588,1,1245430,129.40356316556677,2301
3004589,0,1245617,50.04169193168393,11858
3004590,0,1245746,43.27451306833431,2594
3004591,1,1246142,68.667050147737,7209
3004592,0,1246273,250.04208315376326,5133
3004593,0,1247086,86.96635115516517,10012
3004594,0,1247346,72.2353843375146,15501
3004595,1,1247415,75.3539289400703,9791
3004596,0,1247433,55.66052490456224,16303
3004597,0,1247466,24.141320532654262,4072
3004598,1,1247806,85.29132110664351,9377
3004599,1,1248112,3.7187319259780525,3691
3004600,0,1248302,24.120071708804875,12070
3004601,0,1248442,41.43177020883693,2060
3004602,0,1248560,33.13971648274916,15063
3004603,0,1248873,100.61996743759556,16910
3004604,0,1249212,1.7887164095573986,5135
3004605,0,1249300,26.876304820663105,2374
3004606,0,1249440,38.06376174995083,12793
3004607,1,1249538,12.929733460740412,4606
3004608,0,1250065,21.83009157531195,1295
3004609,1,1250158,41.162027343090635,2379
3004610,1,1250352,32.42076925758294,17136
3004611,0,1250525,2.9733762502455194,13150
3004612,0,1250781,15.659386882751413,4211
3004613,0,1250847,60.19997497851389,4317
3004614,0,1251030,23.54311606872527,5963
3004615,0,1251061,51.999531804783615,14929
3004616,0,1251342,8.371615098635337,17939
3004617,1,1251711,39.9615612469286,10927
3004618,1,1251785,94.28580133081655,12429
3004619,0,1251825,13.078287029842855,12459
3004620,0,1251947,17.92871180767132,8513
3004621,0,1251987,22.846258333249093,9861
3004622,0,1252004,6.9498845416778465,12142
3004623,0,1252024,58.259980913104904,7481
3004624,0,1252196,109.02801254386212,1925
3004625,0,1252461,19.48966694300188,17448
3004626,0,1252712,12.232919783993774,3316
3004627,0,1252783,115.52032728352314,14673
3004628,0,1253838,79.32793583660633,8904
3004629,1,1253840,26.490904047436587,3425
3004630,0,1254064,50.6466683965752,13541
3004631,0,1254340,52.68410321031665,17231
3004632,0,1254440,77.74289445666163,15324
3004633,1,1254441,117.79926655511481,10569
3004634,0,1255649,5.053897431183222,14873
3004635,0,1255662,4.6250872198375,1619
3004636,0,1255705,29.508349177211286,15158
3004637,1,1255744,18.864856505174142,12649
3004638,1,1256099,90.94630158329137,13269
3004639,1,1256180,36.40585916182455,4803
3004640,1,1256222,91.80833450579361,3486
3004641,1,1256496,34.18455575765347,17462
3004642,1,1256649,18.188666951041068,15906
3004643,1,1256675,13.468489242630064,2379
3004644,0,1256781,17.825332609330605,4594
3004645,0,1257278,22.19856709175268,17142
3004646,0,1257873,138.5247873684122,4211
3004647,1,1258358,23.810951813472204,8330
3004648,1,1258685,12.140401231480876,8993
3004649,0,1258873,17.485063487151763,15846
3004650,0,1259264,3.8663351568243445,15718
3004651,1,1259490,2.808729932340332,17724
3004652,1,1259582,78.42799540176445,5793
3004653,1,1259637,88.96496606559695,11163
3004654,1,1259764,162.78062403128757,4855
3004655,1,1259970,92.75307275044862,8268
3004656,1,1259987,30.487434228757927,4089
3004657,0,1260398,13.698175864775239,17222
3004658,0,1261088,22.79328276981807,7360
3004659,0,1261857,1.748642600229501,17638
3004660,0,1262153,40.64864338695601,7753
3004661,1,1262174,112.70084861967923,5265
3004662,0,1262483,7.6770751402217465,15841
3004663,1,1262579,132.91921686365365,1244
3004664,0,1262640,4.247547640588664,4476
3004665,0,1262965,13.30874588368297,15276
3004666,0,1263010,10.917875114638518,11092
3004667,1,1263377,98.0460360866618,5094
3004668,1,1263500,7.518458331537905,3682
3004669,1,1263658,186.8645702198247,12765
3004670,0,1263983,131.0679870748226,13188
3004671,0,1264319,8.260017119281764,15099
3004672,0,1264356,79.31372212294767,1433
3004673,0,1265146,78.7739385457118,3518
3004674,0,1265332,4.921148056594115,12388
3004675,0,1265647,13.947500583297645,11641
3004676,0,1265676,20.110648414548717,13231
3004677,1,1265706,40.777015946361985,16263
3004678,0,1265947,7.799253189778987,14572
3004679,0,1266020,13.739295227086808,15758
3004680,0,1266142,0.6463220904349872,2890
3004681,0,1266439,68.13780457900866,5773
3004682,1,1266585,8.346689160311454,17232
3004683,0,1266724,7.242307803283998,4698
3004684,0,1267014,23.00843311781177,7270
3004685,1,1267197,77.76172542162575,6148
3004686,1,1267310,13.874794792655054,2221
3004687,0,1267427,46.85069852709036,16024
3004688,1,1267623,12.910861769779865,4886
3004689,0,1267922,5.483942347790814,5794
3004690,0,1267951,126.04941512911188,10300
3004691,0,1268043,119.39621470970127,8072
3004692,0,1268184,60.38034555760496,1918
3004693,0,1268258,36.91028108182355,2529
3004694,0,1268294,179.6705145124986,7485
3004695,0,1268698,26.56366579828966,9157
3004696,1,1269046,2.911341188809153,14074
3004697,0,1269310,25.276092018971784,17830
3004698,0,1269545,43.061704147497046,4179
3004699,0,1269941,23.913118149502257,1400
3004700,1,1270418,114.40879366535013,4867
3004701,0,1270656,24.567629610817654,6731
3004702,0,1270679,117.92183569885928,9936
3004703,0,1270703,121.10691868915377,15640
3004704,0,1271343,12.59495844692477,7637
3004705,1,1271409,7.459579021272727,10739
3004706,0,1271525,6.65447483101216,1792
3004707,1,1272420,15.127617463091415,13956
3004708,1,1272508,63.54670343133557,5080
3004709,0,1272528,22.158324406430545,2502
3004710,0,1272839,46.253672445728114,4455
3004711,0,1273123,7.967288018379308,6702
3004712,1,1273161,38.885905209612446,5515
3004713,0,1273403,80.68153541150026,17360
3004714,0,1273497,11.736794553130535,13968
3004715,1,1274148,13.838828091717895,10989
3004716,1,1274212,62.478353805422536,5384
3004717,1,1274284,23.40900565056986,6343
3004718,0,1274889,76.50673146824786,4161
3004719,0,1275120,48.30917953063366,10620
3004720,1,1275510,98.15700667341306,1363
3004721,0,1275624,27.766793059026934,6302
3004722,0,1275701,32.98340326026649,9426
3004723,0,1275909,31.934261266927784,7093
3004724,0,1276243,5.153732052905525,2447
3004725,0,1276289,34.52655729749374,5341
3004726,0,1276336,15.47493118240142,6718
3004727,1,1276760,50.31812179790764,3845
3004728,0,1276771,20.619881035104072,17806
3004729,0,1276893,19.387774825265407,1269
3004730,0,1277040,83.61339612706811,5920
3004731,0,1277042,11.701308259932047,17931
3004732,0,1277205,104.81732953977306,17038
3004733,0,1277247,0.7454331041876505,17442
3004734,0,1277655,18.326145088820255,3685
3004735,0,1277755,24.54056130513144,7335
3004736,0,1277768,0.24859304867040363,11877
3004737,1,1277827,60.4096674634343,12454
3004738,0,1278041,23.89040112017615,6863
3004739,1,1278227,14.179079839165151,2508
3004740,0,1278368,9.479895648802234,2081
3004741,0,1278541,64.17104303869691,11922
3004742,0,1278849,58.64846205263456,1574
3004743,0,1279248,35.04075360652818,7901
3004744,1,1279479,160.70372787879134,12741
3004745,1,1279745,57.561417574871534,13802
3004746,1,1279884,29.453791363873655,3859
3004747,0,1280077,6.604877036460348,3752
3004748,0,1280740,55.31258979304775,1185
3004749,0,1280803,75.50392816096398,9518
3004750,0,1280866,5.289927466985032,7362
3004751,1,1280979,33.99798557563516,15799
3004752,0,1281181,111.71406704033353,4368
3004753,0,1281481,21.343208214167692,8432
3004754,0,1281978,40.572747232882165,6221
3004755,1,1282816,74.3764861504624,8163
3004756,0,1282839,125.89336148795557,4200
3004757,0,1282938,218.54758155390374,1211
3004758,1,1284076,19.315419009297294,10029
3004759,1,1284994,2.269838305056742,3876
3004760,1,1285001,60.483352092181356,7792
3004761,0,1285217,19.510912936062674,13776
3004762,1,1285422,14.715682315453488,1153
3004763,0,1285536,45.56003867890223,3091
3004764,1,1285598,62.01859185222385,6680
3004765,1,1286339,38.39086330600492,2921
3004766,0,1286466,100.57128419431554,6773
3004767,0,1286577,15.412236196446269,7498
3004768,0,1286949,74.21157378397739,3076
3004769,0,1287205,12.035114407205489,3907
3004770,1,1287429,14.95672369985243,9501
3004771,0,1287531,74.78166621785182,8629
3004772,1,1287661,1.382898031997158,8620
3004773,0,1287856,55.500295967316816,6498
3004774,0,1288080,31.673194321137416,12919
3004775,1,1288092,34.9010473429845,4286
3004776,0,1288126,7.8726652433457724,11899
3004777,1,1288702,0.31299891425341897,12726
3004778,0,1288731,2.864468603534067,8780
3004779,1,1288778,17.98470885306112,6723
3004780,1,1288834,38.63912261871381,14253
3004781,0,1288860,59.0301004800642,3500
3004782,1,1288872,138.7135814335801,13440
3004783,0,1288902,65.85932445852701,5776
3004784,1,1289169,50.56187708604304,14392
3004785,0,1289182,6.111537849045244,2356
3004786,0,1289377,93.1648506087093,14370
3004787,0,1290076,1.9430376688802098,16885
3004788,0,1290209,2.0078000213731455,1683
3004789,1,1290368,65.6414297529818,10695
3004790,1,1290445,121.22118803537252,6835
3004791,0,1290791,29.510409349982247,13647
3004792,0,1290959,2.4626619225323205,4305
3004793,1,1291066,86.04371009274027,1649
3004794,0,1291138,43.593690830319275,1938
3004795,1,1291193,34.317371624974406,15570
3004796,0,1291523,45.93426322328823,5670
3004797,0,1291558,62.45635157193242,13199
3004798,0,1292378,33.040287089807485,10896
3004799,0,1292703,51.9539803873859,12851
3004800,0,1292927,44.64699501081837,7714
3004801,0,1293249,61.538383850844305,2865
3004802,0,1293295,43.162340139143126,7813
3004803,0,1293813,22.620476423761428,1958
3004804,0,1294124,120.77491491227501,3368
3004805,1,1294288,108.1418372372136,1917
3004806,0,1294525,2.1402632287485175,5189
3004807,0,1294530,7.11881321831363,2059
3004808,0,1294556,6.916425789982881,4392
3004809,1,1294560,92.7283903704855,12035
3004810,0,1294998,1.9590034650393284,3871
3004811,0,1295622,99.85376317523722,13993
3004812,1,1295885,63.63060966641051,8345
3004813,0,1295898,4.281257365713249,4853
3004814,0,1295922,72.1811338304926,6195
3004815,0,1296087,12.7711510671836,13838
3004816,1,1296423,141.21426693554073,16212
3004817,1,1296649,72.40915597514496,15476
3004818,0,1296834,180.29198409469177,14479
3004819,1,1296891,82.3351813310695,13704
3004820,0,1297174,4.812655334628923,13974
3004821,0,1297348,145.67381364285671,5825
3004822,0,1297468,20.310735237508176,13098
3004823,0,1298576,32.42605935425375,9814
3004824,1,1298583,27.70486041460327,17106
3004825,1,1298903,109.96477024022629,16332
3004826,0,1299313,79.13784582305291,3495
3004827,1,1299556,99.83541696419313,3617
3004828,0,1299766,100.56311913504136,16773
3004829,1,1299787,10.486059599766033,4720
3004830,1,1300133,109.99646125301071,16613
3004831,0,1300441,35.74664948131764,5006
3004832,0,1300507,11.424838990893846,8880
3004833,1,1301125,68.24425759376163,6760
3004834,0,1301163,16.34959835922742,16180
3004835,0,1301294,2.379262267829116,3370
3004836,0,1301311,184.7528749685601,17220
3004837,0,1301582,36.51831751637625,11316
3004838,1,1301888,38.83679863194891,13336
3004839,0,1302072,22.79306365666699,12837
3004840,0,1302137,107.98501749774097,5829
3004841,1,1302303,144.37776039898213,15482
3004842,0,1302437,42.987323318773555,8130
3004843,0,1302471,37.45972460451213,8944
3004844,0,1302998,49.1045107260803,3673
3004845,0,1303435,5.689861466504313,2313
3004846,0,1303504,6.705676219474298,13578
3004847,1,1303823,46.027084652444714,13140
3004848,1,1303870,13.938868048953276,7668
3004849,1,1304147,19.882463318264563,1733
3004850,0,1304284,4.091980029124932,16115
3004851,0,1304452,2.671118574563493,16585
3004852,1,1304690,3.1546465637517405,6343
3004853,1,1304777,87.55413885051102,16997
3004854,0,1304976,17.325476055218896,11790
3004855,0,1305502,2.163588979496165,4312
3004856,1,1305955,48.261632470316314,12249
3004857,0,1306032,57.219960545184236,6372
3004858,0,1306106,11.999196462546816,3682
3004859,0,1306244,115.43928427384711,7399
3004860,0,1306506,50.15345551549921,4135
3004861,1,1306669,80.89339068690752,5316
3004862,0,1306752,6.744302377567914,8459
3004863,0,1307102,16.600265096373974,15205
3004864,0,1307175,43.59401657289344,3986
3004865,0,1307746,10.544795698153495,1479
3004866,0,1308543,38.271821183360935,16396
3004867,0,1308854,52.92226403329394,4206
3004868,0,1308911,20.20165621540249,5083
3004869,1,1309059,3.9704742349262045,9412
3004870,0,1309066,8.750706164348001,4600
3004871,0,1309460,108.51366969293947,13522
3004872,0,1309632,28.14652084398802,10465
3004873,0,1310182,47.985540679021774,9032
3004874,1,1310509,71.04393158776143,1878
3004875,0,1310619,42.660389448256744,8785
3004876,0,1311075,7.144282600301607,13255
3004877,0,1311459,62.51481483924225,2382
3004878,0,1312452,85.26784892770536,16172
3004879,0,1312564,46.16865596323815,15316
3004880,1,1312649,51.32836131674613,4502
3004881,1,1313089,196.8410775984743,2305
3004882,0,1313090,24.509731242672395,3649
3004883,0,1313184,10.674563474769965,14469
3004884,0,1313396,12.365120533556624,4623
3004885,1,1313756,22.246878334253022,8758
3004886,0,1314338,2.5562733952981596,7925
3004887,1,1314470,31.783276598512728,8734
3004888,1,1314527,13.630682443883263,9752
3004889,1,1314577,57.41581517692781,8094
3004890,0,1314637,57.19213105894195,14519
3004891,1,1314649,14.410342690448957,17129
3004892,1,1314719,39.636130067131916,12037
3004893,0,1314751,28.680986672988073,12023
3004894,0,1314894,159.11725019149816,17379
3004895,0,1315180,55.66298724451072,3740
3004896,0,1315494,73.52994061896061,10586
3004897,0,1315620,12.340717396419624,11739
3004898,1,1315835,87.40761389929416,6952
3004899,1,1315860,24.971149358289754,15279
3004900,0,1316352,38.41860270856915,6182
3004901,0,1316420,112.9071652389171,2962
3004902,0,1316835,9.771818305730726,8782
3004903,0,1316895,87.6738747998799,13426
3004904,0,1317012,92.49223151704564,13134
3004905,0,1317497,7.13282834698046,10345
3004906,0,1317546,0.3014373204309814,3179
3004907,0,1317899,17.95297554558354,8072
3004908,0,1318407,33.21253387114099,12762
3004909,0,1318650,4.376129729558777,9860
3004910,0,1318725,169.6839649592578,17229
3004911,0,1318756,3.099574915798744,15842
3004912,1,1319098,8.741528117330912,12359
3004913,0,1319245,8.725585355778644,11429
3004914,1,1319699,36.77253414853947,13175
3004915,1,1319734,23.31625070869231,6963
3004916,0,1320252,40.44300435870065,17125
3004917,1,1320280,12.821272822970837,1605
3004918,0,1320429,21.076939308114834,11922
3004919,0,1320760,142.28316657759927,8797
3004920,1,1321223,56.01436159588273,15787
3004921,0,1321499,4.798134430415806,16060
3004922,0,1321921,79.18000001758665,14490
3004923,0,1321943,30.262885258708987,9845
3004924,1,1323060,55.70426400670046,10188
3004925,0,1323912,15.299531929606477,12907
3004926,1,1324083,18.188004678548822,11607
3004927,0,1324439,41.443722589239194,10267
3004928,1,1325076,16.230385188910454,6924
3004929,1,1325393,23.04572217789956,16777
3004930,0,1325497,22.233662898887232,5942
3004931,1,1326083,6.2872051319013105,3243
3004932,0,1326155,32.969514617677135,7030
3004933,0,1327092,21.142825739711462,6861
3004934,0,1327231,39.050006055718775,13991
3004935,1,1327303,120.37952291350436,10470
3004936,0,1327349,80.3714719571972,4359
3004937,0,1327352,31.074651896554016,11197
3004938,1,1328050,72.71921276191318,11145
3004939,1,1328067,49.943298703489724,14219
3004940,1,1328758,14.418607399741038,5982
3004941,1,1329006,13.55370848504961,11250
3004942,0,1329067,10.732414836546454,11804
3004943,0,1329108,16.62576240485404,8330
3004944,1,1329398,67.06833351527641,11466
3004945,1,1329577,75.20005193234043,3651
3004946,0,1329855,51.813380395438614,3989
3004947,0,1330499,2.748923937879637,2281
3004948,0,1330616,31.665837815443165,2100
3004949,0,1330786,91.22512641027062,16917
3004950,1,1331191,13.311604153604186,13804
3004951,0,1331247,43.09459810293904,3571
3004952,0,1331286,12.045385942370133,13320
3004953,1,1331412,30.13105561853948,3463
3004954,1,1331542,139.91924338305955,2569
3004955,0,1331679,51.839539737422356,16876
3004956,0,1332283,3.0951765895479446,15306
3004957,0,1332415,21.633877865940264,11674
3004958,0,1332605,35.96533165125178,16372
3004959,0,1332768,24.015612665593018,5335
3004960,0,1332774,46.45699059162581,4600
3004961,1,1333118,71.28128077504941,8516
3004962,1,1333370,104.07959542806348,7680
3004963,0,1333601,22.737989818235594,6229
3004964,0,1333671,93.25582426162742,17726
3004965,1,1333824,152.38480414902097,13168
3004966,0,1333924,109.03244040542641,9394
3004967,1,1334007,141.09933522084052,6862
3004968,0,1334132,24.040627301782298,13891
3004969,0,1334232,7.353520681462451,13835
3004970,0,1334318,44.031668368426445,10216
3004971,0,1334340,10.500834000973898,10701
3004972,0,1334492,77.63612836504427,11878
3004973,1,1334546,21.98828482594701,15386
3004974,1,1334639,194.43488555482546,14363
3004975,0,1335097,2.0667726902877255,8622
3004976,0,1335297,90.84972452589233,13797
3004977,0,1335384,9.955261380801485,1209
3004978,0,1335706,23.58064984967218,16296
3004979,0,1336221,9.185140655407196,1492
3004980,1,1336358,97.40385495458257,10508
3004981,0,1336794,61.19169345399064,5269
3004982,0,1336816,34.383236706056735,9211
3004983,0,1336829,29.874732375079617,5223
3004984,0,1337859,119.36707602326753,7851
3004985,0,1338139,13.713710963899842,4140
3004986,0,1338196,6.399597157294498,15902
3004987,1,1338308,63.429922800609454,5142
3004988,0,1338636,45.18233170700633,2397
3004989,0,1339296,28.35094739163307,1639
3004990,0,1339498,17.739230378408337,4358
3004991,0,1339588,21.99630100995947,1832
3004992,0,1340007,17.08534016494186,14920
3004993,0,1340071,24.5239979391683,12740
3004994,0,1340227,15.893396591632373,4939
3004995,0,1340373,7.956155282151286,3178
3004996,0,1340595,134.25204412966644,3115
3004997,1,1340945,75.03972003003206,15684
3004998,0,1341142,24.388823616358785,13412
3004999,0,1341152,6.669683287363555,6749
3005000,1,1341194,3.631395189348794,10008
3005001,1,1341403,176.74492135832713,4090
3005002,0,1341444,15.46858571360705,16717
3005003,0,1341499,116.15094606339464,3246
3005004,0,1341772,37.05657203302038,7633
3005005,0,1342275,172.79466354961446,2861
3005006,0,1342313,4.04133206688818,12417
3005007,0,1342519,120.44553172564166,16561
3005008,0,1342997,22.700108395980987,12261
3005009,0,1343034,55.851446467676155,13844
3005010,0,1343111,5.663516516324016,17087
3005011,0,1343474,15.034268600032588,3420
3005012,1,1343787,40.29123604201363,2014
3005013,1,1345069,68.97781514266971,16309
3005014,0,1345135,106.15752171132347,6438
3005015,0,1345229,2.7310789160355684,3234
3005016,0,1345473,1.871231055147928,16475
3005017,1,1345519,14.442956749141352,4290
3005018,0,1345557,6.551122154417495,4715
3005019,0,1345639,67.59078017225463,9428
3005020,1,1346338,7.441963783948655,13586
3005021,0,1346568,2.6309512009787412,5905
3005022,0,1347072,10.139683488307027,3375
3005023,0,1347434,30.967000309804277,3933
3005024,0,1347584,82.88343827042371,2317
3005025,1,1347766,14.752912408320974,15767
3005026,0,1349430,16.327257965189194,10384
3005027,0,1349434,21.143208504918785,6128
3005028,0,1349796,15.75839545378075,10774
3005029,1,1349953,19.02127148647237,2739
3005030,0,1350180,231.7929436630835,1667
3005031,0,1350542,25.846387030542566,1314
3005032,1,1350696,149.3785483204117,16836
3005033,0,1350770,136.82492578682604,1415
3005034,1,1351091,1.4340412413109334,4184
3005035,0,1351185,27.03368022043379,7121
3005036,1,1351242,33.6821550273294,14888
3005037,0,1352065,124.07462966368237,11413
3005038,0,1352081,1.4849999081897436,10735
3005039,0,1352222,10.142455134612263,4414
3005040,0,1352540,71.62903600842046,4029
3005041,0,1353352,9.512725492993203,9112
3005042,1,1353902,178.68180371312155,16192
3005043,1,1354014,37.646198038456106,11684
3005044,0,1354278,54.98835894085741,15694
3005045,1,1355244,2.133360358072763,2483
3005046,0,1355559,142.48955010189056,5308
3005047,0,1355667,26.49029003277885,7825
3005048,1,1355716,38.143980833043585,14937
3005049,1,1355900,48.08290304307565,10388
3005050,0,1355993,84.05229273936189,5435
3005051,0,1356338,23.133064334018137,7784
3005052,0,1357020,89.0320185078521,5447
3005053,0,1357167,28.05360427680289,6814
3005054,0,1357211,111.02410415356955,11224
3005055,0,1357738,38.430545859972156,14017
3005056,1,1357878,81.42525571852191,16717
3005057,1,1357892,29.704995042490395,1859
3005058,0,1357926,1.5801897373694935,14029
3005059,1,1358037,32.492814641019564,11519
3005060,1,1358258,65.57135332788407,5749
3005061,1,1358634,60.207248306942596,8002
3005062,0,1358928,81.53536835899287,3051
3005063,0,1359446,1.9286745587003817,8444
3005064,1,1359641,14.471090204170606,8604
3005065,0,1359839,128.0547068120997,13998
3005066,0,1359948,2.016291122571941,14242
3005067,0,1360374,134.34124359336965,7511
3005068,1,1360445,13.03656926057559,9945
3005069,0,1360645,47.43010036959737,9383
3005070,0,1360902,36.362447304079566,3577
3005071,0,1361186,14.684321454220298,1128
3005072,0,1361633,10.679812613133816,5969
3005073,1,1361837,86.38578038271143,15401
3005074,0,1362153,3.0673336515795184,6939
3005075,0,1362994,64.84127543691139,11905
3005076,0,1363497,2.291847784913219,16400
3005077,0,1363610,88.79165734267602,17785
3005078,1,1363999,8.401796354953358,12734
3005079,0,1364351,196.94721617010595,5649
3005080,0,1364504,20.730171135678184,13445
3005081,0,1364691,7.847097785699041,6266
3005082,0,1364901,63.864384738997785,5211
3005083,0,1365119,34.53301231669143,12826
3005084,0,1365151,13.953853930760781,3793
3005085,0,1365317,41.57652587344872,7107
3005086,1,1366150,18.82835772094973,11175
3005087,0,1366351,160.99653008600694,13160
3005088,0,1366451,20.76749004079031,4634
3005089,0,1366631,12.725299769965199,2181
3005090,0,1366674,96.61400037387017,16483
3005091,0,1366990,11.702592738877996,10099
3005092,0,1367263,58.304981819362936,10177
3005093,1,1367309,47.30563634785226,6548
3005094,0,1367786,14.02783071007356,9242
3005095,0,1367839,56.01100252309894,4608
3005096,1,1367914,238.31443216607084,4848
3005097,1,1367956,149.92411166752134,8616
3005098,0,1368126,11.1730264663275,16534
3005099,0,1368220,27.420793514056328,8626
3005100,0,1368394,5.942855355824554,17457
3005101,1,1368405,51.00709662690481,12516
3005102,1,1368695,89.9452339648755,2557
3005103,0,1368794,3.8439391233421305,6253
3005104,0,1369155,16.314661050143403,11986
3005105,0,1370319,75.42353739209135,3927
3005106,0,1371242,2.0754855092276774,15060
3005107,0,1371646,11.728740213196499,14489
3005108,0,1371817,148.60386771423398,3114
3005109,0,1371868,47.95253509032952,17258
3005110,0,1372161,14.508719898785294,3408
3005111,0,1372259,83.4384193247511,5954
3005112,0,1372569,3.186888442397564,9606
3005113,1,1373432,230.8762770830339,14008
3005114,1,1373574,69.18684847001745,2797
3005115,1,1373993,17.74495401820845,3933
3005116,0,1374424,68.32366961564038,4176
3005117,0,1374442,25.60192810435613,14018
3005118,1,1374714,13.132311420128259,6075
3005119,1,1375331,115.37818725890423,2217
3005120,0,1375650,22.655734281286414,1605
3005121,0,1375728,52.16183810078698,11480
3005122,0,1375896,38.79872747094654,15557
3005123,0,1376324,50.85982704583552,2185
3005124,1,1376644,65.86708690061552,10431
3005125,0,1377042,18.545581483162138,1608
3005126,0,1377152,64.77644614483576,9170
3005127,0,1377287,47.8435007053039,3941
3005128,0,1377367,35.51466134240981,10795
3005129,1,1377426,59.76191387118427,14484
3005130,0,1377503,98.7598857671581,13697
3005131,1,1377539,100.12302034326494,5357
3005132,0,1378270,17.30413250357242,14881
3005133,1,1378506,89.5519393704613,7042
3005134,0,1379676,13.330728473548215,1645
3005135,0,1379736,23.823761595627428,12810
3005136,1,1380603,45.23893637879655,14216
3005137,0,1380621,37.804933498646406,11267
3005138,0,1380698,4.868489550998192,15777
3005139,0,1380813,65.40951237723861,9713
3005140,0,1380890,27.0688257061627,12958
3005141,0,1381206,54.59138230005991,3348
3005142,0,1381280,24.488061134447957,12137
3005143,0,1381717,21.435782207333926,14964
3005144,1,1382484,73.1335858784773,1991
3005145,0,1382752,117.02353293597143,3689
3005146,1,1382886,22.099185672390135,10286
3005147,0,1383030,23.224488793201875,8681
3005148,1,1383533,65.46867266390197,5902
3005149,1,1384171,68.57038601724824,2789
3005150,1,1384931,26.19680449254116,6840
3005151,0,1385220,11.28570657907117,15340
3005152,1,1385436,96.7896532880265,7521
3005153,1,1385871,15.040152550210895,1117
3005154,1,1385953,28.760234424852925,1823
3005155,0,1385987,36.9248088627345,15536
3005156,0,1386073,9.025716681851135,13020
3005157,0,1386510,86.21873186593129,16127
3005158,1,1386570,2.8853928302404652,10382
3005159,1,1386587,109.65968859737605,10581
3005160,0,1386842,52.42917661055747,1672
3005161,0,1386886,231.25132476545124,6949
3005162,0,1386994,13.785200729828958,8460
3005163,0,1387322,27.809810530978147,15287
3005164,1,1387829,17.551874228862687,14957
3005165,0,1387994,18.351948090222912,8416
3005166,0,1388401,46.829024694829485,5030
3005167,1,1388412,93.33262485534735,9333
3005168,0,1388828,11.107762159331044,16252
3005169,0,1388850,13.869851312600975,3763
3005170,0,1388868,89.69870882518734,13998
3005171,0,1389361,15.948887564446053,12125
3005172,0,1389685,10.864439534791579,14578
3005173,1,1389716,25.210062503475044,16608
3005174,0,1389775,49.52139902038559,8910
3005175,0,1390011,2.683919139543588,15606
3005176,0,1390054,43.94562111559996,11816
3005177,0,1390113,11.378553643144933,9003
3005178,0,1390114,20.45185076097711,16878
3005179,1,1391274,7.121454721989766,10649
3005180,0,1391556,3.243526800398268,14561
3005181,0,1391607,6.91124569698465,7567
3005182,0,1391733,36.83498098063454,9046
3005183,0,1391872,37.714692888337595,7791
3005184,1,1391893,18.98329681230383,6555
3005185,0,1392214,132.7323667525279,10418
3005186,1,1392254,23.692247966317517,2117
3005187,0,1392945,14.341472469206085,14235
3005188,0,1393172,5.985459571277077,13359
3005189,0,1393305,128.69087898614114,15841
3005190,0,1395843,190.02020548495068,15376
3005191,1,1396267,135.2090792919285,7445
3005192,0,1396372,22.43388743041852,3596
3005193,0,1396969,51.40366222483051,5189
3005194,0,1397066,70.04164049440705,7651
3005195,0,1397092,37.04187943996148,12811
3005196,1,1397224,21.78771242470544,13576
3005197,0,1397233,15.016485902050213,12797
3005198,0,1397335,9.96927693405506,2382
3005199,0,1397551,0.020562852497405148,9928
3005200,0,1397595,99.78905400404234,4096
3005201,1,1397940,1.3296535347938458,15832
3005202,1,1398386,56.61186533762723,5915
3005203,0,1398546,11.27121110826852,16803
3005204,0,1398618,5.470411213931495,11383
3005205,0,1399065,97.90292858875209,4778
3005206,1,1399131,19.217959235976707,13901
3005207,1,1399183,134.6762782215319,3052
3005208,0,1400256,63.01438754713171,6512
3005209,0,1400327,85.15643318989592,8222
3005210,0,1400505,0.286201647427505,6386
3005211,1,1400653,110.42273273344736,13167
3005212,0,1400855,19.309736412388233,12370
3005213,1,1400946,105.94716352040952,9468
3005214,1,1401407,42.023661709000635,6488
3005215,0,1402048,17.84987196203937,15570
3005216,0,1402449,4.163462931820945,8367
3005217,1,1402500,8.471077383139964,10572
3005218,0,1402998,48.8458772335473,12051
3005219,0,1403365,12.54138817341498,2535
3005220,0,1403653,37.53313684928841,7692
3005221,0,1404108,8.64267083835016,2002
3005222,1,1404208,108.55880723288726,14231
3005223,0,1404452,6.4448532435612185,10617
3005224,1,1404647,18.553502168689484,8174
3005225,0,1404666,62.66945710817016,16033
3005226,0,1404690,78.23948749562022,6357
3005227,0,1404988,7.9593933174189795,9783
3005228,0,1405244,5.300575778864576,4708
3005229,0,1406055,6.04346392890063,15884
3005230,0,1406476,75.1857985895136,13631
3005231,0,1406589,7.6269293682292325,11174
3005232,0,1406829,3.5959759088233305,8733
3005233,0,1407392,6.785511045804649,1312
3005234,1,1407405,52.58093176902072,8707
3005235,0,1407738,16.101123835284316,6908
3005236,0,1408263,174.283184668274,13567
3005237,0,1408277,72.38390787930659,15066
3005238,0,1408523,42.69561904050429,12002
3005239,1,1408770,44.56091585364445,10600
3005240,0,1409858,32.83382171423718,5914
3005241,0,1410251,108.1611898503161,2275
3005242,0,1410333,27.28840278446148,7789
3005243,0,1410853,132.76327860564007,7176
3005244,0,1410920,31.561058548102444,14371
3005245,0,1411187,11.082218733601785,17871
3005246,0,1411249,62.41922405297505,16449
3005247,0,1411263,34.573667428142855,6496
3005248,0,1411813,38.71261588012887,6848
3005249,0,1412233,3.325759146004021,1265
3005250,0,1412240,10.10755812901297,11819
3005251,0,1412582,228.64541312118533,2458
3005252,0,1412959,48.157888044531745,15239
3005253,0,1413596,49.11774725773838,6700
3005254,0,1413727,41.6917188808692,16664
3005255,0,1413734,16.892662070328182,1307
3005256,0,1413904,59.48913789791618,17866
3005257,0,1414120,16.902648623725618,2030
3005258,0,1414151,6.288569573027904,15120
3005259,0,1414543,11.357061004292964,1930
3005260,0,1414855,32.061061618867846,4627
3005261,0,1415139,32.01811657744816,16906
3005262,0,1415465,28.338643366755296,16683
3005263,0,1415550,21.757109687868386,14951
3005264,0,1416288,4.640039714212702,13549
3005265,0,1416382,55.87906551223354,9517
3005266,1,1416417,65.6386486031295,13518
3005267,0,1416497,33.53777088416489,5073
3005268,0,1416588,47.28580900779528,15185
3005269,0,1416614,2.3773460158249216,1508
3005270,1,1417577,96.5546135761616,10488
3005271,0,1418222,59.94435464467893,4517
3005272,1,1418383,70.50886944556484,3315
3005273,0,1418631,53.96557732951962,11796
3005274,0,1418932,51.4102394623693,17514
3005275,0,1418941,0.10436617414192484,9012
3005276,0,1419101,37.41210491376574,3157
3005277,1,1420783,3.782570421553512,11429
3005278,0,1420799,1.7052683443145562,15096
3005279,0,1420886,68.87841959786051,10001
3005280,0,1421074,8.838438154874439,11588
3005281,0,1421350,71.56639542307214,12640
3005282,1,1423436,88.59846408706788,4068
3005283,0,1424182,4.594746083271181,14457
3005284,0,1424296,157.66814822645264,11748
3005285,1,1424808,158.13653015564006,10410
3005286,1,1424866,12.850282608416371,13419
3005287,0,1424897,21.936030143919123,3464
3005288,1,1425300,42.19282259006321,16498
3005289,1,1425309,212.39895190050046,17216
3005290,0,1425410,243.97616211882092,17163
3005291,0,1425711,37.930841040537786,14880
3005292,0,1426136,33.989506201765714,6586
3005293,0,1426192,17.93065467379083,1221
3005294,0,1426408,3.77350764818198,3150
3005295,0,1426445,22.04204778833705,4444
3005296,1,1426714,23.625078744935653,11682
3005297,0,1426925,38.882530555933386,5437
3005298,1,1427003,4.855432855143789,17337
3005299,1,1427553,41.755226910423914,10815
3005300,0,1427947,20.815633567957192,10420
3005301,0,1428045,29.637739682983415,3460
3005302,0,1428098,40.15135367441121,7107
3005303,1,1428339,256.9374274800439,12479
3005304,0,1428868,50.41320385280172,6424
3005305,0,1428971,1.7052003756877538,17312
3005306,0,1429246,5.622611715275353,3949
3005307,0,1429492,55.340987140329354,12999
3005308,0,1429663,3.117568904068409,2973
3005309,1,1429770,20.29728503091298,7974
3005310,1,1429982,70.25840604080445,5169
3005311,0,1430132,125.96965091122358,5286
3005312,1,1430672,5.431264945526277,12237
3005313,0,1430707,23.509437468714246,6335
3005314,0,1431079,9.561442637461596,13279
3005315,0,1431180,5.223813016692666,3830
3005316,0,1431317,46.878381785668,14553
3005317,0,1431434,41.51510661923285,2721
3005318,0,1431855,78.87400352720371,15597
3005319,0,1432228,42.66850687851617,12959
3005320,0,1432759,18.637331880457257,5718
3005321,0,1433002,49.40397435455222,14034
3005322,0,1433118,10.358721326024376,17559
3005323,0,1433221,43.38335164471136,12452
3005324,1,1433791,13.187334951183919,10433
3005325,0,1433944,33.90589145771429,9296
3005326,0,1434575,2.6156073895508913,2728
3005327,1,1435011,38.008068128781204,9916
3005328,0,1435372,61.15488110464769,13344
3005329,1,1435376,74.02715472007253,5171
3005330,0,1436232,0.023924251410801928,15990
3005331,0,1436281,1.5306324733621692,14893
3005332,1,1436809,184.71406350722245,14699
3005333,0,1436895,79.35010146257751,2457
3005334,1,1437328,84.59753060351048,13135
3005335,1,1437401,87.55297443102143,9297
3005336,0,1437533,78.43782969395149,16782
3005337,1,1437914,95.63040211109886,1855
3005338,0,1438088,84.56292432870288,12060
3005339,0,1438152,40.71161619950433,12033
3005340,0,1438544,98.2130867714748,5298
3005341,0,1438748,84.79855257332957,8759
3005342,0,1438844,9.098331130904954,5138
3005343,0,1439265,4.971133824650048,17815
3005344,0,1439441,26.220355838678135,13957
3005345,1,1439540,136.99925435120898,10089
3005346,0,1439547,1.7169406851426423,10877
3005347,1,1439991,6.595221497833596,7537
3005348,0,1440373,3.748949386359162,6445
3005349,1,1440380,87.61963937960782,7568
3005350,0,1440412,10.431696864586868,3956
3005351,0,1440435,7.318281942994169,11853
3005352,0,1440681,19.96931770340274,10877
3005353,1,1441338,27.95764054756734,8503
3005354,0,1441919,171.32867909317412,5342
3005355,0,1442081,161.263498152432,3858
3005356,1,1442350,0.1774471491370171,1225
3005357,0,1442730,67.55744716099174,16527
3005358,0,1442823,61.13038871914068,11930
3005359,0,1442888,55.27518718460102,9450
3005360,0,1442942,133.09684304949886,12874
3005361,0,1443017,65.79669534086622,14864
3005362,0,1443159,9.019343481021322,15248
3005363,1,1443386,61.75297679703142,16220
3005364,0,1443695,105.76004979709852,3644
3005365,1,1443764,10.795391214993524,1973
3005366,0,1443811,86.31156640711231,2704
3005367,0,1444560,52.8443137951592,15358
3005368,1,1444570,34.143616985474566,16130
3005369,0,1445931,18.148034188344987,6854
3005370,0,1446037,73.26355453361847,17252
3005371,0,1446207,149.5661174903004,13900
3005372,0,1446336,118.2295668181804,17123
3005373,1,1446595,140.63390961574322,17379
3005374,0,1447022,47.072008480921625,15905
3005375,0,1447048,17.42800542065743,1781
3005376,0,1447114,98.79242552700634,17260
3005377,1,1447843,4.135284222394766,12896
3005378,1,1448008,113.80304364088323,3022
3005379,1,1448107,43.57818778583755,3222
3005380,1,1448626,19.159615136248924,16730
3005381,0,1448808,109.63496526654883,12525
3005382,0,1448814,28.667642534918556,13499
3005383,1,1449173,162.20118964969288,4110
3005384,1,1450666,102.14076979641959,2333
3005385,0,1450673,63.47211404294896,6959
3005386,1,1451158,146.02155148610748,8237
3005387,0,1451342,0.30910564985884637,8419
3005388,0,1451349,39.02376931762295,2689
3005389,1,1451703,20.171099535685563,12720
3005390,0,1451784,2.7005794708408075,11631
3005391,0,1452635,14.992356088389439,17367
3005392,0,1453093,39.24639915349429,4939
3005393,1,1453094,0.16068620925632038,10818
3005394,0,1453404,0.7126332204454429,15059
3005395,0,1453413,84.85046068283366,5546
3005396,1,1453647,6.555736676864972,12274
3005397,0,1453733,21.739777440079013,16457
3005398,0,1453754,35.2483734071286,1341
3005399,0,1454301,58.18941801900621,14594
3005400,0,1454483,9.931532901100665,4208
3005401,0,1454500,33.57286560566465,12103
3005402,0,1454587,42.17581829393922,5425
3005403,0,1454793,62.46902955174202,13726
3005404,1,1455155,217.5591942616721,15117
3005405,0,1455221,4.793124410469959,12649
3005406,0,1455388,25.224585375892712,6840
3005407,1,1455504,203.2794192673562,9685
3005408,0,1455632,77.6792989405346,8138
3005409,1,1455987,17.095676846582837,12068
3005410,1,1456201,78.32876885858462,17025
3005411,0,1456288,27.91668127755872,17168
3005412,0,1456688,37.24550110038159,7225
3005413,0,1456699,29.74027870054945,10598
3005414,1,1457486,12.729871420482509,13953
3005415,0,1457588,9.552734780890807,14589
3005416,0,1457872,106.23010664671824,2059
3005417,1,1458145,24.52348092831514,3514
3005418,0,1458405,6.098368979680974,14876
3005419,0,1458454,52.87355939625413,8814
3005420,1,1459116,77.02770760670495,12920
3005421,0,1459128,16.364390204206043,13073
3005422,0,1459208,5.785816850677315,13563
3005423,1,1459291,158.92854677242437,16436
3005424,0,1459511,30.08679027915162,15111
3005425,0,1460026,11.958264443373428,5551
3005426,1,1460706,125.05312140196807,1834
3005427,0,1460717,14.410926400191574,16679
3005428,0,1460810,24.500869243362317,6671
3005429,0,1460930,2.8050643989959863,16525
3005430,1,1461756,208.1485632639144,1945
3005431,0,1461871,102.03045189419346,2148
3005432,0,1461955,21.38891283677859,5240
3005433,0,1462002,28.601861545433476,6371
3005434,0,1463027,20.236074491875407,9485
3005435,0,1463151,37.095896555705124,14741
3005436,0,1464041,11.306087664468848,3969
3005437,1,1464422,177.5096342134065,5652
3005438,0,1464607,0.8477273480784482,16722
3005439,1,1464912,147.37571109407247,12785
3005440,0,1464920,2.9699489850241414,7059
3005441,0,1464986,3.2739457029963135,5959
3005442,0,1465472,23.74656649430934,16547
3005443,0,1465641,31.068798162166082,10811
3005444,1,1465666,35.671111205481786,17644
3005445,1,1465703,43.92580914053204,8601
3005446,1,1465725,25.614954243981856,8846
3005447,0,1465967,55.82521869511218,4805
3005448,1,1466065,22.262004274023166,3143
3005449,0,1466197,6.496353817593664,4474
3005450,0,1466508,121.50178068532067,1455
3005451,0,1466848,69.00819001234908,6750
3005452,0,1468085,55.50123917501932,6307
3005453,0,1468335,1.505068476030689,4873
3005454,0,1468782,58.95285624982826,8293
3005455,0,1469453,100.81074911851272,8050
3005456,1,1469642,62.3152893966028,6803
3005457,0,1469730,6.2130868249704205,4252
3005458,0,1470215,2.9022972640599893,9986
3005459,0,1470785,21.071678937753916,15600
3005460,0,1470940,34.5614151115302,14641
3005461,1,1471122,0.27389149984181316,16295
3005462,0,1471297,44.61745931547881,10885
3005463,1,1471391,27.39786129005574,2373
3005464,1,1471623,34.56773557700583,15334
3005465,1,1471696,194.16083033658467,6848
3005466,0,1471702,43.805058216024115,11733
3005467,0,1473065,23.437871375335213,12905
3005468,0,1473146,49.483750077383796,8228
3005469,0,1473179,26.5947289568782,9038
3005470,0,1473727,52.4649305637806,15169
3005471,0,1473848,9.783578460104875,10034
3005472,0,1473939,14.647183525021736,10717
3005473,0,1474140,3.782394423803148,12885
3005474,1,1474416,18.79554141220027,11926
3005475,0,1474487,21.50298169370462,15440
3005476,0,1474750,31.197417286185114,5052
3005477,0,1474856,22.489637970194785,11899
3005478,0,1474969,14.090571424289921,12344
3005479,0,1475059,61.514542392579095,5228
3005480,0,1475217,37.34791001952202,3213
3005481,0,1475596,35.836959158528686,10030
3005482,0,1475665,15.97291260234455,2680
3005483,1,1475905,9.602538544776706,14457
3005484,1,1475981,51.95688991849897,8728
3005485,0,1476087,31.854231911195697,5782
3005486,0,1476518,44.16234414907377,2641
3005487,0,1476530,16.162783452468855,17880
3005488,0,1477339,30.72627945149869,9858
3005489,0,1477366,15.234516300225254,14267
3005490,0,1477497,19.94261678254103,15394
3005491,1,1477522,141.34030334962765,16234
3005492,1,1477901,28.390052188838016,5144
3005493,1,1478277,93.60853661072332,10023
3005494,0,1478387,25.190409398878433,1486
3005495,0,1478571,19.802922367293025,16449
3005496,0,1478650,4.6468840006072085,2097
3005497,1,1478931,12.723276294434152,15214
3005498,0,1479440,21.197041647798663,8561
3005499,0,1479707,111.99230819091221,8983
3005500,0,1479718,94.32534965343548,17821
3005501,0,1479899,19.362478871768356,1123
3005502,0,1480054,64.29499413789824,11852
3005503,0,1480186,10.231556210742783,17858
3005504,0,1480260,6.4383595918922705,13504
3005505,0,1480494,231.47949479264108,11044
3005506,0,1480711,3.294462438645424,10309
3005507,0,1481041,39.05197508704122,8337
3005508,0,1481909,130.09840657177685,5409
3005509,1,1482025,115.2810780795669,17980
3005510,1,1482202,26.934214446344555,5926
3005511,0,1482212,48.07064330273969,10672
3005512,1,1482360,208.32666981332753,13219
3005513,1,1483493,133.32799566447113,15046
3005514,0,1483714,48.681994425448785,11731
3005515,0,1483830,31.60036648250419,17918
3005516,0,1483989,59.70524470193092,8781
3005517,0,1484240,16.563653722748068,10321
3005518,0,1485306,76.78952753389706,7654
3005519,1,1485314,39.81374864127345,14491
3005520,0,1485486,25.009666236410773,5628
3005521,1,1486020,2.4897760832489113,14041
3005522,0,1486211,55.61544644001385,7902
3005523,1,1486332,18.47575026330171,2280
3005524,1,1487002,151.77208203482473,12460
3005525,0,1487165,65.82001280497505,5742
3005526,1,1487304,200.71907964348176,13492
3005527,0,1487838,4.964426577558025,4912
3005528,0,1487954,39.071512158686886,13952
3005529,0,1488163,45.08232802350447,16837
3005530,0,1488221,13.865726890087663,11224
3005531,0,1488367,135.4439847392896,13733
3005532,0,1488959,22.325147839981486,2380
3005533,0,1489384,62.70767880486996,2473
3005534,0,1489893,106.99742229918745,6104
3005535,0,1489995,73.76839115672878,13149
3005536,0,1490621,8.343154547223675,17036
3005537,0,1490624,52.39935017373371,13028
3005538,1,1491266,156.11618108002827,12237
3005539,0,1491404,23.329734547850887,16705
3005540,1,1491512,39.3834684277958,12789
3005541,1,1491808,114.04630731511259,10360
3005542,0,1492113,11.08863898747633,1573
3005543,1,1492189,62.685738293223224,7145
3005544,0,1492204,9.359120172813098,2820
3005545,0,1492589,73.89865870052759,17563
3005546,0,1492800,26.31181680848013,15412
3005547,0,1493120,18.519556163758196,10956
3005548,0,1493121,3.0000455783180477,10913
3005549,0,1493625,72.19033078492014,5118
3005550,1,1493633,47.261362477055954,6372
3005551,0,1493723,8.38401963766107,14021
3005552,1,1493883,9.5546625731568,16451
3005553,0,1493961,7.684719914608161,5422
3005554,0,1494205,71.40403759019512,10514
3005555,0,1494308,91.25175002349457,12423
3005556,0,1494367,15.473110476424381,14547
3005557,1,1494421,8.611666849120642,8085
3005558,1,1494950,26.142314009566213,9726
3005559,1,1495512,65.11733868294989,7387
3005560,0,1495780,47.17813261831788,4333
3005561,0,1495963,43.54301090384893,4788
3005562,0,1496091,2.146950118960467,17590
3005563,1,1496403,88.76125761192274,3410
3005564,0,1497119,5.875772973343186,17452
3005565,0,1497133,45.204733775469755,10528
3005566,1,1497561,42.94478987418797,7402
3005567,0,1498368,108.24640684900575,9812
3005568,1,1498654,143.67361102791614,10270
3005569,1,1498744,4.7210820853841815,8935
3005570,0,1499135,39.841912875575346,17646
3005571,0,1499207,7.145811619966945,5036
3005572,0,1499226,45.372400232604036,17280
3005573,0,1499663,190.60728080339325,15855
3005574,0,1499700,1.8216766773939217,10651
3005575,0,1499923,30.9580369810535,9331
3005576,0,1500033,27.81088691676285,9826
3005577,0,1500386,2.006913992291059,17962
3005578,0,1500556,47.044073880143245,11007
3005579,0,1500871,8.273009306945033,1578
3005580,0,1501184,8.56312400387662,8165
3005581,0,1501779,19.424468259501324,2248
3005582,0,1502219,27.180230567868673,8715
3005583,1,1502853,189.4799419387501,8046
3005584,0,1502963,3.3124233187447434,14569
3005585,0,1503145,129.30750887491237,13458
3005586,0,1503394,42.66955914638327,3419
3005587,0,1504174,101.56527233315266,11737
3005588,0,1504439,10.707053422617726,1105
3005589,0,1504763,4.309128191830466,3277
3005590,0,1504772,13.707475433268607,17834
3005591,1,1504840,7.7789146952779875,2287
3005592,0,1505290,8.977578272529435,6963
3005593,1,1505387,55.88331955453525,4739
3005594,0,1505730,66.40644031550615,15488
3005595,0,1505911,24.685908101703234,9460
3005596,1,1505916,100.59458875592826,5282
3005597,1,1505986,25.211984840687546,5718
3005598,0,1506595,25.58242995172969,2488
3005599,0,1506713,24.00619412061151,3327
3005600,1,1506759,23.91508536912294,5259
3005601,0,1507164,0.1813338903537161,6369
3005602,1,1507299,24.800205080672878,17109
3005603,0,1507302,155.44325684847024,16457
3005604,1,1507421,113.4406866068868,10706
3005605,0,1508830,75.25253669592445,13648
3005606,1,1509116,122.46577185451089,14235
3005607,0,1509177,25.453618174735322,5728
3005608,0,1509199,15.62661235417677,1025
3005609,0,1509353,65.23887663046388,11732
3005610,0,1510385,1.2856994029485806,16400
3005611,0,1510490,9.676642775407087,5712
3005612,0,1510680,20.688028546312527,7984
3005613,0,1510818,2.7649878402427785,1342
3005614,1,1510840,16.036386294332893,17294
3005615,0,1510892,117.84476600836535,15597
3005616,0,1511524,20.399747108945313,9148
3005617,1,1511564,108.2885150075751,13476
3005618,0,1512352,17.421451174937566,7090
3005619,0,1512443,27.918214992883193,16253
3005620,1,1512630,8.455113241405737,11192
3005621,0,1512708,26.393006604514706,6509
3005622,0,1512741,28.558988571262528,4289
3005623,1,1513069,73.85308373425843,2202
3005624,0,1513181,25.742163537860996,14360
3005625,0,1513351,29.957597146300362,8567
3005626,0,1513578,29.09865978048441,11061
3005627,0,1513789,22.949252882984474,17232
3005628,1,1514491,81.81617691872242,9679
3005629,0,1514705,51.03173312724655,6419
3005630,0,1514985,36.66427914792063,6560
3005631,0,1515080,36.61313217019259,15367
3005632,0,1515553,0.9348189771355637,6011
3005633,0,1515742,58.97201364493885,13964
3005634,0,1515786,8.804671629939834,2625
3005635,0,1515803,119.05968777729316,6415
3005636,0,1515814,5.431031459902144,9012
3005637,0,1516077,36.51217242747645,8705
3005638,1,1516225,246.51561035636723,14536
3005639,0,1516555,13.778936825807142,13062
3005640,1,1516800,88.05059855703259,10027
3005641,1,1517191,13.324220429992648,16072
3005642,1,1517250,16.98304639946565,10239
3005643,0,1517721,22.27123698654319,16260
3005644,0,1517792,51.6433431964758,7924
3005645,1,1518053,8.658771122929625,8068
3005646,1,1518501,5.460463085356137,6328
3005647,1,1518940,11.24696397855982,4829
3005648,0,1519725,13.299558690053068,2760
3005649,0,1520084,53.51711309177385,14387
3005650,0,1520103,38.848136703764546,10150
3005651,0,1520122,112.91515138589642,1872
3005652,0,1520349,16.031401565252153,10198
3005653,1,1520693,138.60104139121373,9582
3005654,0,1521116,9.340957106811459,11243
3005655,1,1521251,64.16385749838594,15123
3005656,1,1521323,44.60802244978102,8057
3005657,0,1521580,140.0609415859941,10555
3005658,0,1521793,13.90573912224543,12971
3005659,0,1521891,17.506985740056873,13170
3005660,0,1522169,85.56091034556901,13266
3005661,0,1522194,38.006692814720274,17376
3005662,0,1522258,47.168222179655814,14421
3005663,0,1522374,32.498261253957864,16160
3005664,0,1522753,1.038720582006068,5239
3005665,0,1522888,16.07169349394459,14574
3005666,0,1522923,54.70379774792754,10787
3005667,1,1523190,37.18398023124451,11476
3005668,0,1523467,85.90926104756066,7576
3005669,0,1523835,73.22399045768037,1617
3005670,0,1524513,49.19270029207042,8296
3005671,1,1525128,6.328415078126616,11221
3005672,0,1525398,40.2843068612956,12966
3005673,1,1525705,1.8134916847076588,5846
3005674,0,1525861,17.516368269292585,1247
3005675,0,1526606,19.60791526027775,9915
3005676,1,1526704,194.8822880583022,15578
3005677,0,1527159,43.882338617536824,11889
3005678,1,1527491,16.35413788722164,8563
3005679,0,1528664,19.870968121983427,4372
3005680,0,1528711,17.07821139342143,10100
3005681,1,1528823,2.03849784977454,6384
3005682,0,1528940,22.951678222470058,4527
3005683,0,1529138,3.643350587763941,9907
3005684,0,1529241,4.04746579472055,6104
3005685,0,1529328,15.32074103784358,5640
3005686,0,1529513,10.366114344633662,1033
3005687,0,1529719,75.28634772313819,12230
3005688,0,1529732,9.999009612538446,8417
3005689,1,1529770,145.12721973926085,14011
3005690,0,1530095,84.71531966428394,16200
3005691,1,1530176,30.144552373876188,16034
3005692,0,1530364,12.830300529757643,10848
3005693,0,1530382,14.782516868389434,17180
3005694,1,1530486,2.738116580619082,2877
3005695,0,1531113,18.048693342308617,13490
3005696,1,1531199,72.36094415215172,10209
3005697,0,1531338,28.385407661955796,10761
3005698,0,1531414,9.973085041086177,1101
3005699,1,1531495,52.01299448693247,3627
3005700,0,1531902,3.3164623752472115,8056
3005701,0,1532073,14.308284919484816,2535
3005702,0,1532209,55.37612820950372,1160
3005703,0,1532383,77.13066592419271,2850
3005704,0,1532591,105.95898726601199,10368
3005705,0,1532755,30.118311346522,9839
3005706,1,1533092,0.6916272534629527,14454
3005707,1,1534045,81.15981360461674,17939
3005708,1,1534671,91.96981573521651,9593
3005709,0,1534885,32.78640257701183,10984
3005710,1,1535192,84.71436989685898,12938
3005711,0,1535214,100.25831554725477,8576
3005712,1,1535424,150.94885634226114,13972
3005713,0,1536179,6.306133447838796,1344
3005714,0,1536453,39.949683108750925,9159
3005715,1,1537172,116.5174830752147,11543
3005716,0,1537374,7.112250530876607,11490
3005717,0,1537458,3.165120602820197,5499
3005718,1,1537464,86.30388913086368,6403
3005719,1,1537557,6.062776109529062,10344
3005720,0,1537813,47.0421275672697,12313
3005721,0,1538651,40.479780815354346,2077
3005722,1,1539312,113.03654433824914,14067
3005723,0,1539741,27.570824994779734,16177
3005724,1,1539859,194.09874232291585,12032
3005725,0,1540072,40.771724027559635,11011
3005726,0,1540095,28.18109037423912,15757
3005727,0,1540125,34.82058906910751,10951
3005728,0,1540387,34.43194984048262,3042
3005729,1,1540577,34.43883738979354,8648
3005730,1,1540623,12.171740761164475,8193
3005731,0,1540663,4.765662306584114,2257
3005732,0,1540894,36.088897959903065,7827
3005733,1,1541277,26.10818609530195,8807
3005734,0,1541345,37.30415053851105,1310
3005735,1,1541550,51.85039193052244,3780
3005736,0,1542197,89.6665055881474,7367
3005737,0,1542451,15.629272440714912,8933
3005738,1,1543097,54.23018050002412,17884
3005739,1,1543186,4.5779574445180025,2084
3005740,0,1543395,3.56660934742102,8725
3005741,1,1543409,126.70935938781507,4854
3005742,0,1543758,11.219191030652606,4569
3005743,0,1543791,42.227710359532395,8479
3005744,0,1544255,92.62969878981181,8938
3005745,0,1544370,8.524826747170406,4472
3005746,1,1544384,75.15037808373054,12866
3005747,0,1544813,2.7207263499224634,12275
3005748,1,1544890,5.744619456444557,13464
3005749,0,1545179,75.1989759877388,6390
3005750,0,1545400,5.84262146711732,4201
3005751,0,1545889,58.6267473676196,15893
3005752,0,1545909,5.496435144753131,1132
3005753,0,1546200,36.32939413903852,12199
3005754,0,1546230,17.333837793300084,16773
3005755,0,1546565,5.917802057731277,2495
3005756,1,1546884,22.246902030798985,10117
3005757,0,1547271,12.60561370602758,15240
3005758,0,1547368,48.037930266889994,9600
3005759,0,1547668,16.422016308507427,8056
3005760,1,1548150,32.18615650235725,17968
3005761,1,1548565,189.67852864174455,11572
3005762,0,1548627,85.87172451341965,1824
3005763,0,1548883,2.084475856067683,9481
3005764,1,1548925,5.9484137635908,8291
3005765,0,1548940,48.323455241520655,14880
3005766,0,1549027,111.57325388536536,17558
3005767,0,1549688,18.43203234460134,1516
3005768,0,1550287,35.80450645197779,9162
3005769,1,1550594,138.5286922019715,17278
3005770,0,1550623,5.4870827651097285,6379
3005771,1,1550773,43.25955904353063,9791
3005772,0,1550804,10.84793355364477,5158
3005773,0,1550898,70.19254538059211,9017
3005774,0,1551259,73.0568530221527,11810
3005775,0,1551286,116.19439807355532,6506
3005776,1,1551442,93.32443144633791,15411
3005777,0,1551702,78.61389388659119,11898
3005778,0,1552622,147.2928655887017,9112
3005779,1,1552874,66.53062976851658,10496
3005780,1,1553263,240.91456961285553,16914
3005781,0,1553729,31.343350689456077,11643
3005782,0,1554245,35.301197008969304,5594
3005783,0,1554258,65.19871375953964,13473
3005784,1,1554408,98.73766138979408,6023
3005785,0,1554614,52.172906336797254,3824
3005786,1,1554717,73.8368815783359,11369
3005787,1,1554815,2.3449746558374276,16752
3005788,0,1555443,0.5284314359408426,13189
3005789,1,1555903,80.80218473418816,8764
3005790,0,1555913,44.91204870610194,17728
3005791,1,1555993,101.61199457104742,15239
3005792,0,1556140,49.94444173511546,7917
3005793,0,1556391,9.10233597924799,8502
3005794,0,1556410,8.55789020309761,1851
3005795,0,1556940,17.865177518268496,3559
3005796,0,1557283,3.0138378378799136,7753
3005797,0,1557435,47.8994770119525,14618
3005798,0,1557915,104.14349006656825,6836
3005799,0,1558372,41.86656850784863,10444
3005800,0,1558578,36.93537261226975,10154
3005801,1,1559221,64.14032921252873,4918
3005802,1,1559271,35.32935895799037,10548
3005803,1,1559315,23.40649862058069,7201
3005804,0,1559346,19.051196528245477,8239
3005805,1,1559369,40.82616002222247,17912
3005806,1,1559426,15.386631926234005,3957
3005807,1,1560799,24.92633006145916,16234
3005808,1,1560907,16.894745516849206,6606
3005809,1,1561013,0.24314220577812332,8167
3005810,0,1561015,48.59797028683764,6321
3005811,1,1561850,30.49210993445719,8915
3005812,0,1562685,74.52217958284653,11864
3005813,1,1562881,52.83074608035153,11627
3005814,0,1562978,28.54628033939005,3194
3005815,0,1563546,7.254094920097332,16981
3005816,0,1563659,47.38945387005427,1001
3005817,0,1564078,8.875741439655913,8140
3005818,1,1564366,50.44917644238033,6591
3005819,0,1564521,12.131385435952852,13009
3005820,0,1564559,31.57074882011842,5563
3005821,0,1564823,3.7599555377032448,9948
3005822,0,1565012,30.799788882242606,13341
3005823,1,1565103,63.24964021484162,13331
3005824,0,1565133,74.59685634538923,14324
3005825,0,1565156,6.103945551771191,17217
3005826,0,1565340,90.40865813813652,13707
3005827,0,1565405,3.397119522056133,16585
3005828,0,1565808,0.9625044712166159,17508
3005829,0,1565916,135.25641695160274,14627
3005830,0,1566487,78.38050427510635,16061
3005831,1,1566569,169.26880978561164,3550
3005832,0,1566604,27.311526621379173,6334
3005833,1,1566637,55.81424003024951,11133
3005834,0,1566777,36.131745923221445,16518
3005835,0,1566878,24.127748783012795,9878
3005836,0,1567062,21.94212349804484,1671
3005837,0,1567147,72.19774454688807,10596
3005838,0,1567173,37.08558837006129,3777
3005839,1,1567240,16.056968704304968,9024
3005840,0,1567289,104.01867460876414,14852
3005841,0,1567756,20.245148222938266,2173
3005842,1,1567837,49.4889167260243,11006
3005843,0,1567941,24.092635556877877,5989
3005844,0,1568112,12.91529673938649,11387
3005845,0,1568485,3.9322868744931037,1818
3005846,0,1568558,46.83546874416529,6189
3005847,0,1568611,18.979017829095866,3727
3005848,1,1568655,73.76995425463882,15278
3005849,0,1568908,235.20462219461695,13833
3005850,0,1568935,13.612398321261615,6620
3005851,0,1569007,16.48793488059456,9326
3005852,0,1569455,95.14071069993953,1217
3005853,0,1569550,303.4693578024152,7136
3005854,0,1569603,92.76202344366756,7239
3005855,0,1569608,103.20555517945584,12116
3005856,0,1570156,5.9010062475784615,1519
3005857,0,1570168,85.25498642403426,10585
3005858,0,1570343,81.48007970979896,13745
3005859,1,1570455,15.474675668276157,16953
3005860,1,1570549,40.158765381154886,4742
3005861,0,1570621,71.95624148231033,2248
3005862,1,1570708,40.75497923468888,15745
3005863,0,1570898,100.11771018718419,2801
3005864,1,1571066,62.214458353434345,1474
3005865,0,1571343,39.995101117097896,17828
3005866,1,1571401,70.82114617451978,1993
3005867,0,1571837,3.4002295263132045,13605
3005868,0,1571957,22.911930939216855,12035
3005869,0,1572281,36.22535326147497,9628
3005870,0,1572453,8.781360034666235,4977
3005871,1,1572651,138.3775748549989,12647
3005872,0,1572877,9.478520170527178,9695
3005873,0,1573128,33.904371363116105,17340
3005874,1,1573546,49.645651206716416,10831
3005875,0,1573639,33.60516005777231,9093
3005876,0,1573720,71.28261076881161,11514
3005877,0,1574210,8.884086487782193,5529
3005878,0,1574663,69.9921316553081,10816
3005879,1,1575131,140.809889353412,11507
3005880,0,1575212,49.386174854151335,14622
3005881,1,1575288,32.64192768671684,2005
3005882,1,1576375,15.085617197353047,15275
3005883,1,1576625,22.563034193375497,2266
3005884,0,1576781,33.85934289256849,1273
3005885,0,1576853,49.84385412301821,13707
3005886,0,1577173,71.4696231581692,2955
3005887,0,1577686,111.88084938446106,3141
3005888,1,1578315,41.904952251364655,5124
3005889,0,1578469,47.31946559451913,7924
3005890,1,1578516,103.59237603422746,2373
3005891,1,1578856,104.99362195485745,9065
3005892,0,1579281,77.15466338060433,5412
3005893,0,1579328,190.3005490911848,5101
3005894,0,1579583,67.43554608853186,14956
3005895,0,1579669,6.325907081526132,5342
3005896,0,1579890,1.6307457238502279,3436
3005897,0,1580478,95.56364695850989,9602
3005898,1,1580531,39.59795217558367,14113
3005899,0,1580634,86.82643233892806,15662
3005900,0,1581073,146.33745189519632,7852
3005901,0,1581132,75.19745728601897,14443
3005902,1,1581185,27.241239631225422,1050
3005903,0,1581666,32.812373667004984,16784
3005904,0,1581693,76.9008226578514,7647
3005905,0,1582169,96.98180648206676,7916
3005906,1,1582186,33.3569180688524,10714
3005907,0,1583013,14.098865919176124,8374
3005908,0,1583033,20.820459330586903,9350
3005909,0,1583277,11.523843610018506,13147
3005910,1,1583294,13.195801310444876,2354
3005911,0,1583380,49.06119231888364,16890
3005912,1,1583469,6.854017590799658,13359
3005913,0,1583760,52.855657275337755,10752
3005914,0,1584539,50.872838408466194,12018
3005915,0,1584572,153.03307786540498,2676
3005916,1,1584992,16.033700757325846,3968
3005917,1,1585098,85.68215632243891,14481
3005918,0,1585379,7.182731885806534,3413
3005919,0,1585512,9.618338498849067,13875
3005920,1,1585975,161.0800957299667,9679
3005921,0,1585976,4.98075933627866,15229
3005922,0,1586060,3.7798697106689003,10137
3005923,0,1586072,37.74126483947094,15685
3005924,0,1586297,32.357844599824226,3548
3005925,1,1586881,21.78481253576647,16454
3005926,0,1587159,2.6947342098962315,17622
3005927,0,1587664,8.963225225225415,6316
3005928,0,1587736,26.424636475972296,4769
3005929,0,1588825,1.4591160712538898,15630
3005930,1,1588951,0.795800980044788,5376
3005931,1,1589170,30.06850527983229,6198
3005932,0,1589358,17.409382680559997,10123
3005933,0,1589415,38.127236319080396,1331
3005934,0,1590039,47.25756646829694,12575
3005935,0,1590601,101.95552351565568,6146
3005936,1,1591418,6.976454108016343,3926
3005937,1,1591773,21.42043751415545,1516
3005938,0,1592086,58.753282013981256,15136
3005939,1,1592364,106.09769323430368,1386
3005940,1,1592805,4.394408972266339,7678
3005941,0,1593429,9.575113492696921,12111
3005942,0,1593690,5.444950474537371,1400
3005943,0,1593798,4.7319951614697615,2509
3005944,0,1593965,64.50668981860075,7520
3005945,0,1594329,29.46223804078339,9588
3005946,1,1594609,6.219988550123278,6748
3005947,0,1594686,16.685296698071628,8689
3005948,1,1594774,8.226855258502194,4136
3005949,0,1594868,5.846417574214397,7571
3005950,1,1595685,108.00810852555409,7646
3005951,0,1595873,41.5959962474815,11687
3005952,0,1595888,41.267589828586814,5957
3005953,0,1596178,28.207214141909393,4140
3005954,1,1596469,133.03107157739882,3060
3005955,1,1596514,255.67839105381535,16382
3005956,0,1596590,27.940149669548614,17187
3005957,0,1596681,111.26828010548375,14701
3005958,1,1597035,124.40710089791314,12309
3005959,0,1597879,63.988592737643344,12370
3005960,1,1597919,23.953055218868307,17048
3005961,0,1598047,49.46820036986367,16741
3005962,1,1598169,16.821429013834948,11842
3005963,0,1598418,15.38172588588241,14295
3005964,0,1598705,55.81357484911032,1933
3005965,0,1599363,8.701619016861594,13057
3005966,0,1599713,52.07943554985219,13762
3005967,0,1599820,12.065033219632832,2998
3005968,0,1599896,18.103620545225876,4242
3005969,0,1600694,13.965408841436306,9361
3005970,0,1601071,95.12604376151577,6780
3005971,1,1601806,41.94688212062636,8167
3005972,0,1601976,0.26440851663803505,14182
3005973,0,1602107,18.503327360035705,5778
3005974,1,1602161,43.16164841626961,4532
3005975,1,1602209,82.0436258924653,12434
3005976,1,1602841,38.85996698153545,16140
3005977,1,1602868,59.66043510126893,15200
3005978,0,1603276,161.09685641477574,4086
3005979,0,1603337,104.31996268324329,9825
3005980,0,1603952,31.66833474561751,10620
3005981,0,1604069,0.7845472788644345,6133
3005982,0,1604154,105.46925690773314,10691
3005983,0,1604383,12.089619172624486,7974
3005984,0,1604409,80.28115878016968,11213
3005985,0,1605094,22.59482673455618,3320
3005986,0,1605139,20.493920793296436,12859
3005987,0,1605276,4.399190522340227,15652
3005988,0,1605564,20.934481380766425,1106
3005989,0,1606261,67.20714706588447,16978
3005990,1,1606499,66.22741653799724,2348
3005991,0,1606583,106.9247136835823,13642
3005992,0,1607004,4.445804644483202,1434
3005993,1,1607461,79.57570769610443,12899
3005994,1,1607620,91.47396316665696,6947
3005995,0,1608620,117.52281391872043,14265
3005996,0,1608636,32.13638931059407,7819
3005997,0,1608649,74.50149907650241,10577
3005998,0,1608718,52.1869929154776,8306
3005999,0,1608874,11.33066916320587,1511
3006000,1,1608911,87.43454834171955,16337
3006001,1,1608967,122.02076173861984,4289
3006002,0,1609001,39.22412501341844,3387
3006003,0,1609213,38.370485794442054,13493
3006004,0,1609274,11.065722441597197,13136
3006005,0,1610221,18.186406088302064,5762
3006006,1,1610233,63.60675308637177,5194
3006007,1,1610240,22.237021961660652,8566
3006008,0,1610401,9.454480096137202,10963
3006009,0,1610647,4.325929805650496,6498
3006010,1,1610953,137.59131786128546,14312
3006011,1,1611422,119.85506995709443,5622
3006012,0,1611579,38.736418475642736,10265
3006013,0,1612134,16.084347894101676,11122
3006014,0,1612344,0.494895179043254,12575
3006015,0,1613111,0.8512139439012257,3675
3006016,1,1613163,46.34506543471622,14024
3006017,0,1613265,81.04879320735456,12498
3006018,0,1613678,89.34519616943307,4770
3006019,1,1613876,19.152523109285735,15290
3006020,0,1614171,1.4466224333995736,11060
3006021,0,1614263,35.972993200419076,3712
3006022,1,1614267,12.802807088535682,10365
3006023,1,1614595,18.706669889668675,3467
3006024,0,1615423,19.863006108906212,17655
3006025,0,1615428,23.12924696158405,10955
3006026,0,1615431,18.767982192380664,5520
3006027,1,1615875,51.32249933835341,13123
3006028,0,1616150,3.510734546075672,7025
3006029,0,1616512,25.553354046482152,16066
3006030,0,1616878,61.53892178131777,6842
3006031,0,1616900,11.157407287422744,12591
3006032,0,1616959,282.722553826481,13464
3006033,0,1617264,42.36670744198954,10929
3006034,0,1617299,7.753340654869883,7563
3006035,1,1617315,2.072846460233631,7067
3006036,0,1617500,5.205680579257166,11242
3006037,1,1618937,38.44273285263225,7572
3006038,1,1619097,6.569402985073373,16810
3006039,0,1619267,23.103323435126306,16127
3006040,1,1619503,106.06970111531453,1298
3006041,0,1619863,17.535963073006354,17655
3006042,1,1620006,31.656833316685578,6566
3006043,0,1620335,175.7239516343579,9848
3006044,0,1620442,72.0841603255698,6515
3006045,0,1621285,38.54836676195076,10747
3006046,0,1621353,120.78531209209862,12780
3006047,1,1621698,95.79804260746208,15157
3006048,0,1622162,14.414329613037221,9707
3006049,1,1622188,3.5208503517818484,1777
3006050,1,1622213,13.303549305301809,2894
3006051,1,1622441,87.46426707412816,14282
3006052,0,1622512,19.95167964583597,17823
3006053,0,1622627,68.17331986706499,6692
3006054,1,1622642,37.24438163603799,10770
3006055,1,1622968,92.71123379274508,16230
3006056,0,1623348,11.092452557903602,6773
3006057,0,1623515,59.90926331586668,5956
3006058,0,1623597,7.4887813315858365,17876
3006059,0,1623792,26.28914680761383,2788
3006060,1,1624053,98.5648491780772,11914
3006061,1,1624156,89.32079815808787,15666
3006062,0,1624197,97.90335430408697,4880
3006063,0,1624316,25.40600609348719,11129
3006064,1,1624379,18.174227687934046,1262
3006065,0,1624901,21.882882500557642,7501
3006066,0,1625102,34.593139372447546,3708
3006067,0,1625136,12.55696340899818,6838
3006068,0,1625267,19.255119650764556,5705
3006069,0,1625884,2.41975073651639,12217
3006070,0,1626213,16.971911232815877,6994
3006071,1,1626450,107.30832255022602,3850
3006072,0,1626458,131.71187878324525,13390
3006073,0,1626534,31.749660992895517,14490
3006074,0,1626545,42.947051566774,1125
3006075,0,1626964,53.85695239233056,14954
3006076,0,1627085,31.257256338896305,14830
3006077,1,1627275,9.601796425240138,6012
3006078,0,1627524,19.92076170606091,15270
3006079,0,1627872,11.532749355399554,17458
3006080,0,1628350,15.492101204104461,1050
3006081,1,1628992,39.33346635486043,5426
3006082,1,1629312,52.750598239453254,7830
3006083,0,1629322,23.64057850645053,15397
3006084,0,1629827,4.83151132910196,16754
3006085,0,1630700,57.92183353248933,1347
3006086,1,1630713,140.15950970303604,17294
3006087,0,1630809,12.110269653462744,8301
3006088,0,1631692,8.28454937031159,8526
3006089,1,1631694,78.58399454596486,10313
3006090,0,1631888,14.742002342575686,16522
3006091,0,1631908,89.10637613560158,1687
3006092,0,1631951,27.757950402473508,9626
3006093,0,1631975,72.0858061256921,8420
3006094,0,1632066,192.99897195080206,15052
3006095,1,1632184,196.71171316199022,2615
3006096,1,1632225,28.9358679779663,3677
3006097,0,1632262,14.554479242215908,1706
3006098,0,1632631,80.075166471256,12942
3006099,0,1632637,2.4377304536568474,4408
3006100,1,1632682,71.18427780844743,4869
3006101,0,1632996,4.0834210162249684,9920
3006102,1,1633465,145.4465792376197,9989
3006103,0,1633541,62.955054205751715,10024
3006104,0,1633634,181.06432104549143,10305
3006105,0,1633964,14.477076325723035,3050
3006106,0,1634169,130.1146438342069,7019
3006107,1,1634303,117.50975935734192,6814
3006108,0,1634329,67.87795311764246,5841
3006109,0,1634688,40.00478754973723,5037
3006110,0,1635454,75.88370350204076,8457
3006111,1,1635491,14.994746060930467,12963
3006112,0,1635624,8.870873297914338,16000
3006113,0,1635684,37.35582792449305,8071
3006114,0,1636775,85.95083874589817,5286
3006115,0,1637176,73.99014707209541,9174
3006116,0,1637719,17.857821156674035,14190
3006117,0,1637860,37.68178072106361,16185
3006118,0,1637893,22.265073339595496,15253
3006119,0,1638518,55.82896638714775,5829
3006120,0,1639158,135.23016880112183,1839
3006121,0,1639225,16.33502071744387,14302
3006122,0,1639336,8.063830721723225,1113
3006123,0,1639463,34.664056814727005,15138
3006124,0,1639513,18.39379694688609,12169
3006125,1,1639685,57.270464973019784,16935
3006126,1,1640037,2.8388872916027785,15826
3006127,0,1640171,144.48133354131826,6311
3006128,1,1640196,19.67017755692498,4473
3006129,0,1640256,52.329276141294514,1560
3006130,1,1640323,141.6354951307267,5266
3006131,1,1640385,63.36687261861152,11146
3006132,0,1640449,7.776042804375651,17257
3006133,0,1640638,23.329267268721228,10975
3006134,0,1640998,149.25835011598463,11509
3006135,1,1642060,40.66511557140236,15518
3006136,0,1642137,39.727384489214145,12829
3006137,0,1642239,53.552667885012326,14586
3006138,1,1642934,124.73759675219969,3396
3006139,0,1642942,109.51292379466777,17461
3006140,1,1643300,10.567362031381663,10429
3006141,1,1643493,19.008373792405877,17210
3006142,1,1643552,80.90501965481256,16860
3006143,0,1644004,116.64709253320036,12293
3006144,1,1644036,1.5255096101169703,2673
3006145,0,1644158,62.540456194946536,2623
3006146,0,1644177,3.4228770807015745,16506
3006147,0,1644509,91.20826514611002,4909
3006148,0,1644577,1.6855512344101424,14423
3006149,0,1644650,7.228328665950737,11892
3006150,0,1644731,11.788682803326191,7834
3006151,0,1646091,87.10753951516135,3653
3006152,1,1646430,46.20877721171668,11384
3006153,0,1646606,6.793478504656878,5166
3006154,1,1646869,0.46644515622309374,1005
3006155,0,1647059,53.044290520834615,9694
3006156,1,1647096,194.08421783239118,6070
3006157,0,1647530,31.16253703217009,4799
3006158,0,1647663,76.00164642534072,3472
3006159,0,1647992,119.86641883001678,1144
3006160,1,1648825,2.71472262230571,12612
3006161,0,1649080,16.21637253852251,9680
3006162,1,1649222,8.395762037008627,11670
3006163,0,1649305,44.071348042537785,10182
3006164,1,1649828,317.9811258474923,1700
3006165,0,1651437,86.69658462200337,1076
3006166,0,1651512,2.269655786831308,8626
3006167,0,1652155,10.730313477301582,16707
3006168,0,1652712,81.00735827598918,4243
3006169,0,1653075,18.329418275230864,3391
3006170,0,1653618,1.2062905175287393,10399
3006171,1,1653702,6.520581405775354,15154
3006172,0,1653798,11.746802671548918,10090
3006173,1,1653879,129.31865790076952,1383
3006174,0,1653890,6.3679301809854465,11592
3006175,0,1654114,112.74429114312396,8797
3006176,1,1654143,25.11072865379795,9270
3006177,0,1654161,60.30171903544078,6006
3006178,0,1654228,8.999278633723385,9604
3006179,0,1654406,31.234045776117924,7841
3006180,0,1654419,11.823631147092275,16969
3006181,0,1654485,10.154874773642605,10050
3006182,1,1654853,1.4609941496053083,2053
3006183,0,1654971,20.19180430759027,10014
3006184,0,1655291,95.78727471482648,12079
3006185,1,1655927,26.668443871827062,7440
3006186,0,1655951,86.33624615479948,7832
3006187,1,1655956,95.92305652569662,3348
3006188,0,1656002,175.2195210660737,14780
3006189,0,1656016,25.92598710297016,13834
3006190,1,1656148,58.02906680123384,13212
3006191,1,1656162,2.907024051291595,15823
3006192,0,1656827,19.52039836741282,4634
3006193,0,1657260,28.458612607386534,13992
3006194,0,1657672,45.2247750499767,13453
3006195,1,1658698,159.59614339617642,11314
3006196,1,1659052,126.22522254909725,17412
3006197,0,1659210,29.059133370541527,2478
3006198,0,1659413,7.099506469184805,5568
3006199,0,1659623,104.81226426719546,7515
3006200,0,1659899,10.1730653578099,6645
3006201,0,1659988,26.47161992885184,1045
3006202,0,1660206,37.92161946639494,16919
3006203,0,1660218,1.426144427660263,1341
3006204,0,1660268,22.77345294407472,11441
3006205,0,1660427,66.76725853140559,12389
3006206,0,1660443,59.69435949667224,10007
3006207,0,1660798,70.10353829736268,1697
3006208,1,1660832,130.64002572247958,6807
3006209,0,1661027,7.919063083393779,12156
3006210,0,1662428,17.580113605971885,6518
3006211,0,1662768,57.154295177940796,13064
3006212,0,1662879,49.385054212163325,16262
3006213,1,1663033,1.2721986606029903,12376
3006214,0,1663064,41.0566106602282,1351
3006215,0,1663509,3.627510574324957,14292
3006216,0,1663694,187.78550132760478,15621
3006217,1,1664227,21.8804324210385,15132
3006218,1,1664243,57.210581997695556,4542
3006219,0,1664473,6.146958835186508,4070
3006220,0,1664731,10.156970871752028,2215
3006221,0,1664808,74.85038009920056,15969
3006222,0,1665315,66.53387335279945,4975
3006223,0,1665335,42.307750337275195,10401
3006224,1,1666176,3.3435287468073462,14219
3006225,1,1666452,100.3095532091364,4497
3006226,0,1666772,1.4776325967469517,7127
3006227,1,1666779,27.982682444337716,15759
3006228,0,1666980,37.26370708041148,12683
3006229,0,1667831,114.47029795776172,7240
3006230,1,1667869,119.62620627470446,13523
3006231,1,1668055,36.44264685468556,16265
3006232,0,1668152,35.560959857837396,9782
3006233,0,1668963,22.772676919776274,15682
3006234,0,1669120,21.57533565485911,4232
3006235,1,1669179,73.40083218847411,14568
3006236,0,1669537,67.89906907055828,2537
3006237,0,1669749,25.40680518184181,13642
3006238,1,1669764,66.66296216157853,2137
3006239,0,1669890,90.96704223493992,10432
3006240,0,1669938,153.92119739150334,8082
3006241,0,1670334,14.110506673150583,1669
3006242,1,1670656,31.274295524434542,4635
3006243,0,1671568,20.617786189288097,4270
3006244,0,1671770,38.65066043117062,10002
3006245,0,1671954,8.879022006814997,8515
3006246,0,1672348,12.689246868418689,17541
3006247,0,1672485,47.83146371209837,1397
3006248,0,1673184,93.73647170231452,9188
3006249,0,1673275,48.73453857793232,12993
3006250,1,1673276,54.14164709415569,16282
3006251,0,1673398,8.925465265664764,12493
3006252,1,1673549,177.92343200704315,12373
3006253,1,1674173,26.858283109118624,1330
3006254,1,1674236,69.61718537184139,8963
3006255,0,1674616,59.89459976612633,4348
3006256,1,1674743,26.906895399305718,2281
3006257,1,1674892,25.212931672368544,6297
3006258,1,1674929,1.3904415698233692,7771
3006259,0,1675151,27.86118617509814,7127
3006260,1,1675305,14.208430297445526,17240
3006261,1,1675348,187.1264456469594,15663
3006262,0,1675673,28.674446275980237,17681
3006263,1,1675774,32.640615930761804,11613
3006264,0,1675918,2.869085067134207,3893
3006265,0,1676057,40.17924247256383,9198
3006266,1,1676316,42.877856399526316,10565
3006267,0,1676578,7.778942639280885,8991
3006268,0,1676879,7.12148326566929,14189
3006269,0,1677659,47.59858400801248,6084
3006270,1,1677989,48.50115595630021,2600
3006271,0,1678219,5.462652616199741,1241
3006272,1,1678872,18.384632007990025,8256
3006273,1,1678898,56.26853172331213,7889
3006274,1,1678932,71.47205108321694,14608
3006275,0,1679221,67.33417574720258,5900
3006276,1,1679246,24.604095662168067,1427
3006277,0,1679420,0.2810609113472329,3923
3006278,0,1679446,22.76022885557146,11695
3006279,0,1679949,10.82966126510039,8420
3006280,1,1680037,4.604136762520724,4653
3006281,0,1681365,120.13786563682018,4195
3006282,0,1681405,87.8012631119029,1955
3006283,1,1681529,35.752478102398264,17556
3006284,0,1681543,6.339391096934167,13854
3006285,0,1681621,22.467613646060418,17950
3006286,1,1681637,35.914727693223654,14474
3006287,0,1682301,61.487188489403046,14923
3006288,0,1682349,5.467904432928004,11038
3006289,1,1683092,60.80204629631514,3144
3006290,0,1683160,20.56599518754206,4763
3006291,0,1683455,91.5046825749438,7119
3006292,0,1683604,57.913044724905824,11199
3006293,0,1683722,78.77404409580652,3771
3006294,0,1683794,22.490706318054432,2918
3006295,0,1683803,14.260402039612782,8736
3006296,0,1683898,18.303239120090453,17741
3006297,0,1683916,1.4290237900618257,7969
3006298,0,1684767,11.898124402883413,16561
3006299,0,1684787,57.43752653730445,12480
3006300,0,1685153,3.2147532726776813,7377
3006301,0,1685425,86.7153623029642,9072
3006302,0,1686023,136.21736453271325,9418
3006303,0,1686184,3.6436381423055346,3612
3006304,0,1686230,15.751458700713492,13246
3006305,0,1686281,26.174062914027736,2720
3006306,1,1686462,0.5528449903022237,11567
3006307,0,1686827,36.78849883261035,17777
3006308,0,1686864,23.42328973322638,2192
3006309,0,1687154,5.836217914726738,4617
3006310,0,1687720,100.66412535465155,17734
3006311,1,1687816,151.10759998666887,13374
3006312,0,1687834,71.7998395541806,3038
3006313,0,1688236,62.731205718923164,9568
3006314,0,1688480,77.78640208345399,7688
3006315,0,1689398,1.9561196859577028,17118
3006316,0,1689536,3.910158848686343,10787
3006317,0,1689681,1.1552332636215679,4177
3006318,1,1689773,51.33206133041844,10508
3006319,0,1689994,47.52308155109645,9820
3006320,1,1690011,83.01049849788303,3148
3006321,0,1690112,0.8278022490076156,17202
3006322,1,1690328,93.80622339549652,17395
3006323,0,1690438,150.90526850160026,12191
3006324,0,1690571,11.58626598655374,2823
3006325,0,1690896,2.4655963633885434,17084
3006326,1,1691175,2.4783311159539663,8090
3006327,1,1691874,28.400932228082905,9383
3006328,1,1692165,37.75020087555138,14227
3006329,1,1692710,119.32242319739058,5448
3006330,0,1692788,136.45981960013052,14297
3006331,1,1692796,4.533458686773672,17981
3006332,0,1692937,119.2894325963255,4468
3006333,0,1693267,13.837780872357477,17778
3006334,0,1693525,70.95609761300005,5699
3006335,0,1694062,0.6426672193248212,17954
3006336,0,1694143,39.56495303809606,15455
3006337,0,1694259,212.78657410100777,2111
3006338,1,1694329,100.3057702592698,8844
3006339,0,1694770,220.41007170635893,14553
3006340,1,1694918,19.55358913896392,17015
3006341,0,1694967,120.56560293701335,4805
3006342,0,1695265,26.2322019146408,8823
3006343,1,1695638,68.58035296570061,9155
3006344,0,1695822,103.9093299926822,9756
3006345,0,1697054,34.893136237171944,15606
3006346,0,1697089,51.52310702060012,14356
3006347,1,1697194,41.99278444425694,2772
3006348,0,1697564,66.01746067885507,16455
3006349,0,1697716,6.150156155868941,14415
3006350,1,1697917,11.398297309758826,2995
3006351,0,1698014,23.06653818799258,5260
3006352,0,1699149,6.633093139776683,10777
3006353,0,1699281,0.05447380885525785,7516
3006354,0,1700154,22.914646845024976,17290
3006355,1,1700287,40.607116984111094,11647
3006356,1,1700291,70.4247573642984,3313
3006357,0,1700614,19.24109841222072,2518
3006358,0,1700814,24.716122287527796,12889
3006359,0,1700996,17.448766421983592,5951
3006360,0,1701147,3.886045431164282,4345
3006361,0,1701625,37.83291878135939,1818
3006362,0,1701627,34.716239502700056,13856
3006363,0,1701749,13.410313931317502,15457
3006364,0,1701797,29.30471087798069,8620
3006365,0,1702397,11.508261406844737,14595
3006366,0,1702411,28.26590305107799,9264
3006367,1,1702662,25.58693553376536,12048
3006368,0,1702667,31.975492550092877,4708
3006369,0,1702697,101.08419858890949,6609
3006370,0,1703077,32.02925293793896,10445
3006371,0,1703193,41.248470846361265,13741
3006372,0,1703616,138.25246692634488,7361
3006373,0,1703830,141.69109642116595,12050
3006374,1,1704714,139.82884459107595,7243
3006375,1,1704829,10.574772863210766,9846
3006376,1,1704935,36.27907759411671,17761
3006377,0,1705202,1.7069237257735748,12526
3006378,0,1705245,78.49615921608577,4083
3006379,1,1705313,80.06688540539737,2793
3006380,0,1705722,0.2880680559619108,10360
3006381,0,1706078,48.11574028221177,7024
3006382,0,1706492,13.181424144834336,9963
3006383,0,1706736,54.483672460530705,6653
3006384,0,1706877,5.454471314807891,16874
3006385,1,1707823,55.295554037271245,10795
3006386,1,1707862,131.99649722053132,10583
3006387,0,1708043,7.481431507781814,9650
3006388,0,1708358,21.544228324030918,9664
3006389,0,1708538,2.9111290386815423,15981
3006390,0,1708650,119.43898136051627,15208
3006391,0,1708841,61.04388716770617,5886
3006392,0,1708918,9.9130622147937,3095
3006393,0,1708980,125.30914256004306,10770
3006394,0,1709359,65.57134674575255,13395
3006395,0,1709421,3.562102685313321,8969
3006396,1,1710011,17.356813440383686,2105
3006397,0,1710194,85.93522487732706,1777
3006398,0,1710240,7.5332611621394125,10504
3006399,0,1710278,51.295121015730906,4267
3006400,0,1710298,29.354575174258272,6547
3006401,0,1710429,11.715656344740346,6769
3006402,0,1710458,41.43563183689573,8989
3006403,0,1711974,62.916032472648695,16275
3006404,1,1712054,99.25239643792423,3116
3006405,0,1712357,8.286705355457213,3619
3006406,0,1712704,81.18830696338206,9444
3006407,0,1713261,95.54109517875732,13687
3006408,1,1713376,73.94478735196913,4304
3006409,0,1713827,13.140391418741599,11238
3006410,1,1714010,2.3430116509863224,4736
3006411,1,1714045,19.197099222393877,14345
3006412,0,1714265,21.799011387907534,15073
3006413,0,1714607,36.79270423909456,6724
3006414,0,1714850,182.97409186360974,1738
3006415,1,1714863,33.730945737744975,17184
3006416,1,1714868,256.7297806771553,7201
3006417,0,1714878,0.9709543981004632,9628
3006418,0,1714970,26.4712934426088,3445
3006419,1,1715092,21.017389973669605,2817
3006420,0,1715221,41.10927133837746,4116
3006421,1,1715278,54.366646845596975,2011
3006422,0,1715347,17.89818646830772,11555
3006423,0,1715463,10.193610608336785,11623
3006424,1,1716367,54.53364804685058,14618
3006425,0,1716437,14.877201771090451,11328
3006426,1,1716850,17.189041188946167,15055
3006427,0,1716862,27.83607091726668,5859
3006428,0,1716979,50.92359128203602,15560
3006429,1,1717140,25.586150049242118,7602
3006430,1,1717275,3.8417645515322585,9238
3006431,0,1717445,11.868525813366801,10819
3006432,0,1718176,67.0671171091294,10278
3006433,1,1718467,89.83749858592347,7414
3006434,0,1718652,9.99966962732213,15724
3006435,0,1718663,10.715590859488692,1080
3006436,0,1718800,31.58206161111363,4624
3006437,0,1718919,5.669827797001112,17362
3006438,0,1719061,65.96523662428672,17810
3006439,0,1719127,14.425758961853566,7156
3006440,0,1720034,79.36223235537973,16847
3006441,0,1720091,42.1272782458662,7524
3006442,0,1720287,20.612150321120932,11433
3006443,1,1720368,152.67795125792327,1510
3006444,1,1720910,135.91435217776467,10228
3006445,0,1721134,80.3559149321654,12101
3006446,0,1721217,15.501569749288228,6180
3006447,0,1721247,13.583602952408622,10010
3006448,1,1721405,24.478187908351618,2705
3006449,0,1721517,63.997673446842626,1373
3006450,0,1722292,131.32463626687633,12938
3006451,0,1722364,91.16211509063066,6108
3006452,1,1722741,15.261292053447297,5994
3006453,0,1722767,27.035357709896946,15081
3006454,1,1722878,16.428997123993465,17681
3006455,1,1722976,57.930002977020514,1071
3006456,1,1723073,0.48633784243036615,5212
3006457,1,1723208,11.538939533122043,1822
3006458,0,1723721,19.92903922809744,5782
3006459,0,1723769,21.795090351872155,1707
3006460,1,1723790,131.17512374291934,15071
3006461,0,1723880,62.946536803168506,9609
3006462,0,1723890,1.0450838657267174,1742
3006463,0,1723915,57.67493002143665,17668
3006464,0,1724052,54.20829069987286,11449
3006465,0,1724179,47.123900154508455,2512
3006466,0,1724681,35.94433986445565,6054
3006467,1,1724787,38.387673123540964,10513
3006468,0,1725010,61.06588932533036,11529
3006469,0,1725179,25.618585304201186,14367
3006470,0,1725426,43.33444346125517,14249
3006471,0,1725506,63.82249218701871,12973
3006472,0,1725555,41.90920043621308,16576
3006473,1,1725663,34.31272579901649,17687
3006474,0,1725780,40.07954006443627,7437
3006475,1,1726198,74.89046586734972,6324
3006476,1,1726295,15.617642876854557,5296
3006477,0,1726722,14.160914395237029,6666
3006478,0,1726876,167.00233718603616,15565
3006479,0,1726977,81.75069203367849,1408
3006480,0,1727115,1.2320530105235947,2550
3006481,1,1727495,31.171483772221453,1665
3006482,0,1727649,3.400129015721968,1728
3006483,0,1727735,57.394126273986025,7063
3006484,1,1727811,91.44771299756681,16573
3006485,0,1727876,150.6132211419776,16928
3006486,0,1727925,78.72100653835811,4042
3006487,0,1728132,27.968427228586336,11436
3006488,1,1728301,23.75500970228753,6789
3006489,0,1728377,51.37412898280178,6146
3006490,1,1728425,85.03394417178882,1092
3006491,0,1728568,15.195756251920752,9440
3006492,0,1728717,1.8726837757836519,4056
3006493,0,1728925,94.40682230705004,7414
3006494,0,1729304,1.7157085770559304,16757
3006495,0,1729461,8.410638094301328,3385
3006496,1,1729949,2.6865926703333893,16746
3006497,1,1730064,25.692451686897037,13149
3006498,1,1730287,70.5710219906877,11447
3006499,0,1730480,33.555658622187345,14665
3006500,0,1730554,36.103313735337515,14596
3006501,1,1730704,60.29924292686749,10610
3006502,1,1730722,122.68724107016808,17884
3006503,0,1730963,166.13679484749426,3222
3006504,0,1731044,28.83543749823798,7008
3006505,1,1731174,80.87196319800759,4474
3006506,1,1731310,51.408907723444685,16294
3006507,0,1731643,48.3443366278643,14551
3006508,1,1731736,59.3905395646986,5997
3006509,0,1731849,20.25869854564488,9405
3006510,0,1731854,28.797749339016644,13931
3006511,1,1732115,13.92297744640957,16359
3006512,0,1732147,57.07987449658417,13698
3006513,0,1732347,174.70286385012105,11638
3006514,0,1732362,125.43286563819053,7318
3006515,1,1732471,41.53252984506021,11307
3006516,1,1734091,24.38133595765586,4734
3006517,1,1734267,27.341596445141437,10313
3006518,0,1734351,139.30296915147707,12660
3006519,0,1734363,7.751420676771562,15609
3006520,0,1734382,45.36243295820784,7460
3006521,1,1735235,2.4230162445946437,15846
3006522,0,1735239,102.3202318566972,14450
3006523,1,1735538,98.8353542734639,17050
3006524,1,1735701,6.890349388942557,1770
3006525,0,1735737,130.25258698234381,17185
3006526,0,1736211,28.431344544391035,8603
3006527,0,1736356,84.27358429765633,6713
3006528,0,1736515,96.2991837464366,9526
3006529,0,1736686,68.29724654696639,2906
3006530,0,1736885,9.982188792992753,1495
3006531,0,1737028,9.94823618531962,12456
3006532,0,1737067,29.535573687162326,8613
3006533,1,1737449,181.3400062985041,4903
3006534,1,1737724,7.243973859660377,17919
3006535,0,1737804,25.628787009467935,3051
3006536,1,1737828,2.2801875653952046,12545
3006537,1,1737945,16.95159049502658,11402
3006538,0,1738262,40.80511816044573,6687
3006539,1,1738738,116.77604242567669,15151
3006540,1,1738803,4.007693412862305,6107
3006541,0,1738805,17.549229351770425,15110
3006542,1,1738854,12.669792597077894,12866
3006543,0,1739263,16.68990313057994,12232
3006544,0,1739287,6.778019654453801,3219
3006545,0,1739342,0.8411074940905894,12805
3006546,1,1739364,93.62580903429937,6314
3006547,0,1739518,8.790329645510978,8863
3006548,0,1739541,12.821883602852699,16579
3006549,0,1740285,51.2861906394611,4539
3006550,1,1740556,212.64729001369096,15449
3006551,0,1740987,34.911642734180504,13929
3006552,0,1741143,33.020311844127384,5317
3006553,0,1741404,263.3948364735477,14416
3006554,0,1741782,0.5557901584710226,4137
3006555,0,1741916,127.41837151145994,14414
3006556,0,1742201,16.874093813086425,15382
3006557,0,1742563,3.0510032628682655,17806
3006558,0,1742842,88.59902312599088,14389
3006559,0,1743062,163.22812444002986,4620
3006560,1,1743265,39.966871229296004,16693
3006561,1,1743492,154.07865908579367,7615
3006562,1,1743523,101.12636258991485,9781
3006563,1,1743596,99.06117273346635,9847
3006564,0,1743808,132.15420647593962,9146
3006565,0,1743964,108.71458285923484,4263
3006566,0,1744038,32.80001777684323,4566
3006567,0,1744325,62.43249075788062,8815
3006568,1,1744372,71.624233730379,11424
3006569,0,1744388,14.479004615981117,7441
3006570,0,1744477,27.03117284141258,3624
3006571,1,1744884,24.756643944686537,15560
3006572,0,1744969,64.2242321732519,11644
3006573,0,1745499,85.2330680454498,5157
3006574,0,1745651,1.3511469934410003,4334
3006575,0,1745678,5.308802258525678,15262
3006576,0,1746401,55.692393765888525,8147
3006577,0,1746554,118.3762990909455,10689
3006578,0,1746857,23.3442770364751,11167
3006579,1,1747070,224.0288647356353,7058
3006580,0,1747330,5.246365243305793,4744
3006581,0,1747797,62.471685216321006,1379
3006582,0,1747951,6.268508653151053,14309
3006583,1,1748743,85.50188483356465,2484
3006584,1,1748959,55.37298386472258,10488
3006585,0,1749697,4.118147372219141,12975
3006586,0,1749744,15.424113892130142,12143
3006587,0,1750022,37.49582609289707,4798
3006588,1,1750094,86.90365162014942,16254
3006589,1,1750350,22.628144936101084,6837
3006590,0,1750561,12.053308357299246,8437
3006591,0,1750668,36.905067673934994,6529
3006592,1,1750719,229.00567675278762,1303
3006593,0,1751000,37.29784805750432,2450
3006594,0,1751182,22.179950326284136,14991
3006595,0,1751323,41.25506450234193,17221
3006596,1,1751453,55.099299771030275,9239
3006597,0,1751701,57.76277911920529,5534
3006598,0,1752185,16.17209421950743,14635
3006599,0,1752213,1.426919791533176,13551
3006600,0,1752250,40.92193234080747,3379
3006601,1,1752430,74.94721380443517,7610
3006602,0,1752457,9.500549425976386,9017
3006603,0,1752522,41.16040172617173,14646
3006604,0,1752530,45.6803749571845,17292
3006605,1,1753417,44.664179440475245,6641
3006606,0,1753552,8.726741199055322,3757
3006607,1,1753590,192.06339233414747,2333
3006608,0,1753696,85.84458910601043,5342
3006609,0,1753801,91.91795564004094,17540
3006610,1,1754184,62.609992099699916,15437
3006611,0,1754235,19.21541955992692,9397
3006612,0,1754460,16.843380754190278,12563
3006613,0,1754804,137.604299478294,16895
3006614,1,1755109,12.370398450719426,6812
3006615,0,1755121,13.118335486554598,3400
3006616,0,1755391,0.027527084342494446,5232
3006617,1,1755424,182.7280369159055,5264
3006618,0,1755562,34.265345645223874,17616
3006619,0,1755730,1.064299031195988,6464
3006620,1,1755870,8.919541096030583,5749
3006621,0,1756137,6.175916240690117,9899
3006622,1,1756249,15.739750346940312,12330
3006623,0,1756294,118.53197728281957,8149
3006624,1,1756296,19.815754994858377,13796
3006625,1,1756379,19.312511653813985,7726
3006626,0,1756515,50.26746998454651,8511
3006627,1,1756841,52.37419001910797,2581
3006628,0,1757001,6.3717122658211,15437
3006629,0,1757035,97.6906998880897,8918
3006630,0,1758005,9.538212994637316,16966
3006631,1,1758068,85.41908156342706,7418
3006632,1,1758173,53.7059124328576,6533
3006633,0,1758238,47.490121211114364,5571
3006634,0,1758748,7.451416383606281,8806
3006635,1,1758861,251.31004296109634,1714
3006636,0,1758966,18.98312865112679,17642
3006637,1,1759109,121.80803389539219,8812
3006638,0,1759132,5.225846455854678,2816
3006639,1,1759651,22.29256420756201,11027
3006640,0,1760300,72.84506914944093,17301
3006641,0,1760812,81.17047992138919,16174
3006642,0,1760847,7.730725364064732,15710
3006643,0,1760849,77.91892956101279,9583
3006644,0,1760853,18.01322639247316,1304
3006645,1,1760998,88.01171052571166,5494
3006646,0,1761103,18.219367497850264,16186
3006647,0,1761186,7.446575532613756,10357
3006648,1,1761198,251.9495217675706,3555
3006649,0,1761398,5.9351925082849695,1879
3006650,0,1761592,61.20187412312495,15078
3006651,0,1761950,78.94972438758656,1778
3006652,0,1762430,29.3191265523445,2279
3006653,1,1762561,137.57305796482345,16199
3006654,1,1762760,4.939482133352292,15063
3006655,0,1762945,205.1283745353663,11589
3006656,1,1763087,8.803979084279481,3290
3006657,0,1763246,36.43178022462754,5655
3006658,1,1764252,172.21527956749122,17505
3006659,0,1764295,30.33724211884687,15613
3006660,1,1764704,23.854544237823227,5550
3006661,0,1764746,17.961562299566538,3838
3006662,1,1765384,49.6449513397545,11651
3006663,0,1765704,0.5866366664557358,9675
3006664,0,1765848,7.164439019762622,5498
3006665,0,1765851,25.370256972987992,2382
3006666,0,1766674,0.31186105443463075,15851
3006667,1,1767046,12.948438706981191,17335
3006668,1,1767819,6.746082192736491,16451
3006669,0,1767870,110.04944671048618,12275
3006670,0,1767913,37.213363261741264,7142
3006671,0,1767988,77.10594069514197,12852
3006672,1,1768357,156.23706996861927,7058
3006673,0,1768414,25.51158917495962,15250
3006674,0,1769219,16.16189460706611,2475
3006675,0,1769637,21.979224390643946,14267
3006676,0,1769727,0.8604543704801796,7432
3006677,0,1770047,89.2078075722667,9390
3006678,0,1770466,108.53147654329783,15207
3006679,0,1770669,18.88756583988471,9680
3006680,1,1770695,12.361854633974655,2063
3006681,0,1771305,16.245041645853448,2786
3006682,0,1771345,85.07821370330508,13196
3006683,0,1771505,13.55239971489727,5669
3006684,0,1771616,6.249235210821234,16813
3006685,0,1771762,5.244568203075961,1771
3006686,0,1771819,92.00616180309358,7193
3006687,0,1772078,0.11324379246582758,8305
3006688,1,1772424,12.31535942593955,10115
3006689,0,1772860,72.83648894627014,17239
3006690,0,1772951,29.329590810923822,16691
3006691,0,1773075,89.58182413197888,13255
3006692,1,1773075,4.185203693423939,4344
3006693,0,1773782,136.92443476696045,14178
3006694,1,1774302,147.5398674616525,11761
3006695,0,1774895,18.067945924069917,9682
3006696,1,1775070,95.9479679090299,17740
3006697,0,1775248,4.529932216122011,15353
3006698,0,1775486,57.26315252045708,1205
3006699,0,1775536,21.404270618259666,6977
3006700,0,1776034,34.84442182277493,7396
3006701,1,1776087,66.40087480603734,17450
3006702,0,1776314,50.67074910613367,16239
3006703,0,1776548,14.394611335620677,4099
3006704,0,1776771,15.687192534657429,1590
3006705,0,1777145,35.992613010735916,10292
3006706,0,1777158,40.198561075437325,4264
3006707,1,1777575,41.2843643835982,4934
3006708,1,1777830,8.969811586527834,13931
3006709,0,1777909,12.989435300738524,3215
3006710,0,1778204,105.17925023226191,5661
3006711,0,1778251,79.46073175686323,6362
3006712,0,1778296,10.220332079666393,2433
3006713,0,1778499,43.04904240297771,13509
3006714,1,1778683,96.55787189613584,9562
3006715,0,1778856,3.2912847349287317,6307
3006716,0,1778902,11.703902696626143,14524
3006717,0,1779274,27.030728187484815,7044
3006718,0,1779613,39.358926921401164,11705
3006719,0,1779646,13.53626210198935,12029
3006720,1,1779693,76.44749688960248,2818
3006721,0,1779782,3.480014417476273,8003
3006722,0,1780088,62.83069390203324,14996
3006723,0,1780095,25.23017436797871,4911
3006724,0,1780123,0.28259990653747574,2007
3006725,0,1780204,12.127087001564577,2735
3006726,0,1780403,6.196763328697426,8820
3006727,0,1780777,9.142020771883995,17551
3006728,1,1780976,58.45556134718781,10932
3006729,0,1780986,9.640766421948952,8010
3006730,1,1781093,18.421606930648995,1908
3006731,0,1781462,62.153103326720846,17321
3006732,0,1781568,24.132600016109432,14718
3006733,1,1781689,37.88068455710163,11927
3006734,0,1781733,3.374227454840331,11753
3006735,1,1781824,55.765878255847824,15270
3006736,0,1782100,27.051056700269534,10397
3006737,1,1782175,205.62465293289898,1139
3006738,0,1782464,83.64636946296504,9238
3006739,1,1782791,115.28819461403457,9861
3006740,1,1782805,57.274714886402954,16464
3006741,0,1782950,54.78268028798296,6421
3006742,0,1783226,34.95619365826168,8339
3006743,1,1783460,15.787204883030508,1336
3006744,0,1783803,56.294768808852915,11979
3006745,0,1784033,10.012186881143698,2312
3006746,0,1784743,32.359346418688766,6050
3006747,1,1784761,32.13625066962709,8792
3006748,0,1785219,25.683666437934594,16654
3006749,0,1786019,4.756132860810671,12672
3006750,0,1786106,5.616125445849727,15012
3006751,1,1786463,134.57863900317605,4769
3006752,0,1786586,68.29282545031832,10649
3006753,0,1786981,0.44997452371515667,6234
3006754,0,1787061,23.19624923658962,1855
3006755,0,1787772,29.62212306959586,9518
3006756,0,1787923,1.0555191737686977,8196
3006757,0,1788178,4.00877714174254,6248
3006758,0,1788471,11.729531636398596,4169
3006759,1,1788523,68.75521105463247,9167
3006760,0,1789607,8.52690117283592,4464
3006761,1,1789811,41.240124385451516,6984
3006762,0,1789826,6.842412056678929,7500
3006763,0,1789866,51.376682075181016,7573
3006764,0,1790093,95.46257396517606,17371
3006765,0,1790228,36.1238527275064,1197
3006766,0,1790923,20.48399285817282,14157
3006767,0,1791040,45.976919987276695,16250
3006768,0,1791488,58.823018519293925,11580
3006769,0,1791562,5.996105914672854,9029
3006770,1,1791585,35.58274728115132,12103
3006771,1,1791882,37.88686202115106,17301
3006772,1,1792015,15.125438464814653,16975
3006773,0,1792348,37.020448529982765,10652
3006774,0,1792387,57.719342680389886,12608
3006775,0,1792680,74.74348425711919,11773
3006776,1,1792827,131.6334826825836,14274
3006777,0,1792971,180.84520775437153,17076
3006778,0,1793182,13.934452913842113,9640
3006779,0,1793197,17.62062405748022,14733
3006780,1,1793355,30.358750069257557,15694
3006781,0,1793526,65.75981176983396,4288
3006782,1,1793527,57.31405622655708,7643
3006783,0,1794229,31.66254828367418,5091
3006784,0,1794334,67.80054276339857,9391
3006785,1,1794380,20.261858396082165,17540
3006786,0,1794392,8.669544339812454,13114
3006787,0,1794399,24.019983173277527,5670
3006788,0,1794475,134.11804154478855,1322
3006789,1,1794561,64.66390285694075,2049
3006790,0,1794576,23.160184688093054,12555
3006791,1,1794655,125.76040195105114,12742
3006792,0,1795041,142.88017163770687,6884
3006793,1,1795368,65.28554024323192,10138
3006794,0,1795561,126.75928230934603,12829
3006795,1,1795802,7.996755146464532,6650
3006796,1,1796004,219.571315269787,14058
3006797,0,1796020,5.579967340647503,4691
3006798,0,1796222,15.209168892710947,15769
3006799,1,1796364,30.049520319533627,16891
3006800,0,1796510,22.601953980898077,8408
3006801,0,1796656,23.82962402533017,15902
3006802,0,1796689,51.530353547713915,6863
3006803,0,1796739,1.6127363562337818,15674
3006804,0,1796773,63.94715329532515,8028
3006805,0,1796927,32.09655747641675,13733
3006806,1,1797183,176.45314701764727,8956
3006807,1,1797276,19.119111520829456,17791
3006808,0,1797406,8.951089472311219,2804
3006809,0,1797534,16.998294657904776,5576
3006810,1,1797777,20.985589844369247,11637
3006811,0,1798046,37.58563790488855,16233
3006812,1,1798187,46.103929968844994,16423
3006813,0,1798851,22.594783076083882,9255
3006814,0,1799406,43.84799327313287,9191
3006815,0,1799471,14.76071138688711,2686
3006816,1,1799810,133.64599627682406,9358
3006817,0,1800347,80.82851856920072,8720
3006818,0,1800395,84.42431034000842,14300
3006819,1,1800412,50.729034448686306,10179
3006820,0,1800895,206.16685760306962,11874
3006821,1,1801294,48.48539521408672,4730
3006822,0,1801507,18.71467589352597,16682
3006823,1,1801693,6.813973663794255,17961
3006824,1,1801760,36.69966112013227,11850
3006825,0,1802505,29.413498835137304,9028
3006826,0,1803429,2.486756074603798,11666
3006827,0,1803784,40.31436479016023,17197
3006828,1,1803835,64.35395755126633,11849
3006829,0,1803885,26.095225760970614,7961
3006830,0,1803890,37.85176420336715,3414
3006831,1,1803961,95.45649306817751,6572
3006832,0,1804005,48.6406296763397,11254
3006833,0,1804106,10.93563965345972,10057
3006834,1,1804261,42.57706595497363,9737
3006835,0,1804456,37.902062355061794,2675
3006836,0,1804515,8.12246446425023,11011
3006837,1,1804549,4.243225773720427,8643
3006838,1,1804968,26.92437349853856,1955
3006839,0,1805179,43.25326256743027,10384
3006840,0,1805204,5.171458452947897,5209
3006841,1,1805613,232.1065394235979,6726
3006842,0,1805806,30.23516499205121,3640
3006843,1,1806006,154.34680230310812,1432
3006844,1,1806646,36.026595482265776,6266
3006845,1,1806769,150.96230750304986,17856
3006846,0,1806844,16.735862048909574,9691
3006847,1,1807099,54.0903770204936,17840
3006848,0,1808240,39.66071104361995,10191
3006849,0,1808248,23.060369867592417,14127
3006850,0,1808352,84.60020547902081,14658
3006851,0,1808670,17.503163718608448,13561
3006852,0,1809071,75.40910990805301,4200
3006853,0,1809156,127.10281392635918,5413
3006854,0,1809947,42.72411786984123,10374
3006855,1,1811043,21.89049388146244,7151
3006856,0,1811100,6.828278360000503,15381
3006857,1,1811136,39.57588023958161,2280
3006858,0,1811151,195.56956909171114,6185
3006859,0,1811419,114.87052405913278,9668
3006860,0,1811508,13.04429583942684,1810
3006861,0,1811790,5.814878720939172,7352
3006862,0,1811962,83.99504987336317,8320
3006863,1,1812140,4.440749236216428,13577
3006864,0,1812438,48.22190831597124,5182
3006865,0,1812663,24.092360629674538,3092
3006866,0,1812806,42.60511614255731,12453
3006867,0,1813543,2.6351697241391423,11356
3006868,0,1813576,55.62030009497793,14410
3006869,0,1813932,49.30043903076488,13178
3006870,0,1814431,29.382762359669883,7439
3006871,1,1814679,80.16843825114466,3791
3006872,0,1815107,6.696211099007714,7816
3006873,0,1815189,118.78562255259565,16008
3006874,0,1815942,3.203007992220918,3066
3006875,1,1816631,62.969982484812036,11170
3006876,0,1817149,44.643041700968375,13186
3006877,0,1817355,1.5807511366819211,4334
3006878,1,1817563,25.688327458211575,9343
3006879,0,1818097,45.937395642009605,9910
3006880,1,1818253,73.2003421089363,8970
3006881,0,1818476,4.288993680301434,4056
3006882,0,1818476,88.6900442435005,14307
3006883,0,1818654,16.1046806644345,9515
3006884,0,1818832,88.11991364628379,4725
3006885,0,1818860,104.63327612488939,11218
3006886,0,1819285,4.148319489956854,6921
3006887,0,1819688,27.650612806097215,13586
3006888,1,1820119,106.98337899526875,12159
3006889,0,1820304,55.02861495716546,13705
3006890,0,1820499,35.66153787585589,11064
3006891,1,1820799,35.878436337214566,3164
3006892,1,1820902,35.98837123067555,15273
3006893,0,1821064,33.986449072979255,5774
3006894,0,1821496,8.201557175902366,15757
3006895,0,1821522,46.85090788782196,13752
3006896,0,1821539,64.05363888821215,8380
3006897,0,1821718,34.667976852158674,2245
3006898,0,1822035,62.87721515090596,3794
3006899,0,1822215,5.056589652598043,2705
3006900,0,1822324,87.24665492136032,16351
3006901,0,1822655,6.62920936809054,15772
3006902,0,1823010,23.74801039911084,13039
3006903,1,1823683,68.45729489322692,3580
3006904,0,1823687,4.090091949895586,2166
3006905,0,1824513,21.951170588428294,15304
3006906,1,1824765,23.025103535481094,14743
3006907,0,1824797,19.52705379311304,2138
3006908,1,1825146,202.94882435902002,7158
3006909,0,1825295,98.88766871261268,6888
3006910,1,1825392,22.753241543713216,16231
3006911,0,1825997,40.719298149575884,13728
3006912,0,1826095,12.235129376947208,14012
3006913,0,1826575,33.42475211761671,7259
3006914,0,1826602,48.72046898254209,16281
3006915,0,1826925,64.9447965779847,6542
3006916,0,1826943,20.42780880696082,13445
3006917,1,1827503,77.85764614933724,15106
3006918,0,1827992,34.539625410442305,2441
3006919,1,1828286,78.34989426625376,12521
3006920,0,1828728,39.20048544609504,6796
3006921,1,1829830,3.490658679880223,16110
3006922,1,1830115,33.530399106213025,9349
3006923,1,1830400,32.42197451102366,14582
3006924,0,1830451,101.05046295108863,16051
3006925,1,1830675,10.045571583688117,6757
3006926,0,1830886,10.325601155093809,1607
3006927,0,1831186,59.958365982706574,6120
3006928,0,1831577,30.961789443516817,8966
3006929,0,1831629,97.42036491571974,8000
3006930,1,1831788,39.55660970817399,5858
3006931,0,1831810,208.57862471704794,12977
3006932,0,1831836,113.85668633422318,14771
3006933,0,1832722,25.166992651460525,13772
3006934,0,1833399,10.546620210631238,2999
3006935,0,1834087,25.23738601395971,1620
3006936,1,1834153,180.94276827120262,15753
3006937,0,1834253,3.0118987852281567,10263
3006938,0,1834663,35.73405245087527,17960
3006939,1,1834821,29.732900002398505,14216
3006940,0,1834893,19.864407265324818,5628
3006941,1,1835034,42.23850631871846,9463
3006942,0,1835337,156.2660484270284,10365
3006943,0,1835530,11.33485534705944,8085
3006944,0,1835665,49.66496543247431,15631
3006945,0,1835998,112.04762588071107,6980
3006946,0,1836203,97.63831250212756,12488
3006947,1,1836303,99.47561565025873,2856
3006948,0,1836533,30.622918786834674,8385
3006949,0,1836824,46.8574095793524,8137
3006950,0,1837272,51.65070987735828,13613
3006951,1,1837458,117.23768077206086,10189
3006952,0,1837673,88.16800041381703,5570
3006953,0,1837868,20.683506739044123,4067
3006954,0,1838194,25.032979421806534,17470
3006955,1,1838619,0.9618689865567482,14593
3006956,0,1839270,64.11605042436315,1627
3006957,1,1839391,101.15083152931625,15156
3006958,0,1839813,2.7522817082430504,16274
3006959,1,1839826,68.41855914942951,12374
3006960,0,1839904,82.40233512489507,14865
3006961,1,1840109,91.24614821917487,8448
3006962,1,1840553,72.00862059158565,5269
3006963,1,1840658,85.16327787346947,11351
3006964,0,1840844,5.3783858511649765,5327
3006965,0,1840865,25.350995754179927,5052
3006966,0,1841195,36.82226926175381,6145
3006967,0,1841945,12.42206374694413,8604
3006968,1,1842002,114.02999467262308,7435
3006969,0,1842534,20.824581826836464,5814
3006970,1,1842694,87.28224455645046,8697
3006971,1,1842806,8.000930861360061,15991
3006972,0,1843188,11.544143125511827,4959
3006973,0,1843262,51.915109683444896,14598
3006974,0,1843615,40.1352385764916,11763
3006975,0,1844054,7.432490008828492,14244
3006976,0,1844064,36.32376716522132,12854
3006977,0,1844312,3.2813914420839447,16387
3006978,0,1844712,68.37091705893965,5427
3006979,1,1844851,25.00158626777596,3921
3006980,0,1845024,38.92283567745604,3975
3006981,0,1845212,12.262100041293401,4293
3006982,0,1845325,2.8648581935610107,12430
3006983,1,1845441,115.47998528469606,13308
3006984,0,1845971,14.270073224048954,14683
3006985,0,1846230,1.8367885207709,15115
3006986,0,1846339,6.4991120011923265,9861
3006987,1,1846897,369.6953967777057,2808
3006988,0,1846936,12.808616814141038,4935
3006989,0,1847311,168.13849729107443,15466
3006990,1,1847847,27.61991652024142,12466
3006991,1,1848244,21.103504194846202,3896
3006992,0,1848322,18.242725187754356,10280
3006993,0,1848596,58.21397245339382,9168
3006994,1,1848812,156.14310821209736,9843
3006995,1,1849042,32.33071088136281,15655
3006996,1,1849103,9.367676883021796,2796
3006997,0,1849135,8.927498454749342,2753
3006998,0,1849316,25.742083339544898,16569
3006999,1,1849443,0.8275954235199324,9035
3007000,0,1849897,33.11644202058757,5582
3007001,0,1850234,15.921562687723267,11694
3007002,0,1850485,111.99143219699175,3530
3007003,0,1850618,23.382475153961998,3544
3007004,0,1850906,43.638284510549255,3490
3007005,0,1851200,19.466470469311446,17146
3007006,1,1851216,25.961139373547663,15264
3007007,1,1851339,15.748791516885413,16067
3007008,0,1851544,33.4952406952613,6423
3007009,0,1851603,78.7101711022509,14687
3007010,0,1851887,132.07758042364512,8586
3007011,0,1852121,153.80301358601,14957
3007012,1,1852588,2.982500714988551,16787
3007013,0,1852646,4.3721921103963854,5065
3007014,1,1852672,38.04165097298436,10768
3007015,0,1852835,82.93538702402061,7906
3007016,1,1852897,3.5712599655900052,3069
3007017,0,1853507,24.097040881928272,11409
3007018,0,1854146,42.17709763058742,15694
3007019,0,1854417,20.852941301075823,13582
3007020,1,1854498,29.41088034371492,3523
3007021,0,1854564,67.1482637882798,17289
3007022,0,1854850,33.49122765606376,11461
3007023,0,1854974,27.828526696060855,3657
3007024,0,1855037,137.46090748568594,13336
3007025,0,1855062,20.887036040858693,3686
3007026,1,1855072,7.430252768515795,2400
3007027,0,1855175,96.03137076550667,8052
3007028,1,1855674,52.33428757728213,12069
3007029,0,1856390,42.18273138113883,15883
3007030,0,1856399,136.50710061088492,7770
3007031,0,1857077,10.540825349484841,7655
3007032,0,1857201,97.34897289886223,9685
3007033,1,1857697,13.280820742006394,5158
3007034,0,1858453,48.6783512560508,3288
3007035,1,1858933,50.77317661448374,16296
3007036,1,1859123,16.829902931597566,7376
3007037,1,1859433,134.34304652316945,12638
3007038,0,1859441,1.6635256327387806,6065
3007039,0,1859553,20.063962135665328,8604
3007040,0,1859574,7.783894202869514,16752
3007041,0,1859659,38.0285651360795,17775
3007042,0,1859879,41.87263764331559,17124
3007043,1,1859894,29.962667342490303,4403
3007044,0,1860001,42.2517853716891,9586
3007045,0,1860364,18.385507363714297,14731
3007046,1,1861166,47.77135949810232,17557
3007047,1,1861685,104.70246069295794,4426
3007048,1,1861850,44.18178169181941,14733
3007049,0,1862034,39.16193196220454,10039
3007050,0,1862195,78.03059465245889,2800
3007051,0,1862865,80.4145210964131,12864
3007052,1,1862905,19.786439874306833,12044
3007053,1,1863411,94.46224026338189,17072
3007054,1,1863740,39.16266716622639,13028
3007055,0,1863976,3.323930532351824,10267
3007056,1,1864064,52.30237153932151,7982
3007057,0,1864231,136.11926705946155,11526
3007058,0,1864432,169.6361458905623,7529
3007059,0,1864666,11.310838868841566,15768
3007060,1,1864763,64.9862549147805,15516
3007061,0,1865009,76.69801211778785,17057
3007062,0,1865016,15.660010138674332,17399
3007063,0,1865093,37.738040329537895,16175
3007064,0,1865777,53.16951527881599,17561
3007065,1,1865829,7.697607828658483,2542
3007066,0,1865856,32.92115905999851,14118
3007067,1,1866132,33.44800765522795,13006
3007068,0,1866347,11.743660192451921,1692
3007069,0,1866622,130.61731186545794,10476
3007070,0,1866628,6.02995143460007,2314
3007071,0,1867390,18.15929792681377,6601
3007072,1,1867535,5.352812060174289,2120
3007073,0,1867632,60.60940823327541,1685
3007074,0,1867911,22.90305573653161,17570
3007075,1,1868121,95.33179829884868,8299
3007076,0,1868327,57.40017044827083,11151
3007077,0,1868526,91.67914612082826,14464
3007078,0,1868795,43.24232408002092,8681
3007079,1,1869553,87.56945891223114,13111
3007080,0,1869642,88.88405096824114,5603
3007081,0,1869672,23.84547210315946,4076
3007082,0,1869948,36.68222454228731,6492
3007083,0,1870193,12.025853700677514,10702
3007084,1,1870428,97.98031424501065,3965
3007085,1,1870462,70.1978435437965,6066
3007086,0,1870471,39.32682152999904,3611
3007087,0,1871120,42.203874706946806,10903
3007088,0,1871594,12.282922619789131,13336
3007089,0,1871706,33.005086000829245,4138
3007090,0,1872090,10.940939328313098,3760
3007091,0,1872864,68.5171938246888,16127
3007092,1,1873807,39.81720702363092,1243
3007093,0,1874026,4.200509150799077,4932
3007094,0,1874674,13.983868019012458,11224
3007095,0,1874768,119.83757698243438,13751
3007096,1,1874988,203.1737228284771,12284
3007097,0,1875316,43.51402172991832,16131
3007098,1,1875470,6.110487487971434,3802
3007099,1,1875722,243.41834202208724,16872
3007100,0,1876045,11.739199999907378,10172
3007101,1,1876091,5.840394447923605,8177
3007102,0,1876212,32.74415717649156,12665
3007103,1,1877212,196.6364245408154,4605
3007104,0,1877380,18.61100320943154,9383
3007105,0,1877476,43.20868650976158,5814
3007106,0,1877489,1.108315886016765,12897
3007107,0,1877764,102.54034231649274,9799
3007108,0,1877938,37.98861016403097,1302
3007109,1,1877993,2.0071673458008457,11487
3007110,0,1878056,49.03531365915292,4183
3007111,0,1878595,92.840529198446,16937
3007112,0,1879332,87.45810494229714,17461
3007113,0,1879807,12.231972778474022,10009
3007114,1,1879897,3.682592074787805,9435
3007115,0,1880001,175.80467437329835,16365
3007116,0,1880815,52.57268248259218,10566
3007117,0,1880886,19.214768309421494,9247
3007118,0,1881250,33.52522880448497,3849
3007119,0,1881291,22.388833197920505,1122
3007120,0,1881580,10.078662051077997,10136
3007121,1,1881814,0.9241761685478059,6027
3007122,0,1881828,47.51797464080021,5341
3007123,1,1882123,169.88952399275422,11894
3007124,1,1882194,6.514397644214038,10289
3007125,0,1882308,54.146347993344065,2887
3007126,1,1882335,20.320287862324715,4176
3007127,1,1882465,9.021627966239588,7419
3007128,0,1882653,117.81013959097419,8032
3007129,0,1882834,31.42933162860706,6249
3007130,0,1883105,87.5579728247728,7593
3007131,1,1883436,168.16378148020777,15707
3007132,0,1883524,57.13277570507269,8062
3007133,0,1883780,153.8746345251777,8686
3007134,0,1884028,25.736125080293853,14443
3007135,0,1884072,30.158816048794684,14213
3007136,0,1884122,65.75048902780108,2511
3007137,1,1884125,135.98272158897774,7262
3007138,0,1885083,8.471454246052547,10183
3007139,0,1885903,52.63256000558236,14256
3007140,1,1886198,3.362350321108049,9872
3007141,1,1886750,61.0018591535319,10445
3007142,1,1887417,11.950412161589329,1782
3007143,0,1888043,25.817057746310585,2052
3007144,1,1888547,5.95669410934396,6952
3007145,0,1888573,17.81617386901718,17885
3007146,1,1888697,17.77031634205308,2660
3007147,1,1888874,130.75875600631338,15442
3007148,1,1888986,53.00339257578306,10343
3007149,0,1889329,33.847507312906686,5787
3007150,0,1889400,108.64826518288884,8917
3007151,0,1889499,37.18223690919316,12087
3007152,0,1889644,2.130870894697732,14560
3007153,1,1889847,80.39921190332015,15464
3007154,1,1889872,118.51287444675054,5239
3007155,1,1890130,63.55113997333902,17789
3007156,0,1890188,4.53173779623271,6860
3007157,0,1890305,31.207240890939346,17313
3007158,1,1890826,44.089574569565904,4543
3007159,1,1890884,81.56729085257726,15221
3007160,0,1890905,6.4357710632660545,3124
3007161,0,1890957,148.2064943727214,5978
3007162,0,1891046,50.64548997634775,17736
3007163,1,1891105,63.38740280248649,17194
3007164,0,1891273,60.642688520392554,15939
3007165,0,1891340,42.021712317956144,10620
3007166,1,1891384,15.047910939466524,5043
3007167,0,1891606,31.437398220918418,3764
3007168,1,1892143,60.75978518284671,1620
3007169,0,1892160,7.386920602396982,2329
3007170,0,1892244,21.21088345975,17194
3007171,1,1892305,77.66883032180276,4592
3007172,1,1892460,3.8433520402997967,3640
3007173,0,1892676,29.739477748070676,6192
3007174,1,1892677,21.133454373734324,6915
3007175,1,1892840,7.808774940434632,3342
3007176,0,1893196,249.79850190993758,3976
3007177,0,1893564,19.06526794581473,17071
3007178,0,1893786,186.48886349635222,11640
3007179,1,1894834,118.41547246305821,9457
3007180,0,1894849,19.554557561284867,10102
3007181,1,1895198,67.34340732581211,7934
3007182,1,1895320,71.81262771283785,13809
3007183,1,1896123,3.86285102771214,3370
3007184,0,1896612,42.41414623164149,10280
3007185,1,1896916,0.6240536896393957,10475
3007186,0,1897159,2.672671913848554,6917
3007187,0,1897211,53.15516821059229,1772
3007188,0,1897224,29.8244273354638,6726
3007189,1,1897554,110.06340522378977,2243
3007190,1,1897955,8.480599096608005,1739
3007191,0,1898003,12.250824392012225,3955
3007192,1,1898308,50.477565301298036,6532
3007193,0,1898337,0.23447247854634737,17178
3007194,0,1898559,8.67858188072371,2177
3007195,0,1899351,37.43781164495971,4220
3007196,0,1899651,49.54664478456767,1776
3007197,0,1900227,45.77527420083546,17085
3007198,1,1900707,64.06425725131855,17317
3007199,1,1900966,47.27728156323374,6101
3007200,1,1901408,59.82866701776561,16883
3007201,1,1901512,175.76674071073674,2565
3007202,0,1901579,38.50733108904931,7470
3007203,0,1901657,13.289616519989767,11939
3007204,0,1901676,12.627589778525808,2372
3007205,0,1901924,26.076605339794785,2874
3007206,0,1902025,7.0643050947005195,8238
3007207,0,1902506,4.753205081289789,15091
3007208,0,1902539,22.138989854532458,2987
3007209,0,1903002,65.48626898148396,10153
3007210,0,1903028,28.70015497122907,11315
3007211,0,1903037,44.96021307930922,6803
3007212,1,1903218,6.19761278698138,11394
3007213,0,1903271,76.59190328888768,1604
3007214,1,1903279,95.99090323736654,8754
3007215,1,1903463,2.6882724347652687,3766
3007216,0,1903986,11.305894330808346,14284
3007217,0,1904226,8.377841397004678,17044
3007218,1,1904536,61.96546167671656,13156
3007219,0,1904912,16.57642768826642,15606
3007220,1,1904987,21.38200533610973,1856
3007221,0,1905011,111.08878001584543,1352
3007222,0,1905088,21.402316544675656,6989
3007223,1,1905118,18.342449958771176,11727
3007224,0,1905137,44.09044152422334,3405
3007225,0,1905407,89.89029345624097,15060
3007226,0,1905779,82.04671148898368,15862
3007227,0,1906116,13.024525510137467,9553
3007228,0,1906603,27.074852895572153,1620
3007229,1,1906775,161.12624018056388,17108
3007230,0,1907099,0.6801181211065552,15977
3007231,0,1907569,11.95103293096909,17457
3007232,0,1907627,34.97290578062695,15699
3007233,0,1907709,35.4442275146734,9378
3007234,0,1908009,11.857547285242651,12296
3007235,0,1908127,33.76882014972967,2475
3007236,1,1908178,53.84735876150166,9205
3007237,1,1908369,26.889414874763585,2839
3007238,0,1908447,37.96725807564448,13156
3007239,1,1908485,125.8445607253226,9896
3007240,1,1908776,81.29046204680309,1568
3007241,0,1908942,47.43748479887787,4965
3007242,0,1909084,140.13671075423514,6145
3007243,0,1909197,52.30730167246078,4785
3007244,0,1909580,106.66987110323495,10895
3007245,1,1909872,36.59506986066273,9341
3007246,0,1910006,14.597497084021713,5497
3007247,0,1910054,55.82928246305146,14980
3007248,0,1910291,5.085588067514818,2863
3007249,0,1910530,32.32648277522587,3330
3007250,0,1910743,87.65792487597489,1348
3007251,1,1910969,103.12586041219278,3180
3007252,0,1911181,174.01317692502369,17587
3007253,0,1911373,26.47329260657436,16786
3007254,1,1911998,14.819293792290466,1240
3007255,1,1912693,106.58105120428797,2381
3007256,1,1912981,20.595739528099408,17920
3007257,0,1913040,2.9117463917398134,8783
3007258,1,1913282,5.151173099917808,6390
3007259,1,1913625,15.50388434852468,12876
3007260,1,1914174,100.45515718531648,7932
3007261,0,1914460,14.468887684326642,5314
3007262,0,1914556,15.307389294815591,6276
3007263,1,1914570,53.90391562118084,8302
3007264,0,1914594,128.2942190888849,15250
3007265,0,1914617,47.790698734900936,9338
3007266,0,1914703,104.7014556510871,11951
3007267,0,1914746,15.285683750851156,11446
3007268,0,1914798,104.45598023468492,3865
3007269,0,1914905,89.58214291557519,12045
3007270,0,1915446,9.44059312106359,11551
3007271,0,1915489,62.281450172195285,7694
3007272,0,1915752,104.08616867633435,16326
3007273,0,1916087,23.983671571304352,8285
3007274,0,1916204,21.66192804009621,4584
3007275,0,1916255,43.98216993637106,11721
3007276,1,1916827,29.751389357100873,12194
3007277,1,1917510,0.0087635126062059,7782
3007278,0,1917544,30.5756185096799,17678
3007279,0,1917706,11.525259856004757,1557
3007280,0,1918033,13.261630075760397,5204
3007281,0,1918436,43.27380947027858,3107
3007282,0,1918750,44.22967986318603,8469
3007283,1,1918853,86.91673549207579,2814
3007284,0,1919146,11.037072018796664,13630
3007285,0,1919621,43.72216165705896,10948
3007286,0,1919689,6.655488812461814,8875
3007287,0,1920196,21.13800641216178,16081
3007288,1,1920324,2.6729475485503373,1206
3007289,0,1920655,10.154519252799748,3017
3007290,0,1920726,16.649603249759508,11753
3007291,0,1920898,336.0347918502391,13034
3007292,1,1920914,181.17482154351322,8624
3007293,0,1921128,2.7284679952942144,17266
3007294,1,1921199,69.33579869560208,16992
3007295,0,1921446,37.4831147115874,9339
3007296,0,1921785,19.730369142126555,3385
3007297,1,1922308,47.434904483822315,4199
3007298,0,1922412,62.92628526739856,8679
3007299,1,1922458,5.056535151251163,13574
3007300,0,1922544,52.11870643046683,5536
3007301,0,1923013,127.26166490156123,2677
3007302,0,1923137,48.31946492468345,15074
3007303,0,1923179,2.1619280431845156,2826
3007304,0,1923239,10.70168725510017,7947
3007305,0,1923497,3.081518856475067,16229
3007306,1,1923526,96.46787576990607,3213
3007307,0,1923682,5.311304916473617,17054
3007308,0,1923710,24.959694968702703,3966
3007309,1,1923785,16.433756513531193,3936
3007310,1,1923891,89.63121054619303,8338
3007311,1,1923902,31.051510170809937,2665
3007312,0,1923990,70.79790460061318,11495
3007313,0,1924399,66.81929786553505,3011
3007314,0,1924555,7.583065308570102,5015
3007315,1,1924668,60.73322793219359,12000
3007316,0,1924830,41.87974966852976,1254
3007317,0,1924874,59.335835775348656,7533
3007318,0,1925039,210.90131418455275,16008
3007319,1,1925311,134.2478322215171,8735
3007320,0,1925322,31.886032375515605,12817
3007321,1,1925813,162.126418173773,4126
3007322,1,1925817,275.93878882902345,7591
3007323,1,1927040,23.59257414371981,2070
3007324,0,1927426,23.931440604761566,16072
3007325,1,1927732,49.468533101350474,2221
3007326,1,1927765,3.273069674462312,2473
3007327,1,1928246,22.320933235535577,4774
3007328,1,1928395,109.33727689477502,5656
3007329,1,1928564,26.15977614832022,12302
3007330,0,1928651,39.943645875971,5337
3007331,1,1929605,36.69160830881616,1265
3007332,0,1929665,194.106283846171,14756
3007333,0,1929671,6.472257404814716,10812
3007334,1,1929743,46.56301327158612,5034
3007335,1,1930008,64.62090124758244,15114
3007336,1,1930235,123.17499206319576,17855
3007337,0,1930253,31.272287577558988,6290
3007338,0,1930286,84.6048100725228,7218
3007339,1,1930552,35.65619347333365,10066
3007340,0,1930987,17.935644139630938,5113
3007341,1,1931391,21.45374156153232,12393
3007342,0,1932686,28.631049706562717,12441
3007343,1,1932764,24.66283877483077,2066
3007344,1,1933291,57.828184413967854,7016
3007345,1,1934029,137.62290714393913,16769
3007346,0,1934415,15.946642093146531,9859
3007347,0,1934792,127.39123212004336,5629
3007348,0,1934806,2.117478934372624,4110
3007349,0,1934884,89.02616761719862,13769
3007350,1,1935031,18.8458244882564,14334
3007351,1,1935385,0.9895738214635399,14193
3007352,0,1935843,28.558502758496,8066
3007353,0,1935967,8.90897836504785,11210
3007354,0,1936191,81.75435290105439,7870
3007355,0,1936834,17.323309072720022,10158
3007356,0,1937419,45.968496495639165,3213
3007357,0,1937544,6.125920105764847,7537
3007358,1,1938332,61.77392203654875,6685
3007359,0,1938579,47.27225127052199,4932
3007360,0,1938734,31.45784279802481,17958
3007361,0,1939141,20.903730334255442,8514
3007362,0,1939329,20.48099682948403,2831
3007363,0,1939477,145.31971583529875,4709
3007364,0,1939830,11.673277130937922,17669
3007365,1,1939907,2.6470303566728504,15319
3007366,0,1939933,2.931054646663896,11896
3007367,0,1940039,68.257100204563,3508
3007368,0,1940108,2.0527430914032276,10096
3007369,0,1940984,1.2810342643925319,9861
3007370,0,1941129,34.77280903931765,7832
3007371,1,1941786,7.953083322535069,3748
3007372,0,1941819,53.93466028627009,15023
3007373,0,1941878,15.74224250485316,3301
3007374,0,1942094,19.857876534659443,2951
3007375,0,1942117,70.53350130555329,7303
3007376,0,1942973,42.786155187531094,15553
3007377,1,1943026,14.895165436629417,12379
3007378,0,1943036,10.23986717783024,9226
3007379,0,1943564,19.912537766419337,8435
3007380,0,1943703,86.12366804253631,5168
3007381,0,1944184,69.9760680643357,3542
3007382,1,1944450,38.971192248650446,7894
3007383,0,1944529,51.14166280073725,10807
3007384,1,1945328,208.34746871166567,17198
3007385,1,1945460,54.55414879212448,4209
3007386,1,1945649,47.788362717035845,11024
3007387,0,1946244,4.6405268496733845,8955
3007388,0,1946245,18.4801650505414,16186
3007389,1,1946388,69.42215948216705,17597
3007390,0,1947006,17.523690565996457,10378
3007391,1,1947147,78.52995510855206,12745
3007392,0,1947262,18.74923332408681,10844
3007393,0,1947426,50.23640720361994,11641
3007394,0,1948264,2.976828290189113,11873
3007395,0,1948899,22.06733105615999,15810
3007396,0,1949982,64.46825312968781,5357
3007397,1,1950041,83.28895541705961,14170
3007398,1,1950089,114.63962476216342,13740
3007399,1,1950121,48.823888876894266,2053
3007400,0,1950212,18.679208913030774,3656
3007401,0,1951034,36.039064045297934,11138
3007402,0,1951342,70.93959151235923,14258
3007403,0,1951634,22.409029845689503,7003
3007404,0,1951793,4.18729525204475,3121
3007405,1,1951931,27.07279153251409,6756
3007406,0,1952065,17.915173053225377,6890
3007407,0,1952260,54.51413651130098,14309
3007408,0,1952431,17.78830055925734,3116
3007409,1,1952458,45.376673302398565,6802
3007410,1,1952466,87.00368718319883,7714
3007411,0,1952559,109.07010306807625,11791
3007412,0,1952765,12.327699598739354,17102
3007413,1,1952770,63.7374922520886,9244
3007414,0,1952857,27.379608230208074,15518
3007415,0,1953007,127.81294182609324,1305
3007416,0,1953483,55.001882397144044,10857
3007417,0,1953720,97.66931789789795,16182
3007418,0,1953901,12.181405921403785,17807
3007419,0,1954102,15.684549060912904,12537
3007420,0,1954143,76.58769184359879,1673
3007421,0,1954495,22.8034110831257,5791
3007422,0,1954605,13.622640451060933,13653
3007423,0,1954831,56.3313347495765,5852
3007424,0,1955125,88.78696347217227,5477
3007425,0,1955460,17.54035152944096,17157
3007426,0,1955735,69.47977860092736,2935
3007427,1,1955933,23.763424093278353,14635
3007428,1,1956162,223.95421163400928,7314
3007429,0,1956247,26.32824785145254,7795
3007430,1,1956707,90.78630891440193,1074
3007431,0,1956726,29.746627545505405,2271
3007432,0,1956937,1.5877166836250571,16755
3007433,0,1957128,13.01669514555652,2180
3007434,0,1957181,62.61868665791154,6532
3007435,0,1957412,59.51758687815945,17854
3007436,0,1957814,71.07271480615316,5938
3007437,0,1957982,73.98463657045642,17277
3007438,0,1957999,37.49552711518569,10137
3007439,1,1958073,65.66711019247722,8190
3007440,0,1958190,48.1628434391382,10885
3007441,0,1958283,107.83371136254377,14142
3007442,0,1958375,22.415134134274915,12991
3007443,1,1958402,85.40478734625327,13247
3007444,1,1958603,93.63167239682576,9333
3007445,1,1959549,62.731762063274154,13233
3007446,1,1959647,112.18485764246215,13341
3007447,0,1959734,37.93627596936765,5831
3007448,0,1960023,77.56699503257178,5421
3007449,0,1960195,49.89351306770814,2916
3007450,0,1960430,63.58412769843563,8692
3007451,0,1960462,3.4541387397194754,10188
3007452,1,1960502,2.398161797327984,6920
3007453,0,1960570,14.02944769803584,9396
3007454,1,1960578,25.71028728200479,8204
3007455,0,1960746,12.951384006198788,1328
3007456,0,1960783,3.427841552098306,7209
3007457,0,1960993,1.2334293107451122,7863
3007458,1,1961027,53.32510915483479,1026
3007459,0,1961041,8.311850775120114,7787
3007460,0,1961080,0.28310220285024323,1863
3007461,0,1961177,18.175404357399007,10243
3007462,0,1961199,0.10678804114932047,17928
3007463,0,1961389,90.3535454400718,5201
3007464,0,1961546,9.526316755006093,10241
3007465,1,1962280,240.6160845615127,7819
3007466,0,1963605,19.44667262225782,15574
3007467,1,1963768,100.6112985716767,1390
3007468,0,1963992,5.638641992250478,5567
3007469,1,1964013,64.24116553300775,5313
3007470,0,1964266,42.75325254791898,3605
3007471,1,1964851,30.18437083709296,3656
3007472,0,1964997,14.004056119167386,6472
3007473,0,1965035,22.8983256978821,4470
3007474,0,1965361,13.774648747301146,8970
3007475,0,1965395,13.078364600305639,1319
3007476,0,1965581,6.669615444037069,15821
3007477,0,1966618,0.3755299192353118,14734
3007478,1,1966801,25.83910095513462,13149
3007479,1,1966829,10.562405369985212,3091
3007480,0,1967493,6.905028610733455,1763
3007481,0,1967630,91.08550579610531,2597
3007482,0,1967803,92.59662903697505,5916
3007483,1,1968354,37.90969973859063,4171
3007484,0,1968658,47.419616821055506,5994
3007485,0,1969137,53.70545953787402,12289
3007486,0,1969490,8.03612826271606,14377
3007487,0,1969622,100.9648274885612,12944
3007488,0,1969732,34.266799553529545,12722
3007489,0,1969892,83.68887470761369,4012
3007490,1,1970221,91.6712171173706,11606
3007491,0,1970226,9.196060786076789,3636
3007492,1,1970369,21.5274877526312,12488
3007493,0,1970591,30.409693098121053,1021
3007494,1,1970952,9.394864676046007,17566
3007495,0,1971212,71.19544286838966,11261
3007496,0,1971291,77.68138598926349,5999
3007497,0,1971361,51.91247336650831,9675
3007498,1,1972228,5.104994721472968,16889
3007499,0,1972410,34.97835592036175,17310
3007500,0,1972534,16.017607156812648,4253
3007501,0,1972860,14.273252783757783,2101
3007502,0,1973123,4.897020509391534,3849
3007503,1,1973165,28.590542676132834,8136
3007504,1,1973347,83.97667797976159,3247
3007505,0,1973396,37.76746243852522,11566
3007506,0,1973489,108.87718224178941,1944
3007507,0,1973614,136.41549720430493,4179
3007508,0,1973703,20.450862766979526,13508
3007509,0,1973759,30.493773407046998,16423
3007510,1,1973927,106.59469985482404,17053
3007511,0,1974171,133.05993908969475,9126
3007512,1,1974194,230.88256649175239,12347
3007513,0,1974538,52.029376008969145,2947
3007514,0,1974543,8.876940916965479,10623
3007515,0,1974788,53.52733843771209,14930
3007516,0,1974899,88.79212631198712,8877
3007517,0,1975031,10.567375986290823,16188
3007518,0,1975595,90.74729007519963,17799
3007519,0,1976092,19.740820075636588,15722
3007520,0,1976574,31.354414122139058,3045
3007521,0,1976637,50.80722815112168,16685
3007522,0,1977494,19.03219304961373,9665
3007523,0,1977927,45.78241449122753,6692
3007524,1,1978171,10.076324533423236,15271
3007525,0,1978632,28.600029702926015,3440
3007526,0,1978878,68.091009033985,12619
3007527,0,1979171,47.14274921411203,4444
3007528,0,1979756,47.64458882802858,5575
3007529,1,1980122,78.95340717245215,1505
3007530,0,1980302,14.021104135614982,7872
3007531,1,1980620,256.63603589788914,4562
3007532,1,1980638,55.81906105495328,16175
3007533,0,1980809,78.26679944196366,10714
3007534,0,1981037,99.00864232917176,1955
3007535,1,1981356,143.70204695304236,14051
3007536,1,1981737,32.17907366677753,7084
3007537,0,1981779,61.52901539752298,5238
3007538,0,1982026,14.76257682698219,15530
3007539,0,1982315,54.41191720350105,6986
3007540,0,1982326,8.323632711503832,7073
3007541,0,1982610,6.4611576849932035,1802
3007542,0,1982806,106.78992717010043,15165
3007543,0,1982874,31.12197330052225,14383
3007544,0,1983112,57.492751432158016,8351
3007545,0,1983115,8.491480061039193,13421
3007546,0,1983122,46.433241309276255,17405
3007547,0,1983311,130.96464257650794,6081
3007548,1,1984279,40.75250414784098,4847
3007549,0,1984750,66.67082727043694,12818
3007550,1,1985098,14.003342351973528,12549
3007551,0,1985994,34.26373933372757,11036
3007552,0,1986046,18.49822124123244,4455
3007553,0,1987035,8.195546725338817,15497
3007554,1,1987568,80.04870276960894,4078
3007555,0,1987614,50.334860715165256,9763
3007556,0,1987698,50.924899385589896,10541
3007557,0,1988100,96.0550401057061,6850
3007558,0,1988129,3.3940023261814347,8811
3007559,0,1988307,37.39584152070986,2492
3007560,0,1988585,12.032373846151403,15090
3007561,0,1988665,13.178256557047877,7133
3007562,0,1988708,88.73841887811997,15353
3007563,1,1989093,26.304985391706964,4377
3007564,0,1989142,146.75032863784529,8494
3007565,0,1989690,3.3856837637125805,2611
3007566,0,1989927,5.7977874893066765,3895
3007567,0,1990080,3.2245474590183205,12508
3007568,1,1990145,16.965695509649827,8321
3007569,0,1990214,50.11699220755541,14996
3007570,0,1991007,19.681003398072168,9647
3007571,0,1991719,7.427537716623831,2567
3007572,1,1991789,100.43114225847202,14624
3007573,0,1992276,18.073931962497078,16117
3007574,1,1992806,92.2721528095804,5302
3007575,0,1993065,22.835163600538202,5870
3007576,0,1993300,1.8263176540506223,6098
3007577,1,1993331,10.361706293270185,5776
3007578,1,1993490,19.817455676602332,5557
3007579,0,1993850,27.086347300538293,14402
3007580,0,1993862,37.415483567463234,16724
3007581,1,1994035,91.77145265082193,1520
3007582,0,1994113,36.19342670777802,12491
3007583,1,1994475,9.032742593447479,7760
3007584,1,1994697,19.846791666544082,14609
3007585,0,1994908,86.2145451952244,8878
3007586,0,1995320,14.694334980253437,16020
3007587,1,1995455,42.03154109525121,10242
3007588,1,1995497,50.23503834033763,16185
3007589,0,1995580,12.201887260170752,2816
3007590,1,1996902,2.8214638004636874,11746
3007591,0,1997444,23.322537851871154,16298
3007592,0,1997795,48.77660016573191,2039
3007593,0,1998076,76.87470305776212,11312
3007594,1,1998717,61.75566657375147,3027
3007595,0,1998727,20.691292971885293,7159
3007596,1,1998756,21.41764591865388,13062
3007597,0,1998825,28.58871073324979,9478
3007598,1,1998945,62.899020258722004,10271
3007599,1,1999406,141.1451746536922,9237
3007600,0,1999433,5.894113079112919,9124
3007601,1,1999890,9.848419787248263,5131
3007602,1,2000542,1.3535332252819596,10495
3007603,1,2000620,80.07609954709997,1988
3007604,0,2000826,104.59474293769392,2923
3007605,1,2001905,102.33806918679093,3582
3007606,0,2002069,33.92074056571681,9848
3007607,0,2002101,3.6586536309769193,14594
3007608,0,2002135,25.69021086667891,1347
3007609,0,2002815,82.76363064277355,10128
3007610,1,2002870,78.96789497984224,7822
3007611,1,2003156,80.26542886848225,6582
3007612,0,2003675,83.28612348305118,8206
3007613,0,2004195,41.999518288476295,4049
3007614,0,2004684,14.904626515882963,5059
3007615,0,2004801,15.282617722370887,6307
3007616,0,2005012,12.117197885396076,7693
3007617,0,2005076,35.12194642819148,11093
3007618,1,2005130,32.4447148048256,2769
3007619,0,2005706,20.10143525499997,9780
3007620,0,2005758,8.651422427302487,16152
3007621,1,2005990,126.76285121743409,15635
3007622,1,2006032,1.7045301888600501,7904
3007623,1,2006141,29.453519809402923,5755
3007624,0,2006243,11.819277768206714,8650
3007625,1,2006764,104.67896343977436,16680
3007626,0,2006827,52.48973269877768,13726
3007627,1,2007075,5.52692709068204,4051
3007628,0,2007172,44.660802791480606,10573
3007629,1,2007354,51.10143963534579,11701
3007630,1,2008068,177.9194245536889,2538
3007631,0,2008246,18.54062642789413,11324
3007632,1,2008352,218.59767816652203,16783
3007633,0,2008589,8.234559744773767,7925
3007634,0,2010622,7.117350345902216,12892
3007635,0,2010835,0.7854125322862138,5693
3007636,1,2010901,162.84459699503816,1635
3007637,0,2011016,72.73333080305358,6580
3007638,0,2011047,30.387306005409524,12721
3007639,1,2011217,19.055252290010234,11219
3007640,0,2011591,8.118035900974295,4659
3007641,0,2011593,63.3684845831199,5437
3007642,0,2011735,115.26519251716127,3601
3007643,0,2011827,239.22184416922892,1907
3007644,1,2011921,52.597608483684155,13638
3007645,0,2011944,3.6982889930363547,11290
3007646,1,2012910,4.616140332787627,3829
3007647,0,2013060,46.791599645988875,8988
3007648,1,2013130,217.2562667364859,2044
3007649,0,2013663,2.1916163124756576,3740
3007650,1,2014016,54.3519074244347,17765
3007651,0,2014397,11.649688135075968,2588
3007652,0,2014625,10.93713183034132,8157
3007653,0,2014843,23.25670198038412,12976
3007654,0,2015218,42.988064890373614,14090
3007655,1,2015292,13.571452295550282,3751
3007656,0,2015331,6.421060623621291,5100
3007657,0,2015740,20.93155070351975,11398
3007658,0,2015797,17.61532716250434,9155
3007659,1,2015993,7.764155951668079,13250
3007660,0,2016389,42.19229057693011,14827
3007661,0,2016602,67.3283373152168,11747
3007662,1,2016751,138.7609548780602,2605
3007663,1,2017086,37.263185514929816,8058
3007664,1,2017118,9.17841856045445,11392
3007665,0,2017556,100.96506451081974,14774
3007666,0,2017595,44.34705938161429,12704
3007667,1,2018745,18.46307116390556,15918
3007668,0,2019418,54.97474133693909,3407
3007669,1,2019418,0.7462454616853468,8589
3007670,0,2019514,2.245527135004549,16716
3007671,0,2019745,6.926846788094436,5911
3007672,0,2019822,10.526190845649984,2889
3007673,1,2020174,164.55768260468048,1377
3007674,0,2020454,29.86831830121727,12115
3007675,1,2020504,64.02810891418727,8610
3007676,1,2020510,4.934071532299969,7460
3007677,0,2020640,100.02931779367489,8417
3007678,0,2020901,18.67506906157635,4561
3007679,0,2021110,13.904077234228296,10600
3007680,0,2021157,93.58721882684574,5095
3007681,1,2021526,68.66378185959523,3791
3007682,1,2021560,104.80302428996669,4705
3007683,1,2021671,41.847225992676776,4483
3007684,0,2021864,23.99782394802742,9501
3007685,0,2022040,50.79562356780478,16842
3007686,0,2022172,18.793956765457136,13864
3007687,0,2023097,5.234674875019712,7164
3007688,0,2023384,71.00740018815324,8294
3007689,1,2023424,51.223458441274495,12063
3007690,0,2024160,22.596355401400213,7801
3007691,0,2025003,121.21091895168628,11788
3007692,1,2025175,10.420655792034665,6095
3007693,1,2025528,31.736054834440107,5131
3007694,0,2026551,57.38500298148226,12495
3007695,0,2026554,7.716922496512348,8838
3007696,0,2026891,20.54491054994004,5673
3007697,0,2027008,33.38679836362597,12970
3007698,0,2027068,11.66020698070126,4159
3007699,1,2027118,24.90071051356615,9781
3007700,1,2027573,24.953351705818076,4065
3007701,0,2028127,147.12269788941828,15798
3007702,1,2028357,2.1256484293855036,11216
3007703,0,2028436,6.613187694037761,7758
3007704,0,2029123,192.27137850923285,6957
3007705,0,2029139,10.601523363081716,11373
3007706,0,2029214,14.379284910827344,10789
3007707,0,2029797,18.131260755620303,10396
3007708,1,2030047,128.86041741444643,15802
3007709,1,2030620,217.27148920253944,4919
3007710,0,2030788,22.996249810024093,9981
3007711,0,2030854,12.446806658005674,3417
3007712,1,2030921,3.2620702895712013,13433
3007713,0,2030968,17.51780234715004,3942
3007714,1,2030993,45.085872752030845,17288
3007715,0,2031103,14.01836751634577,15160
3007716,0,2031481,13.118617250101558,3562
3007717,0,2031513,10.390897416804723,14608
3007718,1,2031634,19.451015885263764,4780
3007719,0,2032753,16.973293178847815,12582
3007720,0,2033336,12.492516837418496,5966
3007721,1,2033396,15.218085308894688,16279
3007722,0,2033635,71.22223003455272,17990
3007723,0,2033987,65.12757907950284,9121
3007724,0,2034628,47.452132129100704,12797
3007725,1,2035303,107.34881336140742,14829
3007726,1,2035571,2.1424555724783136,7650
3007727,0,2035841,22.3365182221461,16151
3007728,0,2035855,3.5452958986760916,4088
3007729,1,2036080,12.736598852763809,11282
3007730,0,2036370,3.468680037561151,13165
3007731,0,2037022,5.346379146997494,3139
3007732,0,2038058,10.88899241207986,4275
3007733,1,2038787,20.64185761405124,6121
3007734,0,2038839,30.175916369242152,15904
3007735,0,2039295,8.855934566869768,5830
3007736,0,2039397,31.295621523740685,15860
3007737,1,2039855,23.34131642208544,5398
3007738,0,2039887,11.002572242597504,6702
3007739,0,2040020,23.20262463226043,15726
3007740,0,2040064,2.508713373919947,13269
3007741,0,2040117,24.971188514035685,16851
3007742,0,2040277,12.99059359808415,16158
3007743,0,2040476,58.52840030320399,9722
3007744,0,2040488,89.96419294585462,3752
3007745,0,2041323,29.172657298734983,5507
3007746,0,2041517,28.65143779378941,6189
3007747,0,2041795,24.566377463974273,13699
3007748,0,2042402,180.5041209955278,6474
3007749,1,2042534,54.95820220716862,9059
3007750,0,2042625,4.200256537083029,5970
3007751,0,2043301,6.971247325113677,5753
3007752,0,2043320,10.715435086210428,11637
3007753,0,2043433,160.0865558799002,1075
3007754,0,2043556,30.635359794772743,15642
3007755,1,2043894,107.63714601082917,2980
3007756,0,2044023,25.482380795214794,14640
3007757,1,2044347,59.33377888702497,10557
3007758,0,2044512,17.134931095854324,4514
3007759,0,2044805,16.07677821224814,10120
3007760,0,2045264,63.55546414124935,15479
3007761,1,2045315,131.25538007224543,2196
3007762,0,2046257,13.078934195404665,17288
3007763,1,2046502,226.54032743864104,16804
3007764,0,2046668,44.574820096214395,13485
3007765,0,2046909,42.98777401494844,15074
3007766,0,2046934,122.07351351420932,15390
3007767,0,2047317,7.635394387420604,1277
3007768,0,2047414,13.104691616107727,6961
3007769,1,2047641,39.73758581422787,14871
3007770,0,2047655,2.0912424983386475,13150
3007771,0,2047693,135.11384152512505,14357
3007772,1,2047739,20.40097690915502,14827
3007773,0,2048027,105.13410376259289,10084
3007774,1,2048153,341.4236257143292,11420
3007775,1,2048174,59.361211162146574,6860
3007776,0,2048408,25.4056564871462,11116
3007777,1,2048575,132.5939738519813,3540
3007778,0,2048619,10.92494235645572,17917
3007779,0,2048637,11.770714500238007,17236
3007780,0,2048656,25.41269107311921,7270
3007781,0,2048881,7.751194171650765,3542
3007782,0,2048966,60.39431370615178,4937
3007783,0,2049256,20.91469230003881,12608
3007784,0,2049450,5.514622983914848,6335
3007785,0,2049859,23.64976225896626,4763
3007786,0,2049923,37.926802032973704,16165
3007787,0,2049944,15.190881059934785,7086
3007788,0,2050199,0.5759665705185726,16706
3007789,0,2050378,77.93257016097867,12423
3007790,0,2050698,23.42847378493343,12449
3007791,1,2051214,69.7057658484913,16422
3007792,0,2051392,123.9408563507459,8852
3007793,0,2051393,120.04737964111918,3754
3007794,0,2051923,87.26068489944068,12036
3007795,0,2052457,20.10134396925019,8283
3007796,0,2052615,141.27002158964726,8171
3007797,0,2053042,23.697835906222295,17778
3007798,0,2053545,20.992610626344536,11988
3007799,0,2053557,102.39337293564476,17226
3007800,0,2053749,26.40787485735282,4889
3007801,0,2053819,12.585347170403343,17026
3007802,0,2053996,35.88915356698094,8704
3007803,1,2054045,68.66468703304973,15974
3007804,0,2054191,56.834369313090114,2754
3007805,0,2054248,54.814848503856126,11964
3007806,0,2054429,6.530906971160053,6430
3007807,0,2054615,10.359260205687852,16058
3007808,0,2054713,44.031573589886506,1132
3007809,0,2054983,17.82545723664553,3656
3007810,0,2055350,49.5064224830352,11664
3007811,0,2055951,85.59117625183679,7736
3007812,0,2056100,54.36545196551032,17289
3007813,0,2056307,9.663036336936976,14444
3007814,1,2056307,127.21599616085474,5369
3007815,0,2056423,43.31682594974954,1369
3007816,0,2056434,15.205621959714472,15791
3007817,0,2056693,6.080544248420636,12704
3007818,1,2057316,39.55125360265653,4215
3007819,0,2057527,15.966313917229636,2773
3007820,0,2057603,66.8337572492357,3603
3007821,0,2057640,13.582109014417428,14677
3007822,0,2057708,122.58482445702504,3240
3007823,0,2058058,128.87370121050236,11689
3007824,0,2058113,193.39279613550008,10363
3007825,0,2058716,31.334716174868145,10175
3007826,1,2058797,5.113356788206904,15679
3007827,0,2059319,78.20224813773086,2438
3007828,0,2059462,10.960871650194479,5608
3007829,1,2059998,115.69215571063383,1146
3007830,1,2061051,124.76820662823162,11460
3007831,0,2061371,50.10839759533291,4006
3007832,0,2061601,18.81088892029249,2795
3007833,0,2061902,36.18878352542281,2356
3007834,0,2062259,38.85218191316861,13352
3007835,1,2062294,44.659820438173796,11128
3007836,1,2062339,40.60183212789017,3121
3007837,1,2062579,12.520537030292916,2586
3007838,0,2062886,47.032933696922676,13269
3007839,0,2063356,55.350341204612775,4626
3007840,0,2063822,111.56295699281762,14413
3007841,0,2063824,84.89196785205988,12447
3007842,0,2064275,103.57079691124937,13473
3007843,0,2064554,48.59295954663999,13145
3007844,0,2064566,6.777218756310043,10000
3007845,0,2064826,7.817761452009631,8554
3007846,1,2064875,30.69620015364126,3776
3007847,0,2064892,24.31791761132521,10809
3007848,0,2064960,16.545402997268035,2883
3007849,0,2065187,26.2177303486933,2629
3007850,0,2065443,44.76067393356664,8793
3007851,0,2065853,47.96034188293733,16917
3007852,1,2065887,122.04596479773386,7798
3007853,0,2066289,56.22131463081775,11992
3007854,0,2066836,91.7415242512839,11451
3007855,1,2066906,34.03575132547109,15346
3007856,1,2066979,33.32152404367493,3033
3007857,0,2067251,70.56044531309247,17343
3007858,1,2067370,33.17066340509325,8800
3007859,0,2067767,22.370918154574504,7000
3007860,0,2067834,138.741181045938,6023
3007861,1,2068066,86.4423363707864,8290
3007862,0,2068222,212.2874473535468,2610
3007863,1,2068602,212.66377705847628,8221
3007864,0,2068840,10.35647004493745,9736
3007865,1,2069069,60.011065430603004,3939
3007866,0,2069476,0.05230269897051195,1910
3007867,1,2069891,0.9642931695348014,16289
3007868,1,2069910,95.01096087754388,13661
3007869,0,2069915,140.87305343873814,5320
3007870,0,2070051,16.44197016873742,1551
3007871,1,2070269,6.464011793588551,3058
3007872,1,2071748,76.89974863427658,16417
3007873,0,2071906,80.96771057441065,4278
3007874,0,2072390,9.009440903727135,14707
3007875,1,2072588,39.73899429230647,14852
3007876,1,2072801,31.532746517420314,15422
3007877,0,2074253,36.83289915256363,1761
3007878,1,2074705,72.06853916914243,16251
3007879,0,2074807,88.49210292288646,11876
3007880,1,2075210,60.32467193999117,14742
3007881,0,2075296,49.12895040308808,8576
3007882,0,2075383,0.4003461019843134,12036
3007883,0,2075440,62.16333026310211,4397
3007884,0,2075818,23.613878102984938,9107
3007885,0,2076092,51.75262913077026,4106
3007886,0,2076169,24.692889037993098,10761
3007887,0,2076581,0.16827490721296093,8838
3007888,0,2076695,5.2533133562770775,2527
3007889,0,2076728,38.474852235364416,14956
3007890,0,2076855,6.312072051533506,3368
3007891,1,2076961,3.1407960743627554,12857
3007892,0,2077205,6.602528893555839,6727
3007893,1,2077292,65.30067713287846,13613
3007894,0,2077563,33.20299206490049,11416
3007895,0,2077583,21.14463736504565,8364
3007896,0,2078019,94.94054357447693,8113
3007897,0,2078124,28.366246003349953,16163
3007898,0,2078370,40.689600343240016,14923
3007899,0,2078454,106.6117494540781,17948
3007900,1,2078709,90.6217026641042,4947
3007901,0,2079323,67.49871038623036,12057
3007902,0,2079657,30.649268790346778,15980
3007903,1,2079767,8.660084081388424,5162
3007904,0,2079837,68.98504424906272,12331
3007905,0,2080174,132.48032336210082,2022
3007906,0,2080284,86.87177395743292,10315
3007907,1,2080319,122.14793533214157,12719
3007908,1,2080477,32.837956352997786,11209
3007909,1,2080570,107.20356739924084,10511
3007910,0,2080655,11.14554335517182,7443
3007911,0,2080663,36.17566361498466,4985
3007912,0,2080845,69.37900232914599,14676
3007913,0,2080948,62.37209197811947,11709
3007914,1,2081282,385.25681480310124,9936
3007915,0,2081299,82.06131706855095,14930
3007916,0,2081352,51.28193185391521,4730
3007917,0,2081390,5.72496267368978,14183
3007918,0,2081782,72.45985343312688,10573
3007919,0,2081925,24.262069288309775,10703
3007920,0,2082007,58.854970844306806,15985
3007921,0,2082272,140.29961322822874,1372
3007922,0,2082603,67.99192163756582,15354
3007923,0,2083126,40.145920953787126,9386
3007924,1,2083533,85.00061298877367,13688
3007925,0,2083767,113.45953605229717,15747
3007926,0,2083853,32.407917202038796,3606
3007927,0,2083982,28.40613942476936,14581
3007928,1,2084069,96.24133138410866,13993
3007929,0,2084478,20.46053418276581,4533
3007930,1,2084490,42.46670022654394,10642
3007931,0,2084692,14.04717721360191,5658
3007932,1,2084734,45.201380144555415,11664
3007933,1,2085081,198.03687133878105,17065
3007934,0,2085175,15.296049267160102,14816
3007935,0,2085274,67.71274880366076,13578
3007936,0,2085339,139.59012332730543,16310
3007937,0,2085502,107.49735345904614,12976
3007938,1,2085534,8.420989713333777,1479
3007939,0,2085663,22.557837264697707,4576
3007940,1,2085670,188.5927587280919,12751
3007941,0,2085996,7.057822959231356,15466
3007942,1,2086054,18.1714335091146,10737
3007943,0,2086252,48.60404506542502,6769
3007944,1,2086818,132.07482950380424,2302
3007945,1,2086880,47.63685032283601,2328
3007946,1,2086971,12.141802212315616,1870
3007947,1,2087040,87.05300422642213,5939
3007948,0,2087518,106.28905122162382,8045
3007949,0,2087538,115.6433904608067,2744
3007950,0,2087604,24.202097061760274,7168
3007951,0,2087651,38.17224091536749,11082
3007952,0,2087677,26.46046577633512,14030
3007953,0,2087799,9.269642412931166,17005
3007954,0,2087880,8.15702603281193,7437
3007955,0,2088716,48.74272719386438,17563
3007956,0,2088790,26.127473764136628,13930
3007957,0,2089616,12.46353535711164,8529
3007958,0,2089618,70.16663506808526,16566
3007959,0,2089821,12.292921243048516,13515
3007960,1,2089852,62.068643100468066,10849
3007961,1,2089937,111.51754792889224,4171
3007962,0,2090182,20.561810145875516,14389
3007963,0,2090236,155.6692663136259,6445
3007964,1,2090433,7.589051112280365,2479
3007965,0,2090493,68.89087106229275,12129
3007966,1,2090619,210.59642877276627,6850
3007967,0,2090681,2.702508596741196,8337
3007968,1,2091518,196.864326237581,13096
3007969,0,2091908,18.293334413914646,5992
3007970,0,2092165,8.840682818104838,1420
3007971,1,2092683,47.55267878436501,2604
3007972,1,2092799,210.52371477381953,5673
3007973,1,2092859,101.38219649773748,15834
3007974,1,2093017,19.06524681506482,10458
3007975,1,2093237,87.33673987882781,3913
3007976,0,2093650,22.422063520583702,14538
3007977,1,2093679,105.81344429634309,3939
3007978,1,2093981,12.031130835660463,4618
3007979,0,2093998,31.41567544198268,4003
3007980,0,2094307,10.948970564134845,14896
3007981,0,2095048,42.169432569560534,14132
3007982,0,2095190,18.2260700000941,16569
3007983,0,2095258,39.94565821075867,12594
3007984,0,2095443,57.00718479539343,9853
3007985,0,2095536,23.617390430726367,17865
3007986,0,2095572,48.73924121792862,3916
3007987,1,2096269,226.33525381547452,4487
3007988,0,2096445,9.103300521195905,14300
3007989,0,2096611,112.45791924917859,2908
3007990,1,2096837,76.93456049555691,6662
3007991,0,2096874,31.845963545688505,15798
3007992,0,2098019,17.597531985287386,4346
3007993,1,2098164,45.13918079348434,13412
3007994,0,2098222,60.536896438980435,13883
3007995,1,2098427,83.27418854901381,17566
3007996,1,2099105,244.6020473575877,12012
3007997,0,2099683,36.0154675175978,6570
3007998,1,2100898,42.63475457050255,12470
3007999,0,2101217,42.69971513310092,1091
3008000,0,2101374,16.402781248262226,5962
3008001,0,2101376,175.0328157180302,12776
3008002,0,2101448,212.09720023077548,17489
3008003,0,2102776,16.00173458964397,11742
3008004,0,2103127,60.907519631309135,1482
3008005,0,2103532,62.121841816679314,6478
3008006,0,2103552,57.225869913713765,16125
3008007,1,2103729,3.720456947856631,16164
3008008,1,2103829,70.68937828001741,10280
3008009,0,2103973,75.18510062383486,7169
3008010,0,2104023,99.09786865779,15944
3008011,1,2104182,34.00787276209192,6687
3008012,0,2104499,49.93841075205434,2383
3008013,0,2104772,35.85649976351632,17398
3008014,0,2105332,118.41049401659296,14670
3008015,0,2105880,7.750266168444747,14628
3008016,0,2106260,1.3218057191860797,13208
3008017,0,2106367,97.82255840480917,1603
3008018,0,2106463,3.511854557062286,3017
3008019,0,2107206,35.401106588414045,13055
3008020,1,2107289,54.64133954659377,16886
3008021,0,2107337,21.18895429592268,2495
3008022,0,2107542,33.84716465842023,17796
3008023,0,2107884,77.60592462046866,13431
3008024,1,2108366,97.65202703531742,7648
3008025,1,2108635,3.0626618947448607,7118
3008026,1,2109346,27.377540664910622,8298
3008027,1,2109712,9.199953605431785,14318
3008028,0,2109914,5.2575140290823486,17446
3008029,1,2110098,3.3567370480687577,6977
3008030,1,2110455,35.51065821713044,13138
3008031,1,2110508,139.48243322664794,13414
3008032,1,2110936,8.842453233477242,4197
3008033,0,2110981,14.21944895747314,15104
3008034,0,2111031,4.000523562129409,9914
3008035,0,2111239,19.292474559057503,1806
3008036,1,2111273,165.52678780985545,11866
3008037,1,2111433,91.88536521560341,14967
3008038,0,2111542,4.222506641312792,9436
3008039,0,2111756,24.51675215702222,1827
3008040,0,2111838,76.29350891721518,15852
3008041,1,2111875,80.74690335410853,17361
3008042,0,2111984,4.326407918653105,4403
3008043,0,2112223,17.2200552389324,9606
3008044,0,2112342,52.08642039675729,9382
3008045,0,2112356,3.778932523099052,1520
3008046,0,2112424,34.86973912468244,7142
3008047,0,2112435,43.28661018526215,7002
3008048,0,2112678,27.11756168315862,9029
3008049,1,2112884,32.506193734752195,8973
3008050,0,2112911,12.748344108683918,12185
3008051,0,2112951,43.33831819754382,7011
3008052,0,2113429,102.19150007994757,1911
3008053,0,2113525,0.8250978272413915,12735
3008054,0,2113760,14.65888288900896,9108
3008055,0,2113822,91.90071111819431,10120
3008056,0,2114692,77.74133482310425,7938
3008057,0,2114799,116.16458463957309,17482
3008058,0,2114882,24.284008084835065,12328
3008059,0,2114892,0.35407495125693755,7745
3008060,0,2115402,37.39731365236478,14608
3008061,0,2115789,12.852711864139613,1018
3008062,0,2115835,24.380203592345502,3666
3008063,1,2115889,2.473480417333018,16983
3008064,0,2116051,2.329736626514095,10477
3008065,1,2116433,55.41830429200563,3749
3008066,0,2116622,55.657798873027374,14343
3008067,0,2116998,15.95258591746159,16423
3008068,0,2117081,32.705433032220135,11197
3008069,0,2117440,102.46374858412047,5537
3008070,1,2117509,35.42297352228807,13789
3008071,1,2117570,152.30707624024242,2853
3008072,1,2117640,6.236586532131346,5061
3008073,0,2117647,4.992948106319664,5019
3008074,0,2118011,32.235197876786295,13474
3008075,0,2118172,19.174581459766767,15991
3008076,0,2118591,50.86831915215239,13645
3008077,0,2118591,19.151205528799213,10050
3008078,1,2119029,104.6297530804019,12789
3008079,0,2119465,84.78279938558117,11115
3008080,0,2119546,10.939077482570308,1444
3008081,1,2119551,27.924375202849156,8764
3008082,1,2120160,129.6134468350664,4319
3008083,0,2120174,22.965898363980692,6926
3008084,1,2120325,11.84096436218616,15966
3008085,1,2120420,194.49826270931308,12953
3008086,0,2120495,27.48276941059094,15513
3008087,1,2120903,3.670985066460783,10814
3008088,0,2121400,53.80620805125663,16950
3008089,0,2121632,281.05527394641206,12747
3008090,1,2122212,16.945500054707967,6589
3008091,1,2122349,39.64496301277561,8273
3008092,0,2122833,4.651592161881056,13348
3008093,0,2123300,28.027783561245673,12783
3008094,0,2123494,42.786345382331824,2266
3008095,1,2123683,11.99195327508855,4784
3008096,0,2123805,63.72898063209801,7263
3008097,0,2123945,24.653166904917047,14141
3008098,0,2124090,99.26329797874374,1756
3008099,0,2124596,42.863558147361005,3394
3008100,0,2124853,37.21081164653835,2845
3008101,0,2124978,7.376093397356664,10595
3008102,0,2125379,104.33867009071417,10029
3008103,0,2125934,40.43739940070446,8907
3008104,0,2126134,92.43329623304953,10882
3008105,1,2126193,34.301719120679316,10013
3008106,0,2126627,67.73675543836308,13124
3008107,0,2126685,107.41607339429171,9737
3008108,0,2126895,220.6376061997641,2110
3008109,0,2127005,28.04464423138187,5349
3008110,0,2127801,37.80395434218782,2833
3008111,1,2127803,7.555114632534836,4551
3008112,0,2127941,6.7816000119931275,12319
3008113,0,2127999,74.47866209686428,11833
3008114,0,2128287,3.0409588337976436,3813
3008115,1,2128491,64.7524692283726,8424
3008116,0,2128577,24.371027149519207,3058
3008117,0,2128778,5.120611998754177,8336
3008118,0,2129105,3.679519847989666,8063
3008119,0,2129112,49.95554317953272,12061
3008120,0,2129548,51.19065765238214,16799
3008121,1,2129580,30.10939273528314,15156
3008122,0,2129668,78.55739552687842,17892
3008123,0,2130151,1.1346432082577698,10088
3008124,0,2130781,39.98041406438892,4874
3008125,1,2131131,48.35386194424303,13675
3008126,0,2131165,86.18451127636885,9400
3008127,0,2131219,5.057925111836379,12918
3008128,1,2131523,29.0679824195683,6196
3008129,0,2131586,8.076793087948165,4675
3008130,1,2131596,63.44003144091241,5173
3008131,0,2131877,3.7292650118374753,12776
3008132,0,2131936,61.65031068832524,13819
3008133,0,2132091,9.74618167857803,8490
3008134,0,2132641,4.069805536911375,11686
3008135,0,2132853,21.534139432719858,8825
3008136,0,2133073,130.72900701936194,1270
3008137,0,2133207,55.65154036522368,9594
3008138,0,2133598,45.253347685051985,2070
3008139,1,2133648,125.09656193530014,4643
3008140,0,2134004,35.803432924540004,11052
3008141,0,2134531,5.602623400593547,16717
3008142,0,2134610,220.6492547199365,5397
3008143,0,2134984,72.25830261531289,2874
3008144,0,2135228,2.899919404194515,13896
3008145,0,2135610,148.1956816870335,17339
3008146,0,2135624,2.418907255162743,5017
3008147,0,2136514,29.257728870280875,10496
3008148,0,2137114,19.69209450692121,14578
3008149,0,2137357,123.45863929378682,11518
3008150,1,2137992,5.989101991466162,13622
3008151,0,2138099,12.910207854487702,13468
3008152,0,2139186,19.16939019950234,6435
3008153,1,2139314,9.848017121870143,8015
3008154,1,2139512,33.263408678664995,16666
3008155,1,2139759,36.85992477084006,8974
3008156,0,2139888,11.135563178388944,15028
3008157,0,2140303,42.29680897435155,2223
3008158,0,2140592,16.5618916892003,1444
3008159,0,2140890,97.22429224712018,6686
3008160,0,2140986,4.110704336554185,7435
3008161,0,2141075,29.80900155903067,3632
3008162,0,2141091,28.487690770348685,12304
3008163,1,2141147,55.161922633604476,5346
3008164,1,2141263,8.133737397797077,4500
3008165,0,2141265,9.732452320779187,11056
3008166,0,2141592,19.809513095847848,1453
3008167,0,2141733,52.12193941930414,16832
3008168,0,2141737,21.799516102810344,7918
3008169,0,2141805,12.947716003224647,12199
3008170,1,2141968,62.58905105469579,13082
3008171,1,2141979,43.25485822583083,1996
3008172,1,2141997,41.33654806856784,13054
3008173,1,2142509,8.098302622367882,3219
3008174,0,2142901,21.193933810831034,6320
3008175,0,2143261,31.779346456774743,4588
3008176,0,2143298,49.48183581840004,7575
3008177,0,2143357,61.20261717150516,3234
3008178,0,2143437,86.05249751741462,14158
3008179,0,2143484,6.121851028944062,10337
3008180,0,2143523,6.497528177140974,12134
3008181,1,2143524,56.66820855263256,3314
3008182,0,2143882,15.596092955326649,4805
3008183,0,2143904,22.65902548318479,5193
3008184,0,2143979,77.73262900180184,12551
3008185,0,2144307,6.652272261263424,12995
3008186,0,2144471,13.29531746157024,12662
3008187,0,2144746,55.57268927498231,6128
3008188,1,2145023,78.99378076468464,9452
3008189,1,2145025,239.74466936886745,5304
3008190,0,2145212,31.25699281501369,1209
3008191,0,2145398,46.23946715979134,16395
3008192,1,2145782,11.166554395291712,4025
3008193,1,2145837,76.64548511355986,5278
3008194,1,2145853,79.21987888656956,17001
3008195,0,2145866,8.619378098381612,6375
3008196,0,2146053,3.7034321703007875,2274
3008197,0,2146164,117.92657904439349,6564
3008198,0,2146763,11.63678053570487,6552
3008199,1,2147068,118.61148790366146,4801
3008200,0,2147269,7.301322708646878,13029
3008201,0,2147271,52.988311555461145,15678
3008202,1,2147312,31.137392214948672,15378
3008203,0,2147938,1.0000509609388661,12121
3008204,0,2148248,69.60909779583875,6287
3008205,1,2148517,57.87705220386938,7415
3008206,0,2149088,45.897643036646954,12652
3008207,1,2149150,12.950420143411225,12132
3008208,0,2149299,2.2262369174624435,6223
3008209,0,2149304,82.11255459139241,16854
3008210,1,2149483,40.973100859030055,16393
3008211,0,2149494,20.545415315153477,16501
3008212,0,2150512,137.45030341376406,1024
3008213,0,2150566,40.909182664994994,2574
3008214,1,2150607,40.762936916328584,2370
3008215,0,2150620,0.970007462369829,5409
3008216,0,2150621,109.7463785954337,4873
3008217,0,2151289,3.015798267959533,10080
3008218,0,2151330,23.777108307245847,8867
3008219,0,2151395,30.015008299800588,2389
3008220,0,2151439,17.280075537024604,11813
3008221,0,2152048,27.303033799597078,8681
3008222,1,2152218,37.30991532213363,11385
3008223,0,2152505,69.31757104544862,4900
3008224,0,2152841,11.224133760545758,14844
3008225,0,2153484,10.07256153876562,7373
3008226,1,2153685,78.2443353663667,7020
3008227,0,2153685,14.337820319392334,13543
3008228,1,2153820,27.4185169810345,17278
3008229,0,2154889,35.97794865590503,15142
3008230,0,2154912,4.927894767090714,15223
3008231,1,2154917,0.11596618696468339,15022
3008232,0,2155112,82.41841811354229,16616
3008233,1,2155266,32.91103315847005,4712
3008234,0,2155880,122.54654789572837,8007
3008235,1,2156329,46.569214806659446,4293
3008236,0,2156688,18.502818057550773,6188
3008237,1,2156957,163.48359840770064,7898
3008238,0,2157225,22.72114259859789,14187
3008239,1,2157544,26.541585613243313,9734
3008240,0,2157721,34.546719651360185,16845
3008241,1,2158535,247.57230522691592,12200
3008242,0,2158667,22.21108940668668,16139
3008243,0,2159096,31.437906936300315,3515
3008244,0,2159150,21.345948408128773,3760
3008245,0,2159463,41.18948700103201,3695
3008246,1,2160184,91.42533732792725,9407
3008247,0,2160395,11.205377385335451,15005
3008248,0,2161246,4.396274865466176,10678
3008249,1,2161318,12.871953304842382,2179
3008250,0,2161478,141.81745293704887,9726
3008251,0,2161629,40.273750151986846,9161
3008252,1,2161749,24.128796395666257,1761
3008253,0,2162166,94.96603699242542,15527
3008254,1,2162559,19.053390020663194,7302
3008255,0,2162578,117.33496636414014,16616
3008256,1,2162720,40.22873781482153,6165
3008257,0,2162723,32.94780862681069,11690
3008258,1,2162809,6.909619124957494,6531
3008259,1,2162861,34.365449670779356,6042
3008260,0,2163045,18.583079630412794,12907
3008261,0,2163624,21.711245803804694,6143
3008262,0,2163741,25.191020884725635,16627
3008263,0,2164156,33.75786545249219,9377
3008264,0,2164260,17.18509577765995,1850
3008265,0,2164630,72.15629916688577,17736
3008266,0,2164853,59.909551386810634,13516
3008267,0,2165027,93.99418713955382,14759
3008268,0,2165067,72.35930313096762,2523
3008269,1,2165222,91.06841968047081,10153
3008270,0,2165225,7.8137557447556985,13141
3008271,0,2165268,18.557779021353653,13566
3008272,0,2166051,1.073436852393307,15692
3008273,0,2166200,58.52978725614059,9125
3008274,1,2167074,69.60612766408502,10868
3008275,0,2167173,21.728783423493304,3946
3008276,1,2168075,56.607906181639244,13040
3008277,1,2168387,18.725396570944138,17196
3008278,1,2168735,37.99274316122153,3286
3008279,0,2168793,49.513384195332875,7560
3008280,0,2170292,39.109809943142274,15984
3008281,0,2170323,3.1997226821001736,7225
3008282,0,2170387,38.06272366148814,6150
3008283,0,2170564,31.81784921343866,12888
3008284,0,2170580,43.35975618133914,6327
3008285,0,2171560,37.84381036303061,11534
3008286,0,2172064,19.573856830962928,7026
3008287,0,2172347,20.40242746678279,14232
3008288,0,2172510,111.22212933470601,3656
3008289,0,2172556,82.73598897128001,8704
3008290,0,2172690,14.431439157612127,3135
3008291,1,2173101,30.195173355493576,7276
3008292,0,2174629,104.56475395585925,15742
3008293,0,2175108,10.707416990411822,7276
3008294,0,2175121,145.3041245367743,10095
3008295,1,2175133,26.265644837744222,15935
3008296,0,2175135,33.16381280342635,6788
3008297,0,2175220,23.258293990918244,1580
3008298,0,2175224,10.51462416301364,11371
3008299,1,2175246,9.498399467132103,16458
3008300,0,2175268,52.689385677032654,15423
3008301,0,2175271,85.81887142816807,10441
3008302,1,2175428,59.152294270190474,3339
3008303,1,2177283,35.130410376201496,12908
3008304,1,2177729,154.28199135773627,9438
3008305,0,2177897,87.17419979429543,5582
3008306,0,2177905,1.6094937007052916,6795
3008307,1,2178176,41.53404487210397,5763
3008308,0,2178295,24.531684538377448,15356
3008309,0,2178364,66.42411461744217,8708
3008310,1,2178503,22.198288151366384,13679
3008311,0,2178536,10.298797508732326,4949
3008312,0,2178571,116.33922462892532,8486
3008313,0,2178863,53.06338549536811,16878
3008314,0,2179102,34.253578355993426,1111
3008315,0,2179201,28.300065274553614,1308
3008316,1,2179665,20.37916001439106,1142
3008317,0,2180282,2.128694105311291,11380
3008318,0,2180398,13.37719696206941,17985
3008319,0,2180408,14.629828393155679,9344
3008320,0,2180510,24.634061650538346,2378
3008321,1,2180580,119.28576886828704,2366
3008322,0,2180626,5.376423611341511,5690
3008323,1,2181127,194.16262066155318,8017
3008324,1,2181185,4.914065692041779,16111
3008325,0,2181198,46.62652854678309,5154
3008326,0,2181200,3.0205817181920267,1158
3008327,0,2181242,11.547909258762132,15185
3008328,1,2181755,1.8836192446253002,1171
3008329,0,2181824,47.61170944471394,13299
3008330,0,2181947,5.86176741682668,12447
3008331,0,2182486,94.70740983289897,15693
3008332,0,2182696,45.83721932759101,7138
3008333,0,2182815,47.372263585513565,5912
3008334,0,2182903,161.82918304174544,14396
3008335,1,2183053,113.14804022464757,11180
3008336,0,2183554,15.99744985962145,12183
3008337,0,2183703,57.519335879297486,8325
3008338,0,2183768,115.29945895346994,1942
3008339,0,2183775,47.122389014545014,7762
3008340,1,2183987,15.891503540257615,16306
3008341,0,2184129,101.64532771347116,1792
3008342,0,2184258,8.556542775652835,11285
3008343,0,2184459,48.58913419136656,14780
3008344,1,2184602,63.78566224794285,7121
3008345,0,2184764,7.961060031691486,1813
3008346,0,2184821,57.84012702243542,10310
3008347,0,2184909,77.54063351204397,17398
3008348,0,2184945,11.934770121035728,15736
3008349,0,2184986,27.31414464131004,13672
3008350,0,2185491,3.201709620427913,9014
3008351,0,2185843,44.65129621479925,16728
3008352,0,2186163,49.32857063233648,17764
3008353,1,2186181,126.92298079238249,1307
3008354,1,2186506,67.12323754699254,9838
3008355,0,2186719,47.75383196007473,12181
3008356,0,2186749,60.598755197247556,6914
3008357,0,2186936,21.73326741795794,5612
3008358,0,2187024,5.722948572855893,1629
3008359,1,2187154,13.580852831866904,14326
3008360,0,2187376,89.54540201844651,9551
3008361,0,2188171,7.367711924041727,6638
3008362,0,2188561,5.542266182783974,6992
3008363,0,2188874,15.936000063693825,6870
3008364,0,2189200,69.21483116876077,7678
3008365,0,2189241,12.090944886022301,2261
3008366,0,2189501,2.630640613903389,2716
3008367,0,2189599,17.843679003233877,10850
3008368,1,2189852,24.45915528745059,5516
3008369,1,2189890,171.2046908979911,16828
3008370,0,2190099,23.120187513044847,5344
3008371,0,2190121,21.68515494612308,9264
3008372,0,2190134,50.675019374453846,10392
3008373,0,2190265,91.91222498619545,6891
3008374,0,2190298,1.8967773552058025,14763
3008375,0,2190425,8.2711497651902,16831
3008376,0,2190545,8.348175123281425,4954
3008377,0,2191287,1.295212148917834,7207
3008378,1,2191485,59.44696703199944,12597
3008379,1,2191850,22.701246215969604,5627
3008380,0,2191910,23.218181295265385,7829
3008381,1,2192051,76.26218381158554,7883
3008382,0,2193994,6.148371461600358,8661
3008383,1,2194050,35.1058049821417,12773
3008384,1,2194485,25.980683079256906,16057
3008385,1,2194780,15.719327595232107,6255
3008386,0,2195574,16.706689016097194,3283
3008387,0,2195590,51.62467185324441,16749
3008388,1,2195763,14.160154331501278,11583
3008389,1,2196581,48.545978731902885,10496
3008390,0,2196617,189.43429320696737,17018
3008391,0,2196837,59.47351455152487,3217
3008392,0,2196910,27.49689483020165,8926
3008393,0,2197266,2.174083097543699,11215
3008394,0,2197538,1.1229702209717303,15877
3008395,0,2197794,27.060536238963532,8065
3008396,0,2199193,14.943850403057723,13798
3008397,1,2199430,237.5971491875843,9933
3008398,0,2199584,92.68386989477145,14248
3008399,0,2199618,11.101270177939245,10483
3008400,1,2200069,0.45935509943167063,8456
3008401,0,2200291,14.441575679019792,10488
3008402,0,2200392,36.9738993493805,16526
3008403,1,2200448,344.7172690813487,9491
3008404,1,2200812,64.80488988924759,1520
3008405,0,2200858,18.686516589468106,16896
3008406,0,2201096,12.47682011562317,14174
3008407,0,2201475,16.741238511809758,7348
3008408,0,2201665,32.41895197201302,7887
3008409,0,2201996,35.047567433688336,3664
3008410,0,2202111,73.37656708227502,8890
3008411,0,2203045,53.35880633271177,10344
3008412,0,2203147,2.8900176083428715,9740
3008413,0,2203537,66.58888606473606,13254
3008414,0,2203544,21.55682041948116,15947
3008415,1,2203559,23.554400771794278,16399
3008416,0,2203623,121.56976398277742,10005
3008417,0,2203771,50.54863540026323,14961
3008418,1,2203840,39.955006376437154,6111
3008419,1,2204597,74.17550611741767,11962
3008420,0,2204925,25.038274982842097,10503
3008421,0,2205078,14.905197357795421,14973
3008422,0,2205427,14.166533791523392,4157
3008423,1,2205574,84.7142708874318,7192
3008424,1,2206436,9.845301904318514,1800
3008425,1,2206709,13.480318502693791,13666
3008426,0,2207134,48.48150082753491,8345
3008427,0,2207441,5.205002659216663,13439
3008428,1,2207783,21.968634457247347,5360
3008429,1,2208096,74.04796470430584,4792
3008430,0,2208464,225.9392421417885,15443
3008431,0,2208728,37.16379291862568,7486
3008432,0,2208818,70.09361914100754,9681
3008433,0,2209032,38.660866475004816,12325
3008434,1,2209329,19.116996193255684,9750
3008435,1,2209387,18.338012960738652,3853
3008436,0,2209705,100.58770080886839,9040
3008437,0,2210355,6.211657310050085,12504
3008438,0,2210361,35.5472275767333,1594
3008439,1,2210406,17.460475179107675,12795
3008440,0,2210478,63.620333627324,13593
3008441,0,2210885,60.72346391459887,4565
3008442,0,2211013,23.814499416809927,16428
3008443,1,2211064,102.03038742485404,4447
3008444,0,2211250,16.547773350263686,11626
3008445,0,2211746,12.791264922162975,11651
3008446,0,2211783,36.847200925557644,11677
3008447,0,2211931,10.41504304204584,8736
3008448,0,2212089,1.9959053292999283,9897
3008449,1,2212218,103.22536908803035,4679
3008450,0,2212301,71.22259152528284,14167
3008451,1,2212389,140.73958104572728,15658
3008452,0,2212438,29.059688954821944,10959
3008453,0,2212454,4.455695188624863,1115
3008454,0,2213206,34.80352160255192,8831
3008455,0,2213295,121.0700478030711,9490
3008456,0,2213324,76.234752777106,10048
3008457,0,2213719,53.09605636589668,9520
3008458,0,2214129,29.759695604899377,7953
3008459,0,2214381,19.94378975198708,3397
3008460,0,2214963,82.31728715581372,17960
3008461,0,2215003,18.530246098299298,16560
3008462,1,2215391,80.41452540193809,8246
3008463,0,2216150,217.72888775925713,4357
3008464,1,2216512,143.28736187143974,3675
3008465,0,2217263,73.64543047594437,17559
3008466,1,2217748,91.89383886884367,14874
3008467,0,2217759,58.19982315944298,12706
3008468,1,2217990,0.020981047091822365,2802
3008469,0,2218145,103.6698400985323,8405
3008470,0,2218175,0.5898879312452756,15781
3008471,0,2218990,5.452174343221277,2179
3008472,0,2219192,15.18736191191146,6277
3008473,0,2219526,81.5347430756781,14155
3008474,1,2219668,31.46458592499226,12394
3008475,0,2219829,42.90971924867672,5248
3008476,1,2219920,31.822275147927375,16287
3008477,0,2220136,122.8038751188258,7931
3008478,0,2220568,89.29469828363645,6384
3008479,0,2220616,13.28452773888594,2273
3008480,0,2220619,242.95712026846758,1530
3008481,0,2220658,44.276418931042215,1098
3008482,0,2220845,4.548436899256385,4433
3008483,0,2220882,15.092100463090057,1149
3008484,0,2221562,5.015180768676542,16397
3008485,0,2221725,35.428272055245884,2161
3008486,0,2222258,69.21116555830875,3440
3008487,0,2222477,185.87077020991427,2389
3008488,0,2222828,51.720796468968665,7773
3008489,0,2222854,11.403000006510155,15162
3008490,0,2222920,12.18052683296886,15851
3008491,0,2224128,6.386679655910347,4498
3008492,1,2224492,21.33312588232393,10115
3008493,0,2224918,2.2696955137642516,15229
3008494,0,2225142,41.48166839435352,7393
3008495,0,2225292,23.752403130027506,8413
3008496,0,2225568,51.82440855382524,2798
3008497,1,2225814,80.55987873271505,4823
3008498,0,2226415,50.28208179978483,2000
3008499,0,2226558,21.214796977293577,2786
3008500,0,2226719,39.28209934639851,17672
3008501,0,2226985,38.40916418336959,14969
3008502,0,2227124,67.45287365025806,12616
3008503,1,2228125,9.888422633829972,2843
3008504,1,2228129,24.913133755179235,11740
3008505,0,2228285,69.24803650284758,14172
3008506,1,2228580,0.29351213267656573,12255
3008507,0,2228841,58.4117581340631,15100
3008508,1,2229117,12.186861059842524,4408
3008509,0,2229178,32.48965205174606,13572
3008510,0,2229382,11.560511474998084,12241
3008511,0,2229803,14.258402277541581,1317
3008512,1,2229935,6.471683685074911,3176
3008513,0,2229955,21.19595971092305,14635
3008514,1,2229965,59.203959632799666,15323
3008515,0,2230011,15.568467782148884,6294
3008516,1,2230441,133.53070394237926,14117
3008517,0,2230688,7.170903232408617,4437
3008518,1,2230810,64.89577694766687,5411
3008519,0,2230947,20.93056191952539,9461
3008520,0,2231019,6.33305341178261,3423
3008521,1,2231607,46.029612002416265,1202
3008522,0,2232033,36.48370214006232,16731
3008523,0,2232180,13.703418163017483,2067
3008524,0,2232277,75.72118044124227,8851
3008525,1,2232279,200.7903721391564,13188
3008526,0,2232923,28.45537973203454,8896
3008527,0,2233517,140.83625261430913,7162
3008528,1,2233753,15.90976621697797,2498
3008529,1,2233902,38.73798018912796,2892
3008530,0,2234168,57.67502148145468,14489
3008531,0,2234451,81.82815890640866,10688
3008532,0,2234533,37.526218233211466,4992
3008533,0,2234637,14.534596684144176,9431
3008534,1,2235145,10.853616308431508,1269
3008535,0,2235553,14.660406592470526,11135
3008536,0,2235554,14.269252416102676,3014
3008537,0,2235606,52.983336314061745,5933
3008538,0,2235665,5.5279575913442525,15591
3008539,0,2235718,13.811448760841898,16769
3008540,1,2236077,61.50940547767778,11139
3008541,0,2236664,9.164586557572854,1214
3008542,0,2236681,92.51693201776543,16406
3008543,0,2236803,0.13265745145510577,14268
3008544,1,2237296,41.250336058225884,7030
3008545,0,2237399,14.169006566482995,6848
3008546,0,2237399,23.761925525453872,8778
3008547,1,2237488,56.85959193920085,10124
3008548,1,2237590,13.54856796248789,11311
3008549,0,2237677,28.12721695315196,12420
3008550,0,2237680,49.23567988366996,5633
3008551,0,2237797,11.374030451738179,11532
3008552,1,2237919,47.055748099428975,3046
3008553,0,2238162,44.836072130272015,3645
3008554,1,2238509,30.60539336547728,12328
3008555,1,2238716,15.444241864534064,14829
3008556,1,2238750,0.021220332403889063,5005
3008557,1,2238899,2.186457993549249,9147
3008558,0,2239383,35.43877405880859,5641
3008559,0,2239689,135.58800164168002,11971
3008560,0,2239885,20.27533579017492,2103
3008561,0,2240321,16.047958019331933,2102
3008562,0,2240937,3.9270027800044383,6096
3008563,1,2241207,225.9994877452952,11157
3008564,0,2241867,17.720149035510648,7381
3008565,1,2241891,104.86059488806538,3415
3008566,0,2241957,60.99770384442182,13503
3008567,1,2242043,71.53230225823793,9704
3008568,1,2242443,33.20699528058471,2376
3008569,0,2242600,11.294435740812704,9713
3008570,0,2242809,23.044277127201525,10748
3008571,0,2242924,24.302295303813548,2751
3008572,0,2243201,4.647412540168986,10231
3008573,0,2243288,11.41259598262964,8193
3008574,1,2243294,55.768010090759155,16574
3008575,0,2243432,68.15291423339052,14284
3008576,1,2243456,18.847435525817342,2212
3008577,0,2243773,3.88947823676721,5517
3008578,0,2243874,3.7398025593456765,6608
3008579,0,2243943,15.328244645405759,4489
3008580,0,2243992,16.48691660488045,8084
3008581,0,2244338,40.076074353270556,17000
3008582,1,2244391,39.649762662768104,4614
3008583,0,2245145,15.997184094015363,12410
3008584,0,2245157,87.7444180916763,16126
3008585,0,2245170,3.746925625539198,3781
3008586,1,2245308,221.31032264637557,16293
3008587,0,2245321,61.46402795717141,15697
3008588,0,2245466,77.92097063689059,9650
3008589,0,2245912,42.284481400219015,16653
3008590,1,2246375,94.11626626873633,8916
3008591,1,2246518,27.361886600288056,8865
3008592,1,2246803,126.95905804336338,8139
3008593,1,2246951,168.7573499224666,7289
3008594,0,2247150,43.86738898956118,16545
3008595,1,2247897,52.18427053737832,10165
3008596,1,2247961,57.298827433424,17793
3008597,0,2248230,47.13436973398644,8621
3008598,0,2248395,153.7083321139065,6464
3008599,1,2248681,199.84682712366362,12016
3008600,1,2249065,79.69949872477652,12278
3008601,0,2249502,53.78478957985446,7295
3008602,0,2249546,30.749190183276156,17963
3008603,1,2249643,206.28945941725482,2170
3008604,0,2249651,9.686612742451752,4567
3008605,0,2249837,141.21475376336244,13537
3008606,0,2250033,19.30540584227082,8065
3008607,1,2250095,11.227716258029846,6949
3008608,1,2250165,44.64560398167532,3671
3008609,1,2250227,32.11321088536159,14936
3008610,1,2250303,6.08022409180997,4463
3008611,0,2250808,20.691809404661925,10813
3008612,0,2251108,52.188451905277,8716
3008613,0,2252200,10.993502952226143,13334
3008614,0,2252429,62.25872511511383,3456
3008615,1,2252921,49.61709060494038,14150
3008616,0,2252968,5.828970306931561,16640
3008617,0,2253071,45.302476805729626,1660
3008618,0,2253211,14.962190348772971,15330
3008619,0,2254172,7.730599893345762,10779
3008620,0,2254297,28.22772080466422,4763
3008621,1,2254975,95.49075191278918,6400
3008622,0,2255021,68.69940489100503,3860
3008623,0,2255174,8.927292124371558,4220
3008624,0,2255276,18.74381088232189,13945
3008625,0,2255445,64.66660124820136,2969
3008626,0,2255464,24.603735934536694,12199
3008627,1,2255930,70.70679738274906,11696
3008628,0,2256223,45.93246180242424,12576
3008629,0,2256475,22.818533038012664,17975
3008630,0,2256564,32.87911816243592,12863
3008631,1,2257421,14.279181314876269,14021
3008632,0,2257795,39.772196449116656,8156
3008633,0,2258267,59.71454611005388,15918
3008634,0,2258345,34.99289368312993,5630
3008635,1,2258709,56.51648065638935,10981
3008636,0,2258762,92.14934353830145,5447
3008637,0,2259229,39.834636177595044,14258
3008638,0,2259338,1.2665459165847701,11653
3008639,1,2259491,6.17977869542837,7764
3008640,0,2259704,30.258881473341187,16332
3008641,0,2259882,43.88624724453328,2368
3008642,0,2260500,25.056559566031954,13836
3008643,0,2260644,97.22803170801578,10970
3008644,0,2260973,54.19644059949685,16145
3008645,0,2261045,52.65945131638951,15058
3008646,1,2261084,5.022158653466523,5621
3008647,1,2261122,122.78804477579048,17193
3008648,0,2262132,4.087747761095426,11953
3008649,0,2262317,8.74231017575506,3507
3008650,0,2262700,11.028629727564258,2422
3008651,1,2262717,17.83086506588251,10949
3008652,1,2263048,60.82786375345438,4597
3008653,0,2263429,53.29311457507912,1139
3008654,0,2263888,70.23443758467313,13222
3008655,0,2263969,38.294792274056135,16858
3008656,0,2264161,68.1784646005564,16081
3008657,1,2264486,225.6448629587906,13704
3008658,0,2264566,67.26276371671126,4811
3008659,0,2264584,59.37424219021039,12619
3008660,0,2264866,11.44625565121403,10225
3008661,0,2264983,116.25510750102941,1901
3008662,0,2265711,13.163792070161213,13625
3008663,1,2266154,25.40005157399009,7749
3008664,0,2266918,10.026127965249222,4672
3008665,1,2267209,78.96521092523012,16798
3008666,0,2267210,34.1602147654456,1915
3008667,0,2267923,10.139087483963067,1016
3008668,0,2268256,62.344352392434374,11880
3008669,0,2268355,15.317716118699712,12712
3008670,1,2268413,113.98444958848692,16416
3008671,1,2268779,6.391805091610257,5939
3008672,0,2268784,46.66998995037222,5025
3008673,1,2269175,6.608469495576882,4220
3008674,0,2269971,7.585527199176817,4105
3008675,0,2270123,89.88209422233734,1264
3008676,1,2270518,56.802226653664455,12620
3008677,0,2270521,46.31211461181485,4243
3008678,1,2270650,24.103431842761054,8975
3008679,0,2270674,1.0510711813623514,14325
3008680,0,2271200,20.47123097915355,5093
3008681,0,2271361,29.830578200699563,2134
3008682,0,2271583,43.59933832956543,9031
3008683,0,2272445,11.320098249170622,6686
3008684,1,2272550,6.9634336330093065,3921
3008685,0,2273048,22.211858822167855,10886
3008686,0,2273085,17.52429752735152,2936
3008687,0,2273099,10.609488851657389,13409
3008688,1,2273995,49.59510662490488,9074
3008689,1,2274136,81.2860873143875,11064
3008690,0,2274466,0.6174236793961572,5726
3008691,0,2274527,28.43688685894193,4531
3008692,0,2275025,19.24934728164738,10300
3008693,0,2275287,24.70049053410575,2662
3008694,1,2276058,39.50595263982424,9671
3008695,0,2276119,22.208284616862944,15790
3008696,0,2276434,29.028141510181666,12377
3008697,0,2276733,58.58955851016242,3977
3008698,1,2276816,9.095377791847229,16091
3008699,0,2277196,29.59514945481368,2022
3008700,0,2278413,35.0280451419915,5570
3008701,0,2278665,1.3339160194120292,11477
3008702,0,2278894,8.645309288246619,6468
3008703,1,2279009,16.905168883868434,13846
3008704,0,2279204,207.50794449408104,7278
3008705,0,2279245,36.354772655124066,8079
3008706,0,2279598,82.89387118972381,8447
3008707,0,2279623,21.16369183226661,8528
3008708,0,2279842,94.60758682645822,8893
3008709,0,2280668,162.0579885957564,2659
3008710,0,2281304,2.614877398393068,6791
3008711,1,2281374,103.55013409170614,14867
3008712,1,2281700,132.26218976901532,10788
3008713,0,2282332,17.391328292296095,12853
3008714,0,2283181,13.687221630031859,11072
3008715,0,2283652,3.90989072141945,16949
3008716,0,2283760,100.50586473120956,11081
3008717,1,2283946,201.0701967394656,15684
3008718,0,2284068,47.65331744415994,3518
3008719,0,2284448,25.294091971667232,14975
3008720,0,2284510,22.704878116579614,7034
3008721,0,2284556,36.49158136168683,6902
3008722,0,2284952,7.700140450317535,4991
3008723,0,2285011,7.4296227839365665,14572
3008724,1,2285292,10.076617559665364,3818
3008725,0,2285743,3.2639929452474896,16535
3008726,0,2285760,37.99744536632351,6188
3008727,1,2286128,22.052793247602096,14452
3008728,0,2286570,69.84816816868319,9467
3008729,0,2286603,8.711712601697815,1185
3008730,0,2286686,40.05328850778271,1952
3008731,1,2286879,33.293181438919675,12402
3008732,1,2286957,31.265044226755695,4667
3008733,0,2287164,12.783595063555298,15765
3008734,0,2287278,19.691316166835712,14278
3008735,0,2287376,45.629625177698124,2768
3008736,1,2287413,2.8839468957870382,8092
3008737,0,2287451,36.895209076605404,4334
3008738,1,2287565,53.60115623532727,8671
3008739,0,2287696,40.34060290867826,5707
3008740,0,2287914,0.40189035386299377,8867
3008741,0,2288277,179.6799581710689,11438
3008742,0,2288359,59.460337681583,14580
3008743,0,2288654,12.962084198021392,9852
3008744,1,2288703,2.937650805729549,7838
3008745,0,2288920,76.85596801909979,11667
3008746,0,2288991,54.002294469442326,7248
3008747,0,2289244,36.36593539448986,12013
3008748,0,2289311,13.041573050244349,1415
3008749,1,2289574,95.11541448332551,12013
3008750,0,2290064,38.54026183972514,8248
3008751,1,2290528,143.56984789468476,17474
3008752,0,2290800,14.4502483445823,9533
3008753,0,2291757,1.7164856676919737,14928
3008754,0,2291995,46.39440598047592,5163
3008755,0,2292011,48.151186394586695,12112
3008756,1,2292333,35.55990882800458,1237
3008757,0,2292520,16.870100202876145,17187
3008758,0,2292589,152.45627925776697,9520
3008759,0,2292950,5.9397437425053585,14893
3008760,1,2293033,200.6232322748365,14334
3008761,0,2293361,18.83107956198476,2701
3008762,1,2293443,20.91050400928939,6227
3008763,1,2293534,6.324107100819994,2482
3008764,0,2293584,62.06005871768983,5723
3008765,0,2294121,14.783980266212005,11739
3008766,0,2294151,8.089229567670913,17422
3008767,1,2294305,12.550167158809844,12376
3008768,0,2294804,20.46571404879415,14345
3008769,0,2294877,64.09290299245227,1635
3008770,0,2294975,23.464994510394565,5123
3008771,1,2295071,186.310783939298,16018
3008772,0,2295075,9.51441232611125,12133
3008773,1,2295414,7.196127878276558,5334
3008774,0,2295640,24.891399862477897,11919
3008775,1,2295846,10.793050078487948,3645
3008776,0,2296262,36.71153627225564,4036
3008777,1,2296367,72.06619910101955,1356
3008778,1,2296423,136.09914001880492,13711
3008779,0,2296679,28.052961738495437,12318
3008780,1,2297151,46.39306987440313,14666
3008781,1,2297243,3.7176555968069405,5555
3008782,0,2297376,14.691645180082574,3534
3008783,0,2297944,1.89958170670339,14989
3008784,0,2298416,17.995653575110804,2814
3008785,0,2298427,23.368486253442004,1334
3008786,1,2298445,129.17393462379394,10916
3008787,1,2298571,40.054456928980336,7968
3008788,1,2298572,43.78958273952559,16938
3008789,1,2298712,59.882967432253565,10871
3008790,0,2298723,111.47761296015351,11443
3008791,0,2299180,18.873687990381338,11875
3008792,1,2299210,64.0096384370085,14109
3008793,1,2299356,15.30300214756681,8566
3008794,0,2299399,10.043938634469905,16277
3008795,0,2299600,73.95648897413245,9099
3008796,1,2299727,24.675213786743775,8524
3008797,0,2300402,53.467858460835096,4290
3008798,0,2300462,2.7863654733314354,6522
3008799,0,2300887,42.083987765928114,1226
3008800,0,2301058,4.70699997190856,1598
3008801,1,2301130,35.54562364104415,1247
3008802,1,2301151,128.00771947692542,1346
3008803,0,2301248,34.10340500531298,5089
3008804,1,2301337,21.894086966963584,15149
3008805,0,2301403,22.016212725573432,16576
3008806,0,2302021,35.239050150163436,6240
3008807,0,2302350,125.8019309163814,16171
3008808,1,2302410,183.1615025673574,5633
3008809,0,2302614,18.850311591064894,1650
3008810,0,2302728,33.83290716539478,1256
3008811,0,2303471,5.558801843641124,1339
3008812,1,2303491,230.38112503637294,11051
3008813,0,2303591,19.557170865808487,5917
3008814,0,2303776,72.72617692753306,1690
3008815,1,2303921,80.5680630285021,14441
3008816,0,2304074,10.853284945642505,4056
3008817,1,2304154,106.15863171233275,11736
3008818,0,2304254,6.994521775581938,3464
3008819,0,2305472,12.468626652792727,6154
3008820,0,2305620,118.17445041989568,3734
3008821,0,2305644,216.69748527041506,12692
3008822,1,2305671,29.303447886602786,4864
3008823,0,2305867,50.26422506458438,7755
3008824,1,2306042,158.1833481814642,1191
3008825,0,2306151,45.47672483323465,16037
3008826,0,2306365,36.73203810619445,3352
3008827,0,2306607,30.920408189791026,9028
3008828,0,2307319,13.234451521087239,3172
3008829,0,2307898,110.58420518540551,7732
3008830,0,2308118,73.15753884167766,13161
3008831,1,2308318,64.79394078801245,11492
3008832,1,2308722,29.577546996843047,2852
3008833,0,2308946,12.976589779435141,1451
3008834,1,2309186,119.21477049405802,8663
3008835,1,2309292,22.011573970801273,7155
3008836,0,2309378,43.10744449585083,17766
3008837,0,2309576,35.880274702788576,12149
3008838,0,2310136,22.79419402040222,7066
3008839,0,2310204,14.54902743589088,9662
3008840,0,2310253,68.41321720725296,3070
3008841,1,2310869,75.41859787595232,9992
3008842,1,2311222,57.59769928404054,7207
3008843,1,2311756,6.655208830863237,16709
3008844,0,2311924,151.20701590513036,1965
3008845,1,2312050,105.31373448239185,11640
3008846,1,2312147,18.741722855902726,14861
3008847,0,2312148,11.059860555960203,7198
3008848,0,2312276,42.791167513828924,3752
3008849,1,2312606,93.5952641975037,10391
3008850,1,2312669,60.93065150577019,17365
3008851,0,2313131,9.380687055144893,6721
3008852,0,2313204,37.202170039389074,7563
3008853,0,2313306,49.89026864690172,2165
3008854,0,2313348,82.38246140282833,8490
3008855,0,2313394,128.05510872994915,7043
3008856,1,2313405,145.5221256789305,16549
3008857,1,2313845,45.96316281285359,1637
3008858,0,2313934,10.34860203711886,1983
3008859,1,2314104,164.33927094295498,4812
3008860,1,2314250,150.67176262839558,1937
3008861,0,2315450,75.53082364803623,11104
3008862,0,2315454,9.792580734272613,15912
3008863,1,2315704,29.778628731878353,7276
3008864,0,2316025,20.200956237256413,10218
3008865,0,2316111,11.48390382940239,2193
3008866,0,2316339,55.03212411971735,3059
3008867,0,2316627,24.787324103294406,17078
3008868,0,2316644,89.04950295435528,3586
3008869,0,2316856,110.21952534906296,11767
3008870,0,2316868,36.51643146888545,3805
3008871,1,2317155,186.70489292752922,7922
3008872,0,2317275,2.6745050787220235,1314
3008873,0,2317517,3.8524316641406884,14469
3008874,1,2317534,159.40776413729324,8770
3008875,0,2317625,30.493066684131726,4046
3008876,1,2317896,53.74572473692629,7826
3008877,0,2318379,32.50072935256365,17658
3008878,0,2318508,9.778002272346724,7251
3008879,0,2319133,190.5363564746796,9963
3008880,0,2319267,78.72357300815041,1060
3008881,0,2319789,31.86380363993575,3630
3008882,1,2319855,215.290440815038,5148
3008883,0,2319913,33.98151333393727,4528
3008884,0,2319968,36.59946242013647,2249
3008885,0,2320019,18.46424423697788,16651
3008886,1,2320288,79.59094391815583,5091
3008887,0,2320319,153.7831564473837,13963
3008888,1,2320352,136.0986469604913,17019
3008889,1,2320529,8.466904784655279,11682
3008890,0,2321406,58.209971697927585,7082
3008891,1,2321412,47.96566568625041,13587
3008892,0,2322235,4.41851757548212,1364
3008893,0,2322478,8.496359011142312,5955
3008894,0,2322932,34.6508641809928,10932
3008895,1,2323511,167.59639446244714,16510
3008896,1,2323709,124.56369559239305,16149
3008897,0,2324568,48.3926189985631,5957
3008898,1,2324639,141.1601165752397,12461
3008899,1,2324974,72.28305128054153,12171
3008900,1,2324989,92.8956904308616,8350
3008901,0,2325001,1.0714081378790148,6328
3008902,0,2325115,55.39199789267574,1993
3008903,1,2325730,21.848685681086522,3384
3008904,0,2325884,9.164148776787288,7594
3008905,1,2325910,128.92917562152192,8096
3008906,0,2326053,79.09276145538125,8766
3008907,0,2326525,49.20051161788514,16718
3008908,1,2326676,212.04984564909313,1325
3008909,0,2326875,2.024859376693792,5920
3008910,0,2326880,0.19559812420176081,17136
3008911,1,2327465,102.0741593550605,1883
3008912,0,2327653,48.1744164262942,9775
3008913,0,2328063,32.24171085412797,16634
3008914,0,2328427,48.05143845554557,6612
3008915,1,2328430,174.3193242986606,16562
3008916,1,2329325,0.5723909738125067,2449
3008917,1,2329901,5.439879612535048,4503
3008918,0,2330353,46.93483997705017,15956
3008919,1,2330398,135.74896811122704,11845
3008920,1,2330533,29.611133731411883,1112
3008921,0,2330584,19.442342745814926,4049
3008922,1,2330922,97.03547083515345,6813
3008923,0,2331051,184.5181187470496,14710
3008924,0,2331115,13.71166588364215,10072
3008925,1,2331241,0.5045607012059593,14705
3008926,0,2332111,39.74190497615909,10385
3008927,1,2332169,135.9117322114016,13003
3008928,0,2332365,65.93265288051639,8321
3008929,0,2332870,68.06839445863048,4790
3008930,1,2333127,31.49307938149898,7468
3008931,0,2333230,14.447945053956172,8328
3008932,0,2333860,79.93959954095388,6887
3008933,0,2334328,9.047216432237656,12563
3008934,1,2334643,254.2596456856177,13762
3008935,1,2334838,28.858283616191628,6842
3008936,1,2335055,40.43288497485415,11481
3008937,0,2335157,22.758678188350395,4570
3008938,0,2335404,40.03571330253612,7722
3008939,0,2335478,14.921025181051187,11716
3008940,0,2335548,36.91596998450769,5642
3008941,0,2335650,90.40024980581069,6881
3008942,1,2335760,111.8774097445417,5905
3008943,0,2336265,5.2834477485649245,4252
3008944,0,2336594,20.066686584173173,13424
3008945,1,2336854,67.80917132976163,8126
3008946,1,2336914,100.30095932352204,5636
3008947,0,2337163,19.3253364182438,10475
3008948,0,2337222,132.5505046851526,3300
3008949,1,2337259,27.68559817868516,14370
3008950,0,2337618,3.574185889476284,3783
3008951,0,2337743,46.9764447841547,17096
3008952,0,2338276,16.94065684051468,2829
3008953,0,2338672,18.1831163161787,17297
3008954,1,2338761,187.9181280291017,5116
3008955,0,2339157,16.17557028949547,12858
3008956,1,2339303,89.43420828159883,10898
3008957,0,2340713,2.308235118057426,4810
3008958,1,2340952,49.293842417767685,5807
3008959,0,2341027,7.3353794805286965,3070
3008960,0,2341486,6.285174663475559,14819
3008961,0,2341608,38.76373766119592,13161
3008962,0,2342232,65.0780338176539,12271
3008963,0,2342293,11.94049589168321,15152
3008964,0,2342675,22.534904550159943,14332
3008965,0,2342689,52.38267634366177,14226
3008966,0,2343309,6.830666791922889,7220
3008967,1,2343705,160.09355352795188,10006
3008968,1,2343910,46.33510355620224,1921
3008969,0,2344219,19.88040548686632,15577
3008970,1,2344946,76.27153280319938,16400
3008971,0,2345054,38.583993950284544,7934
3008972,0,2345209,27.457000990782614,7187
3008973,1,2345277,166.0988985110349,11265
3008974,0,2345469,121.72611913665656,4249
3008975,0,2345560,22.55541096999526,16184
3008976,0,2346181,41.14143344819347,4883
3008977,1,2346861,18.064954297618037,3700
3008978,0,2347156,50.788158674554,10707
3008979,0,2347289,21.484833069049014,8941
3008980,0,2347370,33.905218823649754,8533
3008981,0,2347900,75.49482194535017,11771
3008982,0,2347966,22.9010533907123,13525
3008983,0,2347979,8.887888842509296,2338
3008984,0,2348378,20.3583059095434,12235
3008985,0,2348694,160.26190869474698,15223
3008986,1,2349520,28.170565573668277,11728
3008987,1,2349535,112.58485781642906,12690
3008988,1,2349543,139.84187430877165,4220
3008989,0,2349830,84.4219489736172,4178
3008990,0,2350013,1.4291364803356637,2073
3008991,1,2350391,62.95297155802818,8255
3008992,0,2350462,151.42423697092727,5771
3008993,1,2350479,98.80690806145526,1865
3008994,0,2350818,29.09419908288566,8883
3008995,0,2350954,6.718286555286132,11227
3008996,0,2351089,15.340138806207504,4905
3008997,0,2351767,24.95423915575698,16074
3008998,0,2351824,24.43531349226232,13168
3008999,0,2351870,2.6647279263818744,3766
3009000,0,2352163,36.331108280333545,15598
3009001,0,2352584,53.009722293578676,7200
3009002,0,2352688,43.82840641532849,5975
3009003,0,2352706,50.25470210681654,16120
3009004,0,2353348,16.41983589868938,6169
3009005,0,2353586,18.63469572153976,7287
3009006,0,2353653,94.27582832370265,10301
3009007,0,2353759,59.70330032294127,16044
3009008,0,2354466,25.573650364278777,6738
3009009,0,2354487,18.519371932598673,14770
3009010,0,2354715,101.7837155415183,14955
3009011,1,2354783,166.7487740431123,15878
3009012,1,2354940,223.9357171253442,15792
3009013,0,2355032,13.768558498179818,17491
3009014,0,2355084,13.81046875968153,6835
3009015,0,2355340,1.6542041025906993,13598
3009016,0,2355482,14.9908980231489,7903
3009017,1,2355642,34.43493768585722,11692
3009018,0,2356374,134.12276546982034,7086
3009019,0,2356405,18.50570348835321,12526
3009020,1,2356429,58.65066057794586,9839
3009021,0,2356474,156.42187708799412,10722
3009022,1,2356539,13.03852535345928,14947
3009023,0,2356910,101.53117342709001,7376
3009024,1,2357228,134.9778454641911,13953
3009025,0,2357259,106.09606279167897,3973
3009026,0,2357710,20.466250388611986,1202
3009027,0,2357926,168.7341046623934,7409
3009028,1,2358024,66.07016153977655,2963
3009029,1,2358299,63.63484974087721,5368
3009030,0,2358733,75.47084986690591,3646
3009031,0,2359185,18.202415205265943,6317
3009032,0,2359399,0.8110328337007194,3693
3009033,0,2359484,47.72346231363972,17972
3009034,0,2359817,34.517040642698845,12044
3009035,1,2360075,93.19557509219275,6585
3009036,0,2360175,29.46559941076966,7367
3009037,0,2360472,77.7788451870984,2779
3009038,0,2360604,1.3654640531776623,10952
3009039,0,2360648,12.206757256912201,3095
3009040,0,2360847,74.57050009292597,7310
3009041,0,2360909,53.84698274555855,5101
3009042,0,2361213,43.94309814565495,3978
3009043,1,2361238,49.4506064472998,2045
3009044,0,2361584,38.69435821923923,14403
3009045,0,2361787,8.77022629255488,4799
3009046,0,2361853,19.59283380759283,10576
3009047,0,2362022,11.873876065780365,8401
3009048,0,2362193,21.95489213022644,7154
3009049,0,2362369,10.9946933743596,8464
3009050,0,2362424,8.369067149196951,5686
3009051,0,2362559,7.328472796019818,2050
3009052,0,2363114,97.58825973801892,16870
3009053,1,2363363,45.37189691477788,6503
3009054,1,2363441,73.23715491694107,9154
3009055,0,2363625,8.291289963784777,8961
3009056,1,2363634,187.92509307491713,15003
3009057,1,2363887,16.555015306795216,7315
3009058,1,2364107,45.82345247032365,4356
3009059,0,2364116,14.79239564624922,2057
3009060,0,2364205,21.58776245458102,7778
3009061,0,2364345,1.9454255984313913,11539
3009062,0,2364597,1.9967739294966271,11281
3009063,0,2364657,38.328220367540524,12114
3009064,1,2364960,39.09416040357434,9507
3009065,0,2365417,18.983560912654617,7739
3009066,0,2365603,143.76415461038238,2756
3009067,0,2365851,13.858837754625725,13405
3009068,0,2365882,95.32040151603685,6927
3009069,0,2366313,6.9121264091347845,7206
3009070,0,2366341,11.23713961711351,2909
3009071,0,2366605,18.930314960065324,1808
3009072,0,2366632,11.160513740172167,14794
3009073,1,2367187,78.80694513612941,17594
3009074,0,2367779,0.16700631998881632,5363
3009075,1,2367794,25.1773534566247,12919
3009076,1,2367950,241.27017263280734,1617
3009077,0,2368348,2.868437134270795,7892
3009078,1,2369912,24.337237369852176,2699
3009079,0,2370077,12.858406771117739,16217
3009080,0,2370104,35.95209349092062,16132
3009081,1,2370503,119.80378668374625,1627
3009082,0,2370563,119.3038753325152,17710
3009083,0,2370572,27.56305537353435,3671
3009084,1,2370929,134.92393718502004,9560
3009085,0,2371054,75.03593781345174,13997
3009086,1,2371333,213.43184168060895,13995
3009087,0,2371612,72.92942402417604,4418
3009088,0,2371986,4.411698659350096,13896
3009089,1,2372882,63.44001199157619,3388
3009090,0,2372888,67.98626860157029,15932
3009091,0,2372917,105.1499234001782,1750
3009092,0,2372959,39.391716593482855,16460
3009093,0,2373143,103.1013427693412,10255
3009094,1,2373364,25.004498004185677,13344
3009095,0,2373456,7.4064022938853755,13625
3009096,0,2373491,4.281348355275692,6996
3009097,0,2374179,48.0416974504296,10303
3009098,1,2374298,77.49228695784421,9103
3009099,1,2374372,176.86115150314833,14242
3009100,0,2374427,128.27824552634496,7800
3009101,0,2374495,26.315903165765025,7900
3009102,0,2374782,45.73312318162149,6905
3009103,0,2376550,8.563372363655912,5389
3009104,1,2376873,55.85707322966673,16487
3009105,0,2377228,58.3507739019853,14410
3009106,1,2377435,128.94957712968585,2940
3009107,0,2377656,21.00485137499365,5839
3009108,0,2377838,402.88426694208977,11714
3009109,1,2378172,59.278257128880064,6095
3009110,1,2378244,12.453111515507551,9382
3009111,0,2378368,25.970556971214737,12171
3009112,0,2378627,5.815574583144425,7919
3009113,1,2379072,4.3604406483325215,1196
3009114,0,2379214,6.989033950915912,3185
3009115,1,2379251,32.46762454905711,5842
3009116,0,2379470,47.737399075958386,8313
3009117,0,2379692,4.484672710594148,13632
3009118,1,2379794,49.64309283211082,3325
3009119,0,2380174,9.793494972747267,11201
3009120,0,2380204,47.265399769670545,7521
3009121,0,2380208,6.436876629811302,2765
3009122,0,2380508,54.52559826198925,1497
3009123,1,2381702,118.32498046702314,4277
3009124,1,2382080,26.474521877783502,11817
3009125,0,2382163,11.444645710415298,5328
3009126,1,2382383,79.16949707358467,17052
3009127,0,2382453,109.31219529407991,13140
3009128,0,2382490,37.882260068419214,9787
3009129,0,2382585,19.703203055351764,14943
3009130,0,2382820,22.14886012842966,10157
3009131,0,2382971,193.59676102744697,10482
3009132,0,2383032,78.62654384954718,1897
3009133,0,2384245,5.382399243569299,5105
3009134,0,2384493,33.2660716535889,7041
3009135,0,2384568,11.877791403452942,10211
3009136,0,2384714,28.134801797098426,12775
3009137,1,2384902,2.961773469470213,16387
3009138,0,2385065,9.437696904071649,16734
3009139,0,2385286,54.39932933728569,17485
3009140,1,2385621,98.92528680847532,14800
3009141,0,2385720,13.335657812911473,13290
3009142,1,2385830,28.892825065869776,9197
3009143,1,2386050,101.48196656762632,5028
3009144,1,2386390,50.82054356933031,8683
3009145,1,2386528,39.251070688965214,6697
3009146,0,2386576,131.65908572863802,11636
3009147,0,2386838,20.478853984771415,5705
3009148,0,2386997,9.095268615358536,7626
3009149,1,2387293,12.66645172586319,8861
3009150,0,2387323,25.03479610708437,11664
3009151,1,2387414,16.750461278919463,11979
3009152,0,2387624,95.56340113739317,6755
3009153,1,2387759,151.1285620439963,9893
3009154,1,2387776,8.037690046808763,13042
3009155,1,2388326,58.435777220731055,12411
3009156,1,2388366,125.46520038494597,4609
3009157,0,2388492,63.68721374507879,9310
3009158,0,2388516,36.42579802403047,5106
3009159,0,2388778,37.57831861625361,15934
3009160,0,2388904,7.6251516165344935,7471
3009161,1,2389135,34.17718497625488,16398
3009162,0,2389404,21.141432259481164,12858
3009163,1,2389835,9.754928178400817,1119
3009164,1,2390000,17.202213328420434,6225
3009165,1,2390002,13.589736713144598,15180
3009166,0,2390058,44.91971221947523,4287
3009167,0,2390445,46.247500193188245,9123
3009168,0,2390462,51.963333651150144,4627
3009169,0,2390638,4.567024804987324,12563
3009170,1,2390881,193.80063376406628,15134
3009171,1,2390976,194.7549180580309,1310
3009172,1,2391088,21.094812743881906,9163
3009173,0,2391255,91.4636907368331,8077
3009174,1,2391542,80.26744997439165,11735
3009175,0,2392075,38.464600904308064,9583
3009176,0,2392150,6.42234108947939,16319
3009177,0,2392281,19.0520625945734,3662
3009178,0,2392509,22.9408469500255,12110
3009179,0,2392805,1.682383783353856,11810
3009180,1,2393154,63.784494349846256,3291
3009181,1,2393173,30.937236482238163,5622
3009182,0,2393250,3.879090693371492,7201
3009183,0,2393357,62.10443946314286,5829
3009184,1,2393389,1.0010484181530734,14240
3009185,1,2393997,136.49242133109536,6557
3009186,0,2393997,179.45672044020662,12455
3009187,0,2394111,54.602796315108435,12925
3009188,0,2394196,12.702907542059453,5959
3009189,0,2394654,104.7440969294562,9533
3009190,1,2395067,113.90294767678049,7334
3009191,0,2395075,116.67236672355355,11548
3009192,0,2395092,19.393207161107227,15835
3009193,1,2395241,14.96950528229815,7652
3009194,1,2395252,85.05673174493612,9345
3009195,0,2395282,130.51703800564468,10427
3009196,1,2395844,140.803595877316,15652
3009197,0,2395894,86.76535824031475,3248
3009198,0,2396143,115.5964145461732,17397
3009199,0,2396471,2.68361171540801,16002
3009200,0,2396630,4.1033829953673076,1702
3009201,0,2396720,153.0294585161268,6094
3009202,0,2396913,79.41038548790324,3796
3009203,1,2397037,29.912798358791274,16683
3009204,1,2397055,8.499556300366468,8978
3009205,0,2397268,6.82432226652084,5648
3009206,0,2397276,7.735997988943513,3564
3009207,0,2397477,44.441019177763295,2666
3009208,0,2397603,11.530537576008507,11100
3009209,1,2397674,85.38100938834066,8496
3009210,0,2397922,10.857931010849759,5411
3009211,0,2398209,10.322607165017168,4193
3009212,0,2398771,31.61227455914741,8749
3009213,0,2399053,43.76979067690093,2664
3009214,0,2399313,8.893859604758136,5258
3009215,0,2399356,3.536375856498555,14619
3009216,1,2399657,106.21795471970248,13931
3009217,0,2399800,56.503422921738846,15942
3009218,1,2400023,24.137829856704514,8477
3009219,1,2400080,84.3707726301065,8276
3009220,0,2400290,74.74812330263596,3143
3009221,0,2400595,3.3259147635799886,8291
3009222,0,2400663,165.21725834108295,7268
3009223,0,2400750,169.63878622636764,3537
3009224,0,2400769,19.03079930704329,3112
3009225,0,2400793,26.12986281401235,2731
3009226,0,2401361,25.226356674520744,4305
3009227,0,2401571,18.049670208450117,8333
3009228,0,2401742,238.28623459114885,2045
3009229,0,2401988,65.02100100116922,1582
3009230,0,2402191,5.413538985239349,9305
3009231,0,2402687,20.73530150585045,15180
3009232,0,2403069,24.210770859552063,14143
3009233,0,2403148,2.227304953458303,6209
3009234,0,2403232,31.806993983054287,3488
3009235,1,2403628,12.193577056767852,13548
3009236,0,2403642,20.280688329365837,10251
3009237,0,2404343,12.17813377956377,2316
3009238,1,2405365,1.6381379349516538,8880
3009239,1,2405544,48.13655102084862,6383
3009240,1,2405684,12.13252680045115,11747
3009241,0,2405701,19.9521156366476,7160
3009242,0,2405798,71.30169952992519,10055
3009243,0,2406135,71.20630813193365,8835
3009244,0,2406444,78.30110766379906,5974
3009245,0,2406821,86.03378617091904,5903
3009246,1,2406869,129.81714658657887,14105
3009247,0,2407615,67.45514175328081,15493
3009248,0,2407750,107.73284190686023,4337
3009249,0,2407788,38.443895652249935,4826
3009250,0,2408005,8.91488990327513,1433
3009251,0,2409132,200.77657103803196,5100
3009252,1,2409666,36.638279564246844,8706
3009253,0,2409839,8.442989901671005,11547
3009254,0,2410234,14.821950062961431,4800
3009255,1,2410596,29.17603853653505,9199
3009256,0,2410620,22.341685773987997,15106
3009257,1,2411053,30.683188650141922,13673
3009258,0,2411086,112.15746284815495,13799
3009259,0,2411789,53.966682091606,5281
3009260,0,2412267,6.626433348428113,3610
3009261,0,2412581,36.04218323276333,11501
3009262,0,2412598,34.56286666550518,16715
3009263,1,2412627,21.52988280660675,3883
3009264,1,2412854,15.078844279306095,14251
3009265,1,2413258,63.07384947292434,11523
3009266,0,2413319,48.78371627611928,4932
3009267,1,2413495,181.20517205536564,3945
3009268,1,2413850,131.20979546962621,2706
3009269,1,2413853,35.67346489134511,10452
3009270,0,2414665,3.8233086945385937,2422
3009271,1,2414775,69.758448192311,5214
3009272,1,2415174,82.37990471938423,17378
3009273,0,2415277,15.01252106215007,12391
3009274,0,2415387,2.8760590588532993,6955
3009275,0,2415699,36.074909866213126,10872
3009276,0,2415713,3.713521565658488,15078
3009277,0,2416059,22.3197305167448,8024
3009278,0,2416184,44.091492979977176,11120
3009279,1,2416648,2.006536196017478,8754
3009280,0,2416947,85.5344385933333,14031
3009281,0,2417323,77.54756562001482,4989
3009282,0,2417588,96.02845931071758,8935
3009283,0,2417687,40.54252385165203,9607
3009284,0,2417902,83.37864171751336,16052
3009285,0,2418194,31.859698738585635,14112
3009286,0,2418371,70.56573891967895,13001
3009287,0,2418625,36.674571743370585,11342
3009288,0,2418696,24.000159568108458,10522
3009289,0,2418848,24.848250062222103,4476
3009290,0,2418929,17.11447732345634,16458
3009291,0,2419038,6.461469051405206,15995
3009292,1,2419090,60.684993584149794,14093
3009293,1,2419114,4.855135920037182,4196
3009294,1,2419230,57.82909090728492,12187
3009295,1,2420366,14.816385977077848,2591
3009296,0,2420512,50.96714449423205,7486
3009297,1,2420678,87.9961547723564,14362
3009298,0,2420755,29.477436503490022,15897
3009299,0,2420756,5.511155317744184,10720
3009300,0,2420785,8.516046812119848,16730
3009301,1,2421071,8.574615811741594,13285
3009302,1,2421102,233.7526244233136,11794
3009303,1,2421691,7.7203064651972975,11315
3009304,0,2421870,29.737004433298704,8782
3009305,0,2421948,80.53657766784251,11816
3009306,0,2421994,76.39137111470677,16510
3009307,0,2422147,5.285572213959129,16412
3009308,1,2422468,116.77926676730002,1735
3009309,0,2422623,10.754731367046832,10050
3009310,0,2423233,11.108165544596885,9930
3009311,0,2423325,122.30552171481237,4555
3009312,0,2423411,33.83400553171463,6876
3009313,0,2423532,7.065483847472335,4247
3009314,0,2423729,2.2896328310147087,9871
3009315,1,2423941,32.84757999502671,3509
3009316,0,2424130,21.528850671259782,2754
3009317,0,2424614,43.307193867215574,17824
3009318,1,2424695,99.72509288910385,13525
3009319,0,2424911,21.599491326081413,6867
3009320,1,2425155,90.01776864590994,17745
3009321,0,2425861,101.96959972538676,7574
3009322,0,2426182,196.47539103536812,8056
3009323,0,2426707,50.716096792834186,14927
3009324,0,2426873,18.675676831488772,8354
3009325,0,2427214,66.26192015429304,7410
3009326,1,2427768,34.74273495253429,16822
3009327,0,2427815,27.417975243689213,2861
3009328,0,2428108,2.890377697653277,8023
3009329,0,2428141,156.52414622188357,1060
3009330,0,2428203,20.39334732148603,5946
3009331,0,2428374,3.7257363314881387,17494
3009332,0,2428396,63.8100553522846,9272
3009333,0,2428692,76.97437472077581,13311
3009334,1,2429025,45.07903378954623,1349
3009335,0,2429069,14.593222886210253,9149
3009336,1,2429367,89.37605377352429,13191
3009337,0,2429381,2.3010256196185037,17032
3009338,1,2429476,53.030499093980055,6385
3009339,1,2429592,125.31009189331084,7020
3009340,0,2429593,76.49082033950958,12278
3009341,0,2429729,8.294839055430328,4630
3009342,1,2429934,32.0713624722357,14546
3009343,0,2430348,22.452173894373477,8873
3009344,0,2430535,26.054748183052418,9534
3009345,0,2430538,43.64986410477681,16556
3009346,0,2431200,40.53852304165507,14875
3009347,0,2431201,2.3996883742091484,17303
3009348,0,2431852,16.522737831461402,4578
3009349,1,2431933,15.055216213906572,11245
3009350,1,2431949,86.21072511583056,15264
3009351,0,2432163,42.979086125796734,14600
3009352,1,2432771,32.438499739809906,3547
3009353,0,2432927,20.884395945546537,4030
3009354,1,2433102,62.07924712931572,4320
3009355,0,2433357,21.7240679924437,1324
3009356,1,2433599,9.44275025261585,4111
3009357,1,2433775,172.61868573705274,1971
3009358,1,2433827,19.98532301098556,13087
3009359,0,2434007,41.82642250755579,14494
3009360,0,2434030,17.408384010746992,11676
3009361,1,2434111,89.85087745642434,9523
3009362,0,2434884,22.44075264969408,15566
3009363,0,2434899,20.134001995648738,13162
3009364,0,2435030,46.643883356343565,13322
3009365,1,2435468,205.7256734015569,1921
3009366,0,2435539,67.39595159636218,11606
3009367,0,2435913,48.24184591799201,13282
3009368,0,2436781,22.47083785700628,5712
3009369,1,2436782,36.82063283814166,11603
3009370,0,2436832,36.111109144252495,15008
3009371,0,2436969,15.28317937152246,7576
3009372,0,2436982,60.43306543608732,5777
3009373,0,2436988,174.53701564053256,14933
3009374,0,2437054,5.902731521408104,6340
3009375,1,2437262,57.056301340103374,15471
3009376,0,2437277,152.4188525993424,11787
3009377,1,2437426,3.6090248278338852,9822
3009378,0,2437694,197.3645691829376,9016
3009379,0,2437902,23.315082210105214,10376
3009380,0,2437952,95.83735370250182,5253
3009381,0,2438013,8.348684658996106,16320
3009382,1,2438427,8.785349144303444,12811
3009383,0,2439028,39.79355775061562,17853
3009384,0,2439353,29.951848222023397,2789
3009385,1,2439355,101.57724224190655,9205
3009386,0,2439449,100.68535445350622,8643
3009387,0,2439595,79.79031760205692,8974
3009388,0,2439613,25.965942644404794,6651
3009389,0,2439805,4.280798077942886,7956
3009390,0,2439879,31.321389677668364,1732
3009391,0,2440118,47.45070281457969,3236
3009392,0,2440197,52.42577492507496,9629
3009393,1,2440228,189.59486253743293,8916
3009394,0,2440575,66.75790589828003,15662
3009395,0,2440644,45.32711506283797,17371
3009396,0,2440823,71.53738902908829,10283
3009397,1,2440878,20.38600733735488,15350
3009398,0,2441046,16.945595987558097,2268
3009399,0,2441153,35.46042099087859,6684
3009400,0,2441670,165.65864884123533,12185
3009401,0,2441726,29.329076164547956,15627
3009402,1,2441839,129.33106930474156,6534
3009403,0,2442538,28.542382946051593,4243
3009404,0,2442759,6.09521478058958,2648
3009405,0,2442795,3.995918405210415,10991
3009406,0,2443082,6.088135369938734,16711
3009407,0,2443143,44.11845312843255,9582
3009408,1,2443290,40.96927479880919,9996
3009409,0,2443595,4.391471333993591,13759
3009410,0,2444378,23.472397761359627,2216
3009411,1,2445565,49.30043514534039,4966
3009412,0,2445923,3.889815445947313,10384
3009413,0,2446399,43.69375938623446,4247
3009414,1,2446464,39.51204395411395,16671
3009415,0,2446800,36.156454372182495,11398
3009416,0,2447105,18.13555817872501,13320
3009417,1,2447176,33.60493900668851,4511
3009418,0,2447215,74.28113856828963,13966
3009419,1,2447436,350.5963832599157,14575
3009420,1,2447762,18.545585104086413,11038
3009421,0,2447907,43.52881074730176,9394
3009422,0,2448002,13.459370498467438,16845
3009423,0,2448444,63.74968536243843,8511
3009424,1,2448557,74.301772090263,17263
3009425,0,2448977,7.235559464237095,5676
3009426,0,2449418,71.63591905063811,8618
3009427,0,2450033,38.44865185271949,13362
3009428,0,2450290,8.471983284405542,7357
3009429,0,2450387,15.65323131611536,6632
3009430,1,2450772,130.1700007708593,12726
3009431,0,2450868,1.1181170830649056,12616
3009432,0,2451192,73.301232159128,9876
3009433,1,2451196,191.73530537484694,3296
3009434,0,2451731,29.234217836264104,11044
3009435,1,2451901,7.416779652872975,17326
3009436,0,2452279,16.294886411491337,5297
3009437,1,2452380,246.6299496437749,16626
3009438,0,2452423,15.469051737712281,15101
3009439,1,2452448,12.9247204794466,9799
3009440,0,2452601,17.636637609618028,16163
3009441,0,2452782,69.24022154177284,11997
3009442,0,2453350,17.885823185711143,4425
3009443,0,2453387,103.85597714733477,10917
3009444,1,2453846,26.432818868828672,1839
3009445,0,2454083,6.265791569689004,12701
3009446,0,2454290,35.443903804244684,16730
3009447,0,2454491,159.15253001821154,3855
3009448,1,2454580,13.683475895651767,7663
3009449,0,2454819,110.63281855998899,9179
3009450,0,2454822,59.818048292602256,12618
3009451,1,2454992,23.734375297846572,12768
3009452,0,2455032,12.545038243435306,11222
3009453,0,2455321,48.25726732772926,16885
3009454,0,2455668,0.08790979577103725,8057
3009455,1,2455866,89.16221030893328,16679
3009456,0,2456254,10.309509630697208,3279
3009457,1,2456320,114.60525845174429,3847
3009458,0,2456710,1.071628218197671,15375
3009459,0,2456718,17.144933201323703,7062
3009460,0,2456935,2.077039634121312,2118
3009461,1,2457330,97.85533153400607,16789
3009462,0,2457637,1.5722648282095415,15861
3009463,1,2458260,70.74759400728409,15752
3009464,0,2459094,1.8154164011495988,15784
3009465,0,2459145,3.011948305813166,15162
3009466,0,2459298,31.271611027058267,4687
3009467,0,2459390,51.086856037827175,4839
3009468,1,2459508,28.461155999306463,1383
3009469,0,2459859,31.39146233656612,13535
3009470,0,2459860,21.709685804698903,3037
3009471,0,2460270,26.987864963793612,8559
3009472,0,2460789,35.19057784505851,4189
3009473,0,2460857,6.527479114024604,8189
3009474,0,2461000,24.629639279813816,12464
3009475,0,2461012,69.39735260843909,17238
3009476,1,2461079,54.34902213556961,3296
3009477,0,2461126,76.44534541768873,1025
3009478,0,2461206,80.14910603931378,9901
3009479,0,2461722,68.63132088020363,5261
3009480,0,2461787,25.589216888590492,4984
3009481,0,2462016,81.08660195866021,6265
3009482,0,2462074,30.612963314309134,5479
3009483,1,2462299,98.14930427643708,1594
3009484,0,2463033,3.5251635818741835,13634
3009485,0,2463127,1.9094716143749493,3042
3009486,0,2463148,1.7367174013046296,16972
3009487,0,2463413,81.66361359447271,1389
3009488,1,2463562,34.809650144117235,16771
3009489,0,2463695,49.2449991249801,7576
3009490,0,2463769,58.018983232851305,15601
3009491,1,2464079,2.4248696695062333,12864
3009492,0,2464166,17.35725490321153,17847
3009493,1,2464184,202.13380285804968,3222
3009494,1,2464502,145.0026141413433,12811
3009495,1,2464505,1.9568925346333044,14196
3009496,0,2464626,57.632586585126845,12112
3009497,0,2464833,2.2458586356770507,16541
3009498,0,2464948,66.91169568485152,5949
3009499,1,2464956,108.36419760352362,17484
3009500,0,2465066,68.48752917595914,15810
3009501,0,2465244,20.32894363013428,12253
3009502,0,2465520,46.604525759826835,5919
3009503,0,2466654,94.11190710062226,16946
3009504,0,2466655,33.29143338822958,3316
3009505,0,2467006,69.57969661227882,15116
3009506,0,2467212,23.32431103921827,3440
3009507,1,2468233,5.194906820598141,6802
3009508,0,2468379,14.417989068934503,13141
3009509,0,2468569,16.25470054756893,8064
3009510,1,2468814,87.48184465914319,8902
3009511,1,2469312,183.07906871891376,14341
3009512,1,2469531,43.87642152795016,6624
3009513,1,2469575,175.42051864300458,14851
3009514,0,2469606,50.50245362447411,9583
3009515,1,2469641,37.62191022608341,14497
3009516,1,2469710,34.18151867897107,13538
3009517,1,2470125,16.29354541352784,2288
3009518,1,2470230,12.801427173346774,8332
3009519,1,2470651,21.657882392730492,4133
3009520,0,2471043,26.406547543358084,16911
3009521,1,2471455,44.8964495684758,13500
3009522,0,2471645,31.85263368936686,7237
3009523,0,2471694,12.748208395367552,15192
3009524,1,2471874,21.602108436056906,1767
3009525,0,2472270,102.86952584087766,8388
3009526,1,2472502,44.57043711971972,6050
3009527,0,2472570,172.4966234572638,11004
3009528,0,2472936,32.47562503625931,1542
3009529,0,2472961,56.07983641049468,8571
3009530,0,2473301,9.965836400869888,6839
3009531,0,2473421,21.67455389005905,13719
3009532,0,2473834,5.951714424819579,11759
3009533,1,2474607,260.209516417797,9644
3009534,1,2474799,25.329874105765814,1697
3009535,1,2475261,23.045732471358527,6110
3009536,1,2475426,75.71439042320523,5240
3009537,0,2475523,60.3063674016475,4519
3009538,0,2475621,5.692408151129476,5750
3009539,1,2475828,26.712509231112286,13147
3009540,0,2476005,32.83792276788907,13773
3009541,0,2476069,7.956849743725231,9936
3009542,0,2476326,7.363769603035958,1423
3009543,0,2476511,2.3077813924682213,13370
3009544,1,2476829,71.17548350156947,11890
3009545,1,2476962,8.872604857409437,1578
3009546,0,2477165,102.9675650083634,8199
3009547,0,2477405,12.314274830157489,3992
3009548,1,2477446,54.8714754017162,17336
3009549,0,2477580,3.4686645807322827,12397
3009550,0,2477681,47.52161678967671,9411
3009551,0,2478295,85.47407448070857,4827
3009552,0,2478517,20.82882442268663,8908
3009553,0,2478735,22.13452323378844,10503
3009554,1,2478739,76.93305469804426,9445
3009555,0,2478873,19.185825923426833,3488
3009556,0,2479221,64.1822555101868,5854
3009557,0,2479331,5.351033365142343,11320
3009558,0,2479758,15.303858364845432,9298
3009559,0,2479976,11.833393415322817,1747
3009560,0,2480378,9.417525626968061,12417
3009561,0,2480560,3.3607105630048735,14094
3009562,1,2480564,57.27765588354562,1762
3009563,1,2480575,7.159855473684712,4858
3009564,1,2480661,74.44454960601294,9432
3009565,0,2480716,309.91761158271396,10638
3009566,1,2481172,3.6998624918452157,8139
3009567,0,2482028,56.71494909256477,15118
3009568,1,2483054,16.295687256124843,4553
3009569,1,2483467,26.59026035836776,2735
3009570,0,2483661,43.564544929939416,14071
3009571,0,2483994,2.1130392616730544,12061
3009572,0,2484140,256.18453434169817,12050
3009573,0,2484394,7.8977272651451225,7549
3009574,0,2484876,10.107488326522926,10693
3009575,0,2484955,4.893248567923561,9188
3009576,1,2485164,32.87244022597307,15570
3009577,1,2485323,205.88231590415808,12648
3009578,1,2486600,2.4483867138331767,3130
3009579,1,2486656,14.41865631972869,2453
3009580,0,2486669,23.343451196354508,6318
3009581,0,2487289,44.85808055865279,12285
3009582,0,2487364,7.832237793473188,4429
3009583,1,2487416,5.166173389457842,8848
3009584,0,2487563,25.631942439298356,15866
3009585,0,2487718,24.931024947420443,1817
3009586,0,2487909,175.40205207359276,16047
3009587,0,2488546,23.527569992108244,2073
3009588,0,2488636,34.046341252007515,7408
3009589,0,2488790,38.20414499200071,9990
3009590,1,2488799,14.215336162290292,13776
3009591,0,2489434,6.232919427648486,3576
3009592,0,2489462,1.9886212191618797,1074
3009593,0,2489590,77.63648185420124,6871
3009594,0,2489960,15.21737735006486,2827
3009595,0,2490214,73.18186753229911,13516
3009596,1,2490766,61.037869228566876,15149
3009597,1,2490792,30.038417389340783,13450
3009598,1,2490815,80.86304132398836,1003
3009599,0,2491128,19.16301640005297,15926
3009600,0,2491258,29.698362499330212,16368
3009601,1,2491736,80.26072938776319,9712
3009602,0,2491875,7.952972273824269,1658
3009603,0,2491884,17.88877147157109,13866
3009604,0,2491930,97.96446344571055,17673
3009605,0,2492185,11.625873655232871,9093
3009606,1,2492307,48.50629968077429,15344
3009607,0,2492437,54.9657443890495,9162
3009608,0,2493113,34.39927048627786,6211
3009609,1,2493365,37.966016949221334,11415
3009610,0,2493425,124.55333303722614,1062
3009611,0,2493627,10.567226935807863,13868
3009612,0,2493880,111.09390533088617,13359
3009613,1,2494377,26.09040175214285,13824
3009614,1,2494401,3.5565161767634144,13111
3009615,0,2494410,52.2942948376901,8753
3009616,0,2494592,14.464762015511676,16588
3009617,0,2494936,78.77189042209208,6648
3009618,1,2495229,3.543092506140779,2387
3009619,1,2495456,122.35542923024214,7437
3009620,0,2495468,11.216968894394833,6674
3009621,0,2495555,30.23626184020808,8169
3009622,1,2495873,66.17604755164714,15717
3009623,1,2495933,1.6586098104833529,11004
3009624,0,2496264,28.32966049671828,9798
3009625,0,2496513,26.169211091450773,17491
3009626,0,2496742,80.3566043396322,16195
3009627,1,2496977,38.707646404124944,11199
3009628,0,2497238,21.63772499333928,3351
3009629,0,2497793,47.058887140512525,14261
3009630,1,2497817,160.05163386212675,15505
3009631,0,2497925,9.538322308410754,2430
3009632,0,2498140,26.42672774727075,6687
3009633,1,2498601,55.617131210036305,9656
3009634,1,2498831,31.745503669268064,16333
3009635,0,2498987,1.4461590591948954,13419
3009636,1,2499287,280.3450992067211,9239
3009637,0,2499304,7.952945352295739,4774
3009638,0,2499475,4.589917356789627,10168
3009639,0,2499619,12.221869218564892,9280
3009640,0,2499628,33.1896309895369,6666
3009641,1,2499908,4.859022064004593,2827
3009642,0,2499982,25.512074950491197,15760
3009643,0,2500213,8.206665261727366,17020
3009644,0,2500411,80.75963329351956,9546
3009645,0,2500502,9.402885956242969,12045
3009646,0,2500821,9.109822012989204,5868
3009647,0,2500858,1.873540676235931,12327
3009648,1,2500960,14.707555621162161,15298
3009649,0,2501015,11.987159274036081,7351
3009650,1,2501551,52.517999421815276,14974
3009651,1,2502136,7.83767580856844,8920
3009652,0,2502425,14.71161759357948,2155
3009653,0,2502607,8.477619810089616,8864
3009654,0,2503193,95.63581927589138,16264
3009655,0,2503492,42.12780699555452,12149
3009656,0,2503766,10.534408562171778,14342
3009657,1,2504477,51.52911455531668,3283
3009658,1,2504711,117.33398511621186,12543
3009659,0,2504802,12.921826165797375,15414
3009660,1,2504832,40.93037771184515,4093
3009661,1,2504910,113.75844042418113,16536
3009662,0,2504922,40.074382104119394,3530
3009663,0,2505172,134.9491078341893,4784
3009664,0,2505346,26.80021353797808,3869
3009665,0,2505401,20.13302507937254,11745
3009666,0,2505572,2.3090646477709837,1917
3009667,1,2505577,55.38575380391874,9969
3009668,1,2506713,23.481278450969842,7935
3009669,0,2506715,61.84178664214506,5390
3009670,0,2506741,54.306775207943744,1158
3009671,1,2506937,133.36187389970524,10730
3009672,1,2507087,63.845668469137436,5112
3009673,1,2507950,112.74824378029409,15860
3009674,0,2507986,44.84408719175207,13808
3009675,0,2508470,36.4892604339805,8711
3009676,0,2508654,17.34818368032616,3910
3009677,1,2508726,258.1027352893454,2451
3009678,0,2508794,48.18277769073713,6435
3009679,0,2509242,6.171924204708988,15498
3009680,1,2509538,13.540253778161372,2076
3009681,0,2509727,18.212341981358833,10363
3009682,1,2510458,75.94178855577105,5365
3009683,0,2510470,26.72668302512734,15268
3009684,0,2510611,87.95025125269608,1385
3009685,0,2511164,45.20375614426276,7396
3009686,0,2511798,68.9020458663063,4332
3009687,0,2512043,156.72925968743584,9708
3009688,0,2512094,11.272188891381024,15539
3009689,0,2512200,23.32115727679586,6556
3009690,1,2512269,29.554402984518045,17330
3009691,1,2512593,67.63341538240869,7601
3009692,0,2512694,7.348901099156661,6423
3009693,0,2513127,72.91583740284672,3530
3009694,0,2513155,140.95848564018365,8979
3009695,0,2513220,4.08640360192925,2425
3009696,1,2513397,44.97174757307456,3487
3009697,1,2513744,5.798304175325841,14271
3009698,1,2513772,110.26689753455987,16927
3009699,1,2514444,13.181736451869796,10064
3009700,1,2514806,23.85346693176194,16955
3009701,1,2514884,107.30236641500316,15194
3009702,1,2514990,5.369749609074886,10697
3009703,1,2515602,116.28316115253683,14519
3009704,0,2515877,3.574388835386412,10961
3009705,1,2516395,43.0095371156515,13540
3009706,1,2516567,38.533729179371406,3814
3009707,0,2517037,122.18355930378415,15300
3009708,0,2517102,17.472956751905116,11488
3009709,0,2517277,103.70223285987903,4361
3009710,0,2517491,22.316687114212204,11758
3009711,0,2517832,22.447590389058096,12509
3009712,1,2518717,76.37193952965616,10903
3009713,0,2519188,14.73363596203633,6239
3009714,1,2519668,32.551619896507766,11250
3009715,0,2519668,24.13045447370572,9903
3009716,1,2520691,42.92680641361045,2263
3009717,0,2520699,58.98239958653696,16108
3009718,0,2520702,35.828155622065836,8928
3009719,0,2520798,4.992987324765459,14453
3009720,0,2520976,19.12246494710056,5442
3009721,0,2521695,27.126457853153376,10978
3009722,0,2521854,21.818235316497177,9657
3009723,0,2521942,2.888950653710776,2628
3009724,0,2522493,18.27946590657814,3785
3009725,1,2522535,49.39413201361718,1340
3009726,1,2522559,39.686557404405306,9723
3009727,0,2522590,37.83508385516969,8769
3009728,0,2522600,90.91624134936744,17499
3009729,0,2522624,31.866855343197876,15306
3009730,0,2522901,152.42817996039807,10544
3009731,0,2523144,19.372889228811154,7473
3009732,1,2523176,112.48798303117222,2812
3009733,1,2523552,84.25392062560165,3036
3009734,0,2523822,11.579523694614574,4517
3009735,0,2523971,14.951621302985021,7677
3009736,0,2524564,20.44307457271495,3727
3009737,0,2524901,30.73158932251702,17071
3009738,1,2525150,33.478000106382765,15042
3009739,0,2525332,1.368470115712823,14107
3009740,0,2525367,26.250799857030348,13854
3009741,0,2525448,9.888576593701107,12465
3009742,0,2525798,60.82630932845399,8309
3009743,0,2525935,2.5041553357643336,7823
3009744,0,2526360,62.95447810714826,11653
3009745,0,2526376,25.938962249151214,9003
3009746,0,2526587,24.47358036662925,1696
3009747,1,2526910,35.70952267678763,13450
3009748,1,2527246,19.09590339364358,8629
3009749,0,2527642,116.37058472068757,9002
3009750,1,2527660,26.31330120243607,3277
3009751,1,2527858,0.9575112315130582,1244
3009752,0,2528249,52.10050834828963,8624
3009753,0,2528832,1.0469169793001503,11671
3009754,0,2528931,43.754552261851735,4696
3009755,0,2528960,96.07680029142071,7160
3009756,0,2529158,14.216422418535949,11274
3009757,0,2529671,101.989000891057,9991
3009758,0,2529745,83.75635375212877,11245
3009759,1,2529901,103.04204588717008,1563
3009760,0,2529949,51.58453077199182,2131
3009761,1,2530007,73.92206117491021,8813
3009762,0,2530322,101.83583280892694,7398
3009763,1,2530599,83.60346345706647,9347
3009764,0,2530995,17.01265826136453,14086
3009765,0,2531091,97.0456718742361,5051
3009766,1,2531127,79.41518342599227,7182
3009767,0,2531127,58.89936723140471,2177
3009768,0,2531260,64.56426722343744,17924
3009769,0,2531368,234.38823476990933,13575
3009770,0,2531555,52.1005027569457,2187
3009771,0,2532014,60.83524399902526,2625
3009772,1,2532088,83.16518258403669,17544
3009773,1,2532109,1.5291085742588255,5965
3009774,0,2532929,10.873225676726198,5223
3009775,0,2533094,98.5855239123164,5404
3009776,0,2533242,64.49711077048505,7775
3009777,0,2533613,4.944225899990989,12621
3009778,0,2533678,71.18099301766719,12775
3009779,0,2533997,63.47094588338757,13077
3009780,0,2534137,102.6419726001689,1370
3009781,0,2534490,38.42941911002778,3485
3009782,1,2534636,97.7980454699722,6771
3009783,0,2534850,54.98733412764594,15023
3009784,0,2534867,31.48395347896641,9098
3009785,1,2535478,160.67226740146066,5591
3009786,0,2535932,46.41502777721499,15345
3009787,0,2536091,0.49261832039192127,11387
3009788,0,2536646,28.224257640010265,16115
3009789,1,2536646,252.66929688679386,9970
3009790,0,2537137,130.35997927084085,4079
3009791,0,2537239,39.198206092368196,10638
3009792,0,2537316,40.43298237497059,4127
3009793,1,2537487,3.9752077660189733,8709
3009794,1,2538123,44.74745255288404,12646
3009795,1,2538390,34.846332136334645,1519
3009796,0,2539018,1.172603702740462,2714
3009797,1,2539130,56.37458810741354,11382
3009798,0,2539233,72.7757577064905,6750
3009799,1,2539324,143.6824209230118,3488
3009800,1,2539328,17.456199840363404,12448
3009801,0,2539678,4.96741620230446,17095
3009802,1,2539734,62.472087518872755,3501
3009803,0,2540112,35.1401192729964,14134
3009804,0,2540964,19.146606808248936,12151
3009805,0,2541083,55.98488983799529,3578
3009806,0,2541167,98.15914848837643,16522
3009807,1,2541510,19.934696720472296,17860
3009808,0,2541851,8.236080716289205,11023
3009809,1,2542044,40.83230172735964,15558
3009810,1,2542567,17.04748647760899,3295
3009811,0,2542609,33.21496607484305,8427
3009812,0,2542869,22.85735770656175,5859
3009813,0,2543090,0.0873061308925314,10392
3009814,0,2543096,9.454950105524945,8085
3009815,0,2543243,158.42354272186577,6890
3009816,0,2544075,16.960811207730224,4469
3009817,1,2544551,84.49306120439519,1302
3009818,0,2544841,7.64829251833441,14874
3009819,0,2545609,0.3554576969353551,15702
3009820,1,2546076,129.6579154441633,17884
3009821,0,2546523,0.8582115535298637,8032
3009822,1,2546611,78.4870144273203,15135
3009823,0,2546858,102.25924989038487,17913
3009824,0,2547304,18.858947164573916,17952
3009825,0,2547309,133.36121718945807,9313
3009826,1,2547545,53.917251716807,12964
3009827,0,2547767,48.080013091647345,16644
3009828,1,2547771,54.689491442606474,6971
3009829,1,2547922,294.31431945532506,12050
3009830,1,2548002,24.10290484137606,2007
3009831,0,2548164,69.17140924648446,10339
3009832,0,2548478,97.05214916416615,11476
3009833,0,2548968,11.626385128047458,5355
3009834,1,2549226,178.3539811269799,11470
3009835,0,2549692,21.855172994221935,14477
3009836,1,2550203,88.49933973352269,10683
3009837,0,2550563,10.101551155549279,8421
3009838,0,2550798,31.7141165216891,15332
3009839,0,2550817,79.92783102192803,14742
3009840,0,2551434,102.67725151177567,14552
3009841,0,2551508,11.798282034000005,6345
3009842,0,2551656,18.438262995132266,4848
3009843,0,2552023,24.49372391805219,3529
3009844,0,2552040,3.449955178500013,5534
3009845,0,2552712,71.66615738879494,11098
3009846,1,2552984,31.115393748309135,1293
3009847,0,2553141,154.57809711035554,8764
3009848,0,2553246,4.350294498027572,9757
3009849,1,2553321,147.57471474044164,6336
3009850,0,2553678,1.093961545892976,2854
3009851,0,2553850,21.66485747445492,10465
3009852,0,2553868,64.60997924711478,10527
3009853,1,2554119,303.0850893165509,6739
3009854,0,2554153,60.23234118567511,17247
3009855,0,2554372,103.97848295043661,17505
3009856,0,2554722,2.9047778719178114,17744
3009857,0,2555181,47.439219244122555,11109
3009858,0,2555189,48.674376582885415,13408
3009859,0,2555595,17.219217409395824,10239
3009860,0,2555731,12.205272062924953,13330
3009861,0,2556082,64.28044379843307,3610
3009862,0,2556708,123.14945055434443,15507
3009863,0,2556866,43.3291669418854,6130
3009864,0,2557025,81.39886819681023,9446
3009865,0,2557513,45.24700951828009,8521
3009866,1,2557843,114.62514852927215,2338
3009867,0,2558035,67.21623858956912,17376
3009868,1,2558075,24.83532958727303,2921
3009869,1,2558096,19.73733916977148,3106
3009870,1,2558128,19.01320157657591,10843
3009871,0,2558194,35.02560248559368,15762
3009872,1,2558449,53.9877198250843,7939
3009873,0,2558539,60.0727362176848,13287
3009874,0,2558559,44.867528579300995,16141
3009875,1,2558659,22.46994466763155,5421
3009876,0,2558769,102.72306374982023,5671
3009877,1,2559220,95.56807572991012,5265
3009878,0,2559363,2.105190287340195,15071
3009879,0,2559377,113.65654770753257,16304
3009880,1,2560589,155.03929056464054,16881
3009881,0,2561075,102.52470181414817,12182
3009882,1,2561205,91.71737557350184,13404
3009883,1,2561714,97.5199562971569,9543
3009884,0,2561848,8.810779591199081,14006
3009885,0,2562111,35.32635901947686,8961
3009886,0,2562565,13.237902923259531,1958
3009887,0,2562819,1.3402276151872738,5422
3009888,1,2563469,0.4252075788365662,16037
3009889,0,2563689,12.27965678264508,13778
3009890,0,2563869,55.31355766274457,15678
3009891,0,2564367,1.9436177085272528,1213
3009892,0,2564525,19.61263356757532,16293
3009893,0,2564535,127.51940835543158,10489
3009894,0,2564878,5.056083504869894,16096
3009895,1,2564918,15.452353175177233,15361
3009896,1,2564996,114.36487118628828,9240
3009897,1,2565201,76.3945255757491,12469
3009898,0,2565745,15.052710368310262,12903
3009899,1,2566534,60.80702321845054,3188
3009900,1,2566849,0.39581146595026007,7626
3009901,0,2566875,19.72136009305712,5534
3009902,0,2566924,12.310372490924362,2069
3009903,0,2567387,90.15299716146865,1330
3009904,0,2567424,15.258495886790193,12684
3009905,0,2567725,5.019681424814994,14837
3009906,0,2567778,14.987279734661247,17831
3009907,1,2567870,126.49891676740796,14278
3009908,0,2567962,80.12375337984597,8080
3009909,0,2568239,203.87501096256292,16057
3009910,0,2568400,38.715452835744216,7963
3009911,0,2568689,46.63378243390302,12242
3009912,0,2568917,16.364664213402744,13366
3009913,0,2569207,28.14481825609007,17628
3009914,0,2569581,7.631534206480403,12595
3009915,1,2569627,5.5261978606002815,12532
3009916,1,2569795,8.705092161284146,10832
3009917,0,2569881,61.82506196271519,9544
3009918,0,2569892,18.76887674728999,1281
3009919,0,2570746,45.25131721047496,16659
3009920,1,2572138,37.87617252340304,3468
3009921,0,2572160,185.423275171039,1332
3009922,0,2572163,25.84335370040533,12165
3009923,0,2572201,57.53579579883181,14908
3009924,0,2572544,33.6203663737538,14148
3009925,0,2572556,19.625203144418485,3277
3009926,1,2572661,7.258135375115532,11710
3009927,1,2572991,20.568401699375844,13641
3009928,1,2573381,0.44994939674602963,15210
3009929,0,2573647,16.674743348351942,15094
3009930,0,2573752,60.30984696751134,1749
3009931,0,2573830,40.012403319656286,7576
3009932,0,2573866,51.948333315723204,8171
3009933,0,2573908,66.45544266943914,14039
3009934,0,2574055,0.03647916856863651,2315
3009935,0,2574476,71.12179619976452,12343
3009936,1,2574587,59.49217405759886,13508
3009937,0,2574617,45.29351829285754,9609
3009938,0,2574776,46.20142343122821,14523
3009939,1,2574979,48.726181843899944,12514
3009940,1,2575284,15.159211848283839,17115
3009941,0,2575725,22.186282871904737,10513
3009942,0,2576465,81.39520209739656,4973
3009943,1,2576525,60.72982701548092,16829
3009944,1,2576559,50.51949952444864,11719
3009945,0,2576890,25.584865762660964,5346
3009946,1,2577008,109.66262012022119,5595
3009947,1,2577103,26.10974486708157,15234
3009948,0,2577179,25.523568383408545,17070
3009949,0,2577202,15.359235621549361,2654
3009950,1,2577679,56.9445429163606,12634
3009951,1,2578067,189.04228630485505,9237
3009952,0,2578662,51.022638591188155,4057
3009953,0,2579782,43.815638955656986,10642
3009954,1,2579876,80.88212986592703,11389
3009955,1,2580042,43.28582027850398,5832
3009956,0,2580125,4.02922655264555,7820
3009957,0,2580295,1.6450685342995566,15425
3009958,1,2580304,20.946158706195174,4095
3009959,0,2581506,12.77885842941551,10923
3009960,0,2582182,38.876817613515016,8908
3009961,0,2582476,167.88094563406258,11313
3009962,0,2582796,82.29912380721545,13957
3009963,0,2582809,11.24440143570799,2266
3009964,0,2582884,88.18898757649002,4120
3009965,0,2583089,10.764245762967382,5128
3009966,0,2583316,66.98823862349784,17831
3009967,0,2584257,18.904179165069657,15565
3009968,1,2584274,14.266035103196021,2621
3009969,0,2584574,59.917031557528055,6594
3009970,0,2585886,84.7110872215523,15446
3009971,0,2586087,10.561995121410115,8825
3009972,0,2586134,12.51236293561716,15967
3009973,0,2586617,5.4455952074306255,15927
3009974,1,2586968,33.0019853466755,16529
3009975,0,2587114,99.38101986283962,9498
3009976,1,2587361,4.577394004168389,12190
3009977,0,2587368,5.133606298262933,16366
3009978,0,2587444,64.40427794373798,14029
3009979,0,2587624,9.394721037151756,15573
3009980,0,2588291,38.51627325400902,14047
3009981,0,2588373,7.0731055808929115,2941
3009982,1,2588465,72.63766390491301,10219
3009983,0,2588952,30.32918622991762,10912
3009984,0,2589145,4.185660346841775,6855
3009985,0,2589314,13.155959116878272,11113
3009986,0,2589836,28.741863178242895,4265
3009987,0,2590308,102.9097716651161,16509
3009988,0,2590436,11.649421495543981,1164
3009989,0,2590802,76.45174274316678,3743
3009990,0,2590852,84.82945581197612,11647
3009991,0,2590876,21.24494917671434,14547
3009992,1,2590960,15.471769086944779,8219
3009993,0,2590988,22.36858004237273,9238
3009994,0,2591158,31.461025874517397,17856
3009995,0,2591466,89.32857940088597,4591
3009996,0,2591518,109.60548799290082,15222
3009997,1,2591796,46.76587063254496,14307
3009998,0,2591897,30.024197962454448,9190
3009999,0,2591967,2.4287536497495203,2346
